"id","created_at","updated_at","deleted","page_id","reaction","created_by"
"004e28a7-ec7a-4a8a-bf40-d4b23fd13d33","2024-12-24T01:04:38.264771+00:00","2024-12-24T01:04:38.264771+00:00",false,"7de6a8eb-1e67-4f04-9a31-eaff9f42d621","{""items"":[{""x"":0.3948717166215975,""y"":0.5959715459019087,""z"":8,""id"":""6a247197-347c-4428-a8a2-2c4d2dd503dd"",""type"":""text"",""width"":0,""height"":0,""fontSize"":0.017772511848341232,""fontType"":""Calibri"",""rotation"":0,""fontColor"":""#FFC300"",""textContent"":""看起來有點像動漫七大罪的男主角""},{""x"":0.7230769230769231,""y"":0.471563981042654,""z"":4,""id"":""90bfab31-debc-479a-9053-0c79a07d8efa"",""type"":""text"",""width"":0,""height"":0,""fontSize"":0.018957345971563982,""fontType"":""Calibri-Bold"",""rotation"":0,""fontColor"":""#669bbc"",""textContent"":""藍莓口味""}]}","632e3d17-8713-46e9-ab1b-604bfa3ce11f"
"00666ca6-6dab-452f-aa2b-709265ac8101","2024-12-24T01:04:38.264771+00:00","2024-12-24T01:04:38.264771+00:00",false,"90b5cb2b-a04b-4833-8b24-831990e49920","{""items"":[{""x"":0.5177083333333333,""y"":0.9602584690537238,""z"":1,""id"":""186d1eb8-72be-400a-9808-06708671588f"",""type"":""reaction"",""scale"":1,""fontSize"":0.015610704483074106,""fontType"":""Calibri"",""rotation"":0,""fontColor"":""#000"",""textContent"":""你今天💩了嗎""}]}","eecd2083-81ee-4e52-a4cf-fd6687bd002d"
"008b4df9-8ad3-4eb1-8dbe-3139d0d40595","2024-12-24T01:04:38.264771+00:00","2024-12-24T01:04:38.264771+00:00",false,"d6d14fa7-0e9b-40f6-bcd3-41f9b01a744c","{""items"":[{""x"":0.5008888753255208,""y"":0.7910509156476101,""z"":1,""id"":""c5f6cc5b-1109-450b-96f3-63c1af0d31b4"",""type"":""reaction"",""scale"":1,""fontSize"":0.03694581280788178,""fontType"":""Calibri"",""rotation"":0,""fontColor"":""#ffffff"",""textContent"":""💩😘🉐""},{""x"":0.22355558268229167,""y"":0.22454845259342288,""z"":1,""id"":""ec22ab54-9c28-4df8-85a0-6289c0bbbeca"",""type"":""reaction"",""scale"":1,""fontSize"":0.020935960591133004,""fontType"":""Calibri-Light"",""rotation"":0,""fontColor"":""#c1121f"",""textContent"":""考試加油 送你好運貓貓🐱""}]}","2bdbc127-920a-432e-b1b6-1fa1ed6687a1"
"00946bb5-e40e-433f-9b19-366d2e8df38e","2024-12-24T01:04:38.264771+00:00","2024-12-24T01:04:38.264771+00:00",false,"17b53baf-d263-4bee-ae20-fab13f857dbf","{""items"":[{""x"":0.41777779134114584,""y"":0.48419539916691523,""z"":1,""id"":""5130da24-4576-4813-9dfc-e927bd0ad3d0"",""type"":""reaction"",""scale"":1,""fontSize"":0.024561361521563525,""fontType"":""Calibri-Bold"",""rotation"":0,""fontColor"":""#669bbc"",""textContent"":""力菁你好👋""},{""x"":0.34177779134114583,""y"":0.3247126593378377,""z"":1,""id"":""a9e4f052-4615-4646-90b6-9a6087022d46"",""type"":""reaction"",""scale"":1,""fontSize"":0.020616055293018073,""fontType"":""Calibri-Bold"",""rotation"":0,""fontColor"":""#000"",""textContent"":""有人煮飯真的好快樂""}]}","632e3d17-8713-46e9-ab1b-604bfa3ce11f"
"0228d16b-9238-4717-8e69-3eddd81a0790","2024-12-24T01:04:38.264771+00:00","2024-12-24T01:04:38.264771+00:00",false,"222a7da9-c400-4283-bae5-e2d040410019","{""items"":[{""x"":0.2875318066157761,""y"":0.7789514747583814,""z"":4,""id"":""41209710-0c59-4af6-950c-64fe65767dc4"",""type"":""text"",""width"":0,""height"":0,""fontSize"":0.011737089201877934,""fontType"":""Calibri"",""rotation"":0,""fontColor"":""#000"",""textContent"":""沒關係 咱們就是說\n各有各的人生 \n自己想追求什麼就追求 我們也只看到別人的一部分！\n好好休息灰常好🛏️🛏️🛏️ ""}]}","eecd2083-81ee-4e52-a4cf-fd6687bd002d"
"0322c681-e01c-4373-b393-55edee2aa554","2024-12-24T01:04:38.264771+00:00","2024-12-24T01:04:38.264771+00:00",false,"0b270a0b-5b56-4246-afd9-1021f8787a7a","{""items"":[{""x"":0.5038461538461538,""y"":0.504739336492891,""z"":2,""id"":""473f9de3-db2e-4bb9-9ded-b61dffea269a"",""type"":""text"",""width"":0,""height"":0,""fontSize"":0.017772511848341232,""fontType"":""Calibri"",""rotation"":0,""fontColor"":""#c1121f"",""textContent"":""小姐你好漂亮""}]}","2bdbc127-920a-432e-b1b6-1fa1ed6687a1"
"03dca76e-9705-4e59-8c20-b023e6220498","2024-12-24T01:04:38.264771+00:00","2024-12-24T01:04:38.264771+00:00",false,"0b270a0b-5b56-4246-afd9-1021f8787a7a","{""items"":[{""x"":0.5217948717948718,""y"":0.31714058826320024,""z"":5,""id"":""e5710096-483d-47dc-a769-e91487054e07"",""type"":""text"",""width"":0,""height"":0,""fontSize"":0.022511848341232227,""fontType"":""Calibri"",""rotation"":0,""fontColor"":""#ffffff"",""textContent"":""我在期待的是新鬍型""},{""x"":0.4371794871794872,""y"":0.5296208530805687,""z"":3,""id"":""51637dd0-c3dc-4108-ab69-53c8424d835c"",""type"":""text"",""width"":0,""height"":0,""fontSize"":0.024881516587677725,""fontType"":""Calibri"",""rotation"":0,""fontColor"":""#c1121f"",""textContent"":""你的皮膚好好""}]}","a6300bac-4d56-49f3-9e9e-a3919a9bd8cf"
"03e181b6-ebea-411a-ae9b-90ac3ac47ae8","2024-12-24T01:04:38.264771+00:00","2024-12-24T01:04:38.264771+00:00",false,"b2b0958b-9e6e-4ad2-9b44-89de7d093b74","{""items"":[{""x"":0.10289350615607375,""y"":0.59400732541237,""z"":3,""id"":""c2ddf149-2c2a-4e53-9854-d71dbf1a80bd"",""type"":""text"",""width"":0,""height"":0,""fontSize"":0.021614821591948757,""fontType"":""Calibri"",""rotation"":0,""fontColor"":""#c1121f"",""textContent"":""請問附圖是該同事嗎""}]}","632e3d17-8713-46e9-ab1b-604bfa3ce11f"
"03e9145a-5138-4565-9744-d5e427a07b25","2024-12-24T01:04:38.264771+00:00","2024-12-24T01:04:38.264771+00:00",false,"353b46de-0c0f-4257-8de8-b0be2cfa7be6","{""items"":[{""x"":0.38931622627453843,""y"":0.21998419015893483,""z"":4,""id"":""56d98a59-75b3-4543-a84c-62d8ab6bce05"",""type"":""text"",""width"":0,""height"":0,""fontSize"":0.011848341232227487,""fontType"":""Calibri"",""rotation"":0,""fontColor"":""#c1121f"",""textContent"":""那什麼時候可以等到麥可的鬍子更新""}]}","2bdbc127-920a-432e-b1b6-1fa1ed6687a1"
"052e1bcc-e519-4e3d-801c-d63d9d8438a3","2024-12-24T01:04:38.264771+00:00","2024-12-24T01:04:38.264771+00:00",false,"e361b301-adb1-4502-851c-70f8d94984ed","{""items"":[{""x"":0.2823495493994829,""y"":0.59400732541237,""z"":5,""id"":""7a977379-5e5b-418a-9f66-d4c037906743"",""type"":""text"",""width"":0,""height"":0,""fontSize"":0.016811527904849032,""fontType"":""Calibri"",""rotation"":0,""fontColor"":""#c1121f"",""textContent"":""超好笑有多痛苦❓\n反而是很想回去上學\n除了考試一切都很美好的時候""},{""x"":0.08628472222222232,""y"":0.6876715523108147,""z"":7,""id"":""9972885f-2342-48e8-ada7-0e907a66dabd"",""type"":""text"",""width"":0,""height"":0,""fontSize"":0.014409881061299172,""fontType"":""Calibri-Bold"",""rotation"":0,""fontColor"":""#c1121f"",""textContent"":""前幾天夢到被朋友招待去17的飯局跟13個帥哥吃飯\n雖然我沒飯但大家都好帥\n我不小心ㄏㄏㄏ的笑醒了""},{""x"":0.2151041666666669,""y"":0.4611161939615735,""z"":3,""id"":""73a70009-7e9f-464b-b726-b2e224aaf0dc"",""type"":""text"",""width"":0,""height"":0,""fontSize"":0.016811527904849032,""fontType"":""Calibri"",""rotation"":0,""fontColor"":""#ffffff"",""textContent"":""你們家走可可夜總會風🎄""}]}","a6300bac-4d56-49f3-9e9e-a3919a9bd8cf"
"057b4f38-9d01-4bbd-b1e6-fd2b449b335f","2024-12-24T01:04:38.264771+00:00","2024-12-24T01:04:38.264771+00:00",false,"b31a0db8-e5e3-4711-b706-735caf3738bf","{""items"":[{""x"":0.5742222696940105,""y"":0.9519704433497537,""z"":1,""id"":""03e1fae1-5675-479a-a88f-6284872938b3"",""type"":""reaction"",""scale"":1,""fontSize"":0.01931031176175027,""fontType"":""Calibri"",""rotation"":0,""fontColor"":""#669bbc"",""textContent"":""你可以的🥹🥹""},{""x"":0.49199993896484373,""y"":0.7352216842726533,""z"":1,""id"":""98aec01b-7e02-4486-ae42-ff7c168908ab"",""type"":""reaction"",""scale"":1,""fontSize"":0.013218459341584077,""fontType"":""PragmaticaExtended-Bold"",""rotation"":0,""fontColor"":""#000"",""textContent"":""托福真的很靠 \n成績拖超級無敵霹靂久才寄 還貴的要死\n以前忘記聽誰說 \n在托福相關單位工作都高薪又很閒""}]}","632e3d17-8713-46e9-ab1b-604bfa3ce11f"
"2380478e-3f2f-4b95-a697-b81e445d82f7","2024-12-24T01:04:38.264771+00:00","2024-12-24T01:04:38.264771+00:00",false,"714fcd02-523b-4f7c-95a1-f7f228e646fe","{""items"":[{""x"":0.15945718003289996,""y"":0.4820031358602461,""z"":1,""id"":""9a66e1a6-edc2-4a9a-a635-56135502d788"",""type"":""reaction"",""scale"":1,""fontSize"":0.02112676056338028,""fontType"":""Calibri"",""rotation"":0,""fontColor"":""#000"",""textContent"":""問就是不去 騷擾人的人都滾吧😍🔪""}]}","eecd2083-81ee-4e52-a4cf-fd6687bd002d"
"061eee0c-f274-4275-bd1c-b36b2b49ca6e","2024-12-24T01:04:38.264771+00:00","2024-12-24T01:04:38.264771+00:00",false,"29495586-37a5-45ae-ba10-7d53b5795039","{""items"":[{""x"":0.31711327834356534,""y"":0.8315316803601317,""z"":3,""id"":""dab5b580-e387-4a79-8c01-b69b0c0d386c"",""type"":""text"",""width"":0,""height"":0,""fontSize"":0.019704433497536946,""fontType"":""Calibri-Bold"",""rotation"":0,""fontColor"":""#FFC300"",""textContent"":""昨天工作到三點才回家的我是混蛋嗎""}]}","6eea90f5-325a-4ccf-aceb-3471c02914c0"
"069d6992-1140-4ca1-9bc9-ba0238f066fa","2024-12-24T01:04:38.264771+00:00","2024-12-24T01:04:38.264771+00:00",false,"d6d14fa7-0e9b-40f6-bcd3-41f9b01a744c","{""items"":[{""x"":0.11822220865885416,""y"":0.29064039408866993,""z"":1,""id"":""071ddb5b-ffde-4971-9ae6-6d15d1067f46"",""type"":""reaction"",""scale"":1,""fontSize"":0.023914475152929427,""fontType"":""Calibri-Bold"",""rotation"":0,""fontColor"":""#FFC300"",""textContent"":""㊗️高分金榜題名""},{""x"":0.05511114501953125,""y"":0.7266009758258688,""z"":1,""id"":""82f666a0-37dc-4fa2-93e4-5afac2f2739e"",""type"":""reaction"",""scale"":1,""fontSize"":0.013468185105000209,""fontType"":""Calibri-Bold"",""rotation"":0,""fontColor"":""#000"",""textContent"":""錢省下來但人快被逼瘋了的話怎麼活🥹\n快樂最重要！！""},{""x"":0.41200002034505206,""y"":0.5578817640032087,""z"":1,""id"":""f64167c0-f703-4b3b-b02d-d2a622726d3b"",""type"":""reaction"",""scale"":1,""fontSize"":0.019704433497536946,""fontType"":""Calibri-Bold"",""rotation"":0,""fontColor"":""#000"",""textContent"":""睡飽飽 值得""}]}","632e3d17-8713-46e9-ab1b-604bfa3ce11f"
"06a76898-92ff-421a-9a3c-d137fc40d202","2024-12-24T01:04:38.264771+00:00","2024-12-24T01:04:38.264771+00:00",false,"f9307b81-a257-4cce-8361-cefb6918ba32","{""items"":[{""x"":0.26577783203125,""y"":0.3222495957548395,""z"":1,""id"":""21ab0ca2-6be9-4bac-a5c0-73bb5dec65f4"",""type"":""reaction"",""scale"":1,""fontSize"":0.022550425855020498,""fontType"":""Calibri-Bold"",""rotation"":0,""fontColor"":""#FFF"",""textContent"":""你好棒！🥺🥺🥺\n這段時間辛苦了！！""}]}","632e3d17-8713-46e9-ab1b-604bfa3ce11f"
"095bc7a6-b2ad-4846-b8e4-4013ee69ec09","2024-12-24T01:04:38.264771+00:00","2024-12-24T01:04:38.264771+00:00",false,"6c6588d3-5ca4-4d7e-9074-c9133af37f28","{""items"":[{""x"":0.15436812150872697,""y"":0.5876369386771478,""z"":4,""id"":""50d2cd94-4d28-4979-9ed6-a98fd1d940bd"",""type"":""text"",""width"":0,""height"":0,""fontSize"":0.022300469483568074,""fontType"":""Calibri"",""rotation"":0,""fontColor"":""#669bbc"",""textContent"":""120偏扯""}]}","632e3d17-8713-46e9-ab1b-604bfa3ce11f"
"09973edc-f2be-4307-87b0-46feb1ba59ea","2024-12-24T01:04:38.264771+00:00","2024-12-24T01:04:38.264771+00:00",false,"37767298-43e4-4b05-8231-d127e44baa0f","{""items"":[{""x"":0.6209401448567743,""y"":0.2851501030944526,""z"":6,""id"":""beb1ca26-54aa-4761-b899-fd57ae742b05"",""type"":""text"",""width"":0,""height"":0,""fontSize"":0.035545023696682464,""fontType"":""Calibri"",""rotation"":0,""fontColor"":""#ffffff"",""textContent"":""👅""}]}","2bdbc127-920a-432e-b1b6-1fa1ed6687a1"
"09b7b65f-582f-4199-904c-2e347d08937e","2024-12-24T01:04:38.264771+00:00","2024-12-24T01:04:38.264771+00:00",false,"e22d9522-367d-49ac-9508-099ff6d095df","{""items"":[{""x"":0.11626159879896375,""y"":0.559583714547118,""z"":1,""id"":""59ddea76-ede8-42cd-9e16-6a5435c3a414"",""type"":""reaction"",""scale"":1,""fontSize"":0.09846752058554437,""fontType"":""Cour"",""rotation"":0,""fontColor"":""#ffffff"",""textContent"":""㊙️""},{""x"":0.7951967716217041,""y"":0.5359675144778405,""z"":1,""id"":""e3544cb9-c52d-4f54-8219-91b649777da5"",""type"":""reaction"",""scale"":1,""fontSize"":0.03602470265324794,""fontType"":""Calibri"",""rotation"":0,""fontColor"":""#ffffff"",""textContent"":""♻️""}]}","2bdbc127-920a-432e-b1b6-1fa1ed6687a1"
"0bad0df8-bda6-4c0d-88e0-474da8fe515e","2024-12-24T01:04:38.264771+00:00","2024-12-24T01:04:38.264771+00:00",false,"faae14aa-96ce-4a92-b31f-6e5d441c05f9","{""items"":[{""x"":0.19936015310394944,""y"":0.6771159693348895,""z"":1,""id"":""4b76308f-f7b1-4ab1-b478-7562da715ee0"",""type"":""reaction"",""scale"":1,""fontSize"":0.018779342723004695,""fontType"":""Calibri"",""rotation"":0,""fontColor"":""#c1121f"",""textContent"":""你可以上演防彈春日mv""}]}","6eea90f5-325a-4ccf-aceb-3471c02914c0"
"0bd6b4c8-4e56-4d41-9198-1f7434ce5441","2024-12-24T01:04:38.264771+00:00","2024-12-24T01:04:38.264771+00:00",false,"4e0c43e8-f0de-44d8-972e-aa5386223438","{""items"":[{""x"":0.5750636326447698,""y"":0.7656494642087551,""z"":1,""id"":""8e42f6f8-fe17-4d5d-bd34-382052685505"",""type"":""reaction"",""scale"":1,""fontSize"":0.013610200746804607,""fontType"":""Calibri-Bold"",""rotation"":0,""fontColor"":""#FFF"",""textContent"":""這比較像烤雞在買醉""},{""x"":0.25572519083969464,""y"":0.3613067322493719,""z"":1,""id"":""e2f750a1-5c0e-4a89-b9c5-e720072f4aa1"",""type"":""reaction"",""scale"":1,""fontSize"":0.020635809028561523,""fontType"":""Calibri-Bold"",""rotation"":0,""fontColor"":""#000"",""textContent"":""請問鬍子哪裡可以買""},{""x"":0.5000000194132176,""y"":0.4724178582849637,""z"":1,""id"":""e5a69e6d-8617-43f7-831a-c1d49e7ac9f3"",""type"":""reaction"",""scale"":1,""fontSize"":0.01819644819099572,""fontType"":""Calibri-Bold"",""rotation"":0,""fontColor"":""#000"",""textContent"":""午餐只有這個嗎 \n不行啦會餓死😭""}]}","632e3d17-8713-46e9-ab1b-604bfa3ce11f"
"109220fa-3ebf-497f-be86-a1d7c26e3605","2024-12-24T01:04:38.264771+00:00","2024-12-24T01:04:38.264771+00:00",false,"7274fbe1-b456-4f6a-9c0c-73752197417a","{""items"":[{""x"":0.45572916666666713,""y"":0.48753430924062197,""z"":2,""id"":""d616555d-9129-4d5d-9556-b855ebc876f4"",""type"":""text"",""width"":0,""height"":0,""fontSize"":0.02521729185727355,""fontType"":""Calibri-Bold"",""rotation"":0,""fontColor"":""#000"",""textContent"":""我也月經來\n動不了""}]}","a6300bac-4d56-49f3-9e9e-a3919a9bd8cf"
"1163a18e-a38b-489c-aeb1-941386c14d54","2024-12-24T01:04:38.264771+00:00","2024-12-24T01:04:38.264771+00:00",false,"e57af42e-4163-4170-bd2c-00ed03b3141e","{""items"":[{""x"":0.6350427089593349,""y"":0.749605061318637,""z"":1,""id"":""6e77e292-1d37-4796-a3ad-0f4f78c971bc"",""type"":""reaction"",""scale"":1,""fontSize"":0.035545023696682464,""fontType"":""Calibri"",""rotation"":0,""fontColor"":""#ffffff"",""textContent"":""❤️❤️❤️""},{""x"":0.11923074966821916,""y"":0.28001579176193164,""z"":1,""id"":""a717987d-db8d-476d-8478-bb63786f83af"",""type"":""reaction"",""scale"":1,""fontSize"":0.023696682464454975,""fontType"":""Calibri-Bold"",""rotation"":0,""fontColor"":""#000"",""textContent"":""幫集氣㊗️""},{""x"":0.8034188295022036,""y"":0.6236176874965288,""z"":1,""id"":""d94eec2c-e0cb-44ca-a353-94534707fdd2"",""type"":""reaction"",""scale"":1,""fontSize"":0.023696682464454975,""fontType"":""Calibri-Bold"",""rotation"":0,""fontColor"":""#000"",""textContent"":""很可""}]}","632e3d17-8713-46e9-ab1b-604bfa3ce11f"
"191faf4e-5722-4acf-9601-f1e278d14477","2024-12-24T01:04:38.264771+00:00","2024-12-24T01:04:38.264771+00:00",false,"2ddadd8c-88f8-46f4-8b48-25f3be12f9fa","{""items"":[{""x"":0.10299146603315308,""y"":0.790679298870936,""z"":3,""id"":""067b6b01-f17e-48c4-9265-9fd039bf654d"",""type"":""text"",""width"":0,""height"":0,""fontSize"":0.022511848341232227,""fontType"":""Calibri"",""rotation"":0,""fontColor"":""#c1121f"",""textContent"":""我們家之前停水有燒一壺超燙熱水\n再加大量冷水全家洗的經驗""}]}","a6300bac-4d56-49f3-9e9e-a3919a9bd8cf"
"1247d25f-f084-4421-b08d-90af5bbecfba","2024-12-24T01:04:38.264771+00:00","2024-12-24T01:04:38.264771+00:00",false,"13592c3e-4ec6-4acd-bd39-94cd7c3560fe","{""items"":[{""x"":0.319111083984376,""y"":0.676518877151564,""z"":6,""id"":""386c77ed-65b1-439f-88b0-4b8ee14f902f"",""type"":""text"",""width"":0,""height"":0,""fontSize"":0.013546798029556651,""fontType"":""Calibri"",""rotation"":0,""fontColor"":""#000"",""textContent"":""為什麼被踢很愛安定的生活這句話笑死\n很佩服尼ㄉ勇氣\n只要覺得「未來可能會後悔沒做」而趕緊行動\n現在的選擇就是當下的你所能做的最佳選擇！\n追求自己的理想就是最棒的！\n不管理想是躺在家當米蟲還是買房還是周遊列國\n適合自己、瞭解自己的方案就是最好的☺️""}]}","eecd2083-81ee-4e52-a4cf-fd6687bd002d"
"1348ee13-520b-4021-b338-cfb0275233e6","2024-12-24T01:04:38.264771+00:00","2024-12-24T01:04:38.264771+00:00",false,"0a07e3dc-24ab-4632-a89b-dc5bdb9263c3","{""items"":[{""x"":0.44401710705879405,""y"":0.5414691943127962,""z"":1,""id"":""3d78140c-4dee-4fea-be1a-881574a6ec59"",""type"":""reaction"",""scale"":1,""fontSize"":0.035545023696682464,""fontType"":""Calibri"",""rotation"":0,""fontColor"":""#ffffff"",""textContent"":""💩""},{""x"":0.40641029553535657,""y"":0.6105845302202125,""z"":1,""id"":""3813f4a6-dc33-4938-bcfa-a744dcefefa5"",""type"":""reaction"",""scale"":1,""fontSize"":0.023696682464454975,""fontType"":""Calibri-Light"",""rotation"":0,""fontColor"":""#000"",""textContent"":""乾我對面同事也感冒謝謝""},{""x"":0.06452988844651442,""y"":0.47946288122385033,""z"":1,""id"":""33ef9433-ad51-437c-a637-aa59935a1504"",""type"":""reaction"",""scale"":1,""fontSize"":0.022511848341232227,""fontType"":""Calibri-Bold"",""rotation"":0,""fontColor"":""#c1121f"",""textContent"":""早上好中國現在我有冰淇淋""},{""x"":0.30470088078425484,""y"":0.5260663507109005,""z"":1,""id"":""95303f36-18c1-4762-99c7-eeb0f3e12bfe"",""type"":""reaction"",""scale"":1,""fontSize"":0.035545023696682464,""fontType"":""Calibri"",""rotation"":0,""fontColor"":""#ffffff"",""textContent"":""💩""},{""x"":0.5038461538461538,""y"":0.504739336492891,""z"":1,""id"":""bb8eb2c6-33e1-43cb-b39b-19b9d60d183c"",""type"":""reaction"",""scale"":1,""fontSize"":0.035545023696682464,""fontType"":""Calibri-Bold"",""rotation"":0,""fontColor"":""#ffffff"",""textContent"":""""},{""x"":0.5038461538461538,""y"":0.504739336492891,""z"":1,""id"":""cfedbd42-ba72-4d26-8728-984291d0e930"",""type"":""reaction"",""scale"":1,""fontSize"":0.035545023696682464,""fontType"":""Calibri"",""rotation"":0,""fontColor"":""#ffffff"",""textContent"":""""}]}","2bdbc127-920a-432e-b1b6-1fa1ed6687a1"
"135c14bb-2f84-4dd1-99ef-a758b5514559","2024-12-24T01:04:38.264771+00:00","2024-12-24T01:04:38.264771+00:00",false,"26f404fa-9c35-4fd8-9333-e6931f771982","{""items"":[{""x"":0.409829046787359,""y"":0.44115323252022515,""z"":5,""id"":""3be63a17-9e7f-438f-8080-df8de1f1c58d"",""type"":""text"",""width"":0,""height"":0,""fontSize"":0.018957345971563982,""fontType"":""Calibri"",""rotation"":0,""fontColor"":""#c1121f"",""textContent"":""放假帶我出去玩""}]}","2bdbc127-920a-432e-b1b6-1fa1ed6687a1"
"139f2506-242b-4fc1-8347-917d2ecb728b","2024-12-24T01:04:38.264771+00:00","2024-12-24T01:04:38.264771+00:00",false,"9ab6eec1-65fe-49e3-8ff5-d6db7e3d66ff","{""items"":[{""x"":0.06266668701171875,""y"":0.41564039408866993,""z"":1,""id"":""02125822-51ea-4464-a222-4ef5bc275d30"",""type"":""reaction"",""scale"":1,""fontSize"":0.019336440717211304,""fontType"":""Calibri-Bold"",""rotation"":0,""fontColor"":""#000"",""textContent"":""誰不回你訊息 抓出來打\n（打到自己）""},{""x"":0.5457777506510416,""y"":0.4100985221674877,""z"":1,""id"":""1e08ab26-dad8-4f4f-9ae2-7238b2b13110"",""type"":""reaction"",""scale"":1,""fontSize"":0.027093596059113302,""fontType"":""Calibri-Bold"",""rotation"":0,""fontColor"":""#000"",""textContent"":""集氣+1️⃣""},{""x"":0.16355558268229167,""y"":0.6293103448275862,""z"":1,""id"":""566087e2-5806-42c2-abd8-f4b354c0ea0f"",""type"":""reaction"",""scale"":1,""fontSize"":0.01586065685940615,""fontType"":""Calibri-Bold"",""rotation"":0,""fontColor"":""#000"",""textContent"":""老實說我覺得做夢是最沒用的時候\n渾渾噩噩醒來才發現都是假的😀\n現實的你比較勇敢""},{""x"":0.6115555826822917,""y"":0.3394909938567965,""z"":1,""id"":""ac80b2d9-61a0-4ebd-ae6c-5b5cae2523f3"",""type"":""reaction"",""scale"":1,""fontSize"":0.01847290640394089,""fontType"":""Calibri-Bold"",""rotation"":0,""fontColor"":""#669bbc"",""textContent"":""勇敢寶貝你可以的🥺""}]}","632e3d17-8713-46e9-ab1b-604bfa3ce11f"
"14e3a618-6a5b-419b-bd16-b3daeeaef4a7","2024-12-24T01:04:38.264771+00:00","2024-12-24T01:04:38.264771+00:00",false,"714fcd02-523b-4f7c-95a1-f7f228e646fe","{""items"":[{""x"":0.36132317462950264,""y"":0.5342331738539146,""z"":1,""id"":""3ca5bec7-8927-420e-8e33-374e524cd276"",""type"":""reaction"",""scale"":1,""fontSize"":0.017049767974680514,""fontType"":""Calibri-Bold"",""rotation"":0,""fontColor"":""#000"",""textContent"":""肢體騷擾？？？？\n可不可以偷偷請人調位置😭""},{""x"":0.5733672862744513,""y"":0.7089201877934272,""z"":1,""id"":""246d45bf-c9f1-4174-b3ac-44a94fc6eedb"",""type"":""reaction"",""scale"":1,""fontSize"":0.035211267605633804,""fontType"":""Calibri"",""rotation"":0,""fontColor"":""#ffffff"",""textContent"":""🎉💩""}]}","632e3d17-8713-46e9-ab1b-604bfa3ce11f"
"15a65cd8-f533-486f-a051-8e2a6e24d872","2024-12-24T01:04:38.264771+00:00","2024-12-24T01:04:38.264771+00:00",false,"5e810a6d-58c7-4da0-af92-a7022ae49a59","{""items"":[{""x"":0.3228663568911345,""y"":0.6975446428571429,""z"":1,""id"":""e712aa60-149d-458c-a478-de83ff1f856b"",""type"":""reaction"",""scale"":1,""fontSize"":0.033482142857142856,""fontType"":""Calibri-Bold"",""rotation"":0,""fontColor"":""#000"",""textContent"":""Yiiiipieeeee🎉🎉""}]}","632e3d17-8713-46e9-ab1b-604bfa3ce11f"
"15fc6527-14d7-4dd9-939d-9f1e5af4fb5e","2024-12-24T01:04:38.264771+00:00","2024-12-24T01:04:38.264771+00:00",false,"65d0d049-e044-46a0-a73f-0b43d96399d3","{""items"":[{""x"":0.38605322837829553,""y"":0.5860018298261663,""z"":6,""id"":""de7c0b5f-3f32-4478-937b-b8e9751ae04c"",""type"":""text"",""width"":0,""height"":0,""fontSize"":0.021614821591948757,""fontType"":""Calibri"",""rotation"":0,""fontColor"":""#FFC300"",""textContent"":""我用契爾氏想轉Cerave""},{""x"":0.3941550678677042,""y"":0.42228957609855483,""z"":3,""id"":""af823ad1-ba2a-45f4-b766-7a0057bf9894"",""type"":""text"",""width"":0,""height"":0,""fontSize"":0.01320905763952424,""fontType"":""Calibri"",""rotation"":0,""fontColor"":""#669bbc"",""textContent"":""我最近想說12:00睡應該可以8點起來\n但我還是11點醒""}]}","a6300bac-4d56-49f3-9e9e-a3919a9bd8cf"
"1703be02-5970-44fc-9335-68f51ecdaabe","2024-12-24T01:04:38.264771+00:00","2024-12-24T01:04:38.264771+00:00",false,"7e73f2c5-8e1e-46ff-af06-1d25e68fafb1","{""items"":[{""x"":0.40427351731520433,""y"":0.33017376361865003,""z"":1,""id"":""88aad725-22e3-4aaa-b66a-d273649137f2"",""type"":""reaction"",""scale"":1,""fontSize"":0.035545023696682464,""fontType"":""Calibri-Bold"",""rotation"":0,""fontColor"":""#FFC300"",""textContent"":""好…好豐盛…..""},{""x"":0.09829058524889824,""y"":0.278436018957346,""z"":1,""id"":""a86b0cc8-b66e-4885-a5a4-af7c9366c6b3"",""type"":""reaction"",""scale"":1,""fontSize"":0.035545023696682464,""fontType"":""Calibri"",""rotation"":0,""fontColor"":""#669bbc"",""textContent"":""沒動力+1🙃""},{""x"":0.11581193972856571,""y"":0.7302527676261432,""z"":1,""id"":""aacfe1dc-c358-40e5-a2ba-68f0f25b9aaf"",""type"":""reaction"",""scale"":1,""fontSize"":0.014152609913261095,""fontType"":""Calibri-Bold"",""rotation"":0,""fontColor"":""#000"",""textContent"":""美國一般超市不賣沖泡奶茶 \n都要特別跑去亞超買\n好心酸\n""}]}","632e3d17-8713-46e9-ab1b-604bfa3ce11f"
"1a0ca638-81d5-4f81-b788-b1c2e884d972","2024-12-24T01:04:38.264771+00:00","2024-12-24T01:04:38.264771+00:00",false,"5c515dc1-7570-4212-802d-b7944c5561a4","{""items"":[{""x"":0.4807692307692308,""y"":0.48104265402843605,""z"":2,""id"":""181c0d3c-21ae-41dc-b9ac-9c41413e472b"",""type"":""text"",""width"":0,""height"":0,""fontSize"":0.035545023696682464,""fontType"":""Calibri"",""rotation"":0,""fontColor"":""#ffffff"",""textContent"":""""},{""x"":0.16324789585211358,""y"":0.41271721356287916,""z"":11,""id"":""27810af7-d1bb-4b85-a47e-53601aeda9c4"",""type"":""text"",""width"":0,""height"":0,""fontSize"":0.01229189119148045,""fontType"":""Calibri"",""rotation"":0,""fontColor"":""#c1121f"",""textContent"":""我覺得我現在這份工作要做好跟有做我選了有做\n不知道是不是因為我心裡會潛意識覺得\n這份工作不是那麼好 好到我該努力去做\n不過好佩服你可以努力去做好工作\n覺得這樣的妳閃閃發光的很迷人😻（親）\n支持疲憊的時候可以去放風\n想請假就請假、想吃好吃就吃好吃\n想睡就睡\n工作的時候幸福的就是下班可以啥都不想\n不開心就辭\n做到自己心裡滿意的部分就好\n真的很無法的部分不要太勉強自己 自己爽最重要\n要放風吃飯就揪 走""}]}","a6300bac-4d56-49f3-9e9e-a3919a9bd8cf"
"1a3df75c-f22f-4456-9d9d-161e66a6371c","2024-12-24T01:04:38.264771+00:00","2024-12-24T01:04:38.264771+00:00",false,"0dd65cbd-77c7-4fe4-8596-28c89554326c","{""items"":[{""x"":0.32934027777777813,""y"":0.24176577614298198,""z"":3,""id"":""3b8baa2b-5031-4296-b766-ab288948f410"",""type"":""text"",""width"":0,""height"":0,""fontSize"":0.03602470265324793,""fontType"":""Calibri"",""rotation"":0,""fontColor"":""#ffffff"",""textContent"":""💓""},{""x"":0.1729745493994821,""y"":0.6700594693504115,""z"":5,""id"":""85886045-72ca-48f7-8e84-72651931f723"",""type"":""text"",""width"":0,""height"":0,""fontSize"":0.03602470265324793,""fontType"":""Calibri"",""rotation"":0,""fontColor"":""#000"",""textContent"":""支持眼睛閉起來""},{""x"":0.326099549399483,""y"":0.7741308203554984,""z"":7,""id"":""2b44d123-c8a1-4ad0-ab4b-e3e8c304c745"",""type"":""text"",""width"":0,""height"":0,""fontSize"":0.019213174748398894,""fontType"":""Calibri"",""rotation"":0,""fontColor"":""#c1121f"",""textContent"":""我現在才發現是睡覺 \n害我半夜很想吃水餃""}]}","a6300bac-4d56-49f3-9e9e-a3919a9bd8cf"
"1ae93fc4-8cbd-4d07-827e-7805d2eecf44","2024-12-24T01:04:38.264771+00:00","2024-12-24T01:04:38.264771+00:00",false,"43986c47-50f3-46ce-806d-319b9a001880","{""items"":[{""x"":0.3913194444444449,""y"":0.6156221470043188,""z"":3,""id"":""c926bb3f-5237-435d-9d9b-4ddfde2bf660"",""type"":""text"",""width"":0,""height"":0,""fontSize"":0.014409881061299172,""fontType"":""Calibri"",""rotation"":0,""fontColor"":""#000"",""textContent"":""讓我想起通勤到台藝的日子\n有時候遇到人多真的好想死😍""}]}","632e3d17-8713-46e9-ab1b-604bfa3ce11f"
"1bf35884-93dd-4809-b542-4141e57cdd64","2024-12-24T01:04:38.264771+00:00","2024-12-24T01:04:38.264771+00:00",false,"b7cdd17d-4795-4bea-b364-6d8bab17324a","{""items"":[{""x"":0.11323155216284987,""y"":0.6768388166114199,""z"":1,""id"":""27984b96-fbb6-431e-9d08-517f50d85218"",""type"":""reaction"",""scale"":1,""fontSize"":0.015258215962441314,""fontType"":""Calibri"",""rotation"":0,""fontColor"":""#669bbc"",""textContent"":""回來開始補上禮拜偷唸書沒做的工作\n快死了""}]}","a6300bac-4d56-49f3-9e9e-a3919a9bd8cf"
"1cc0fb26-cb6c-4588-830d-808fe2745975","2024-12-24T01:04:38.264771+00:00","2024-12-24T01:04:38.264771+00:00",false,"2ddadd8c-88f8-46f4-8b48-25f3be12f9fa","{""items"":[{""x"":0.1717948717948718,""y"":0.7665876777251185,""z"":3,""id"":""f2148abd-7ab4-458e-ba3c-c082eb7814af"",""type"":""text"",""width"":0,""height"":0,""fontSize"":0.014218009478672985,""fontType"":""Calibri"",""rotation"":0,""fontColor"":""#000"",""textContent"":""看起來好好吃 一度沒熱水也太冷用水壺燒""}]}","eecd2083-81ee-4e52-a4cf-fd6687bd002d"
"1d2dd76b-d8b6-414f-84fd-05e2656dd4fe","2024-12-24T01:04:38.264771+00:00","2024-12-24T01:04:38.264771+00:00",false,"4e0c43e8-f0de-44d8-972e-aa5386223438","{""items"":[{""x"":0.4796231171730344,""y"":0.5397587346598895,""z"":1,""id"":""96a94668-2ad9-44ad-a69d-998e341048c7"",""type"":""reaction"",""scale"":1,""fontSize"":0.022300469483568074,""fontType"":""Calibri"",""rotation"":0,""fontColor"":""#669bbc"",""textContent"":""這到底什麼濾鏡我笑死""}]}","6eea90f5-325a-4ccf-aceb-3471c02914c0"
"1e6ef2b6-64a7-46e3-baa7-2b6ead2bbd83","2024-12-24T01:04:38.264771+00:00","2024-12-24T01:04:38.264771+00:00",false,"9dbcdd5c-7736-44f5-af92-0642b18661cb","{""items"":[{""x"":0.4594016441932091,""y"":0.4522117144688611,""z"":1,""id"":""646561d4-7789-42f9-b3d0-954d05736c99"",""type"":""reaction"",""scale"":1,""fontSize"":0.015402843601895734,""fontType"":""Exo2-Italic"",""rotation"":0,""fontColor"":""#c1121f"",""textContent"":""我也要吃👶""}]}","2bdbc127-920a-432e-b1b6-1fa1ed6687a1"
"1fba214a-d3bb-4074-a4d3-5144883856a4","2024-12-24T01:04:38.264771+00:00","2024-12-24T01:04:38.264771+00:00",false,"13592c3e-4ec6-4acd-bd39-94cd7c3560fe","{""items"":[{""x"":0.05422216796874934,""y"":0.5740968676036207,""z"":12,""id"":""a33f6827-b554-42d2-b69d-7eba5fe8ca4f"",""type"":""text"",""width"":0,""height"":0,""fontSize"":0.014846866495318719,""fontType"":""Calibri-Bold"",""rotation"":0,""fontColor"":""#000"",""textContent"":""感覺未來如果成家立業 \n要像這樣出國唸書應該更難了吧\n我覺得這種事都是有機會就要趁早去體驗""}]}","632e3d17-8713-46e9-ab1b-604bfa3ce11f"
"1fe43e9d-7f17-4ed0-af35-e864534aa14b","2024-12-24T01:04:38.264771+00:00","2024-12-24T01:04:38.264771+00:00",false,"67c861d9-2104-4501-a544-b583eb615ace","{""items"":[{""x"":0.33418149681188297,""y"":0.8568075117370892,""z"":7,""id"":""5aa96dae-9533-4edc-912b-37462ee61558"",""type"":""text"",""width"":0,""height"":0,""fontSize"":0.018779342723004695,""fontType"":""Calibri-Bold"",""rotation"":0,""fontColor"":""#c1121f"",""textContent"":""我支持你帶頭開始哭""},{""x"":0.5886344230205369,""y"":0.5563380460783909,""z"":5,""id"":""4721750f-9290-4664-ad76-604945d54e5e"",""type"":""text"",""width"":0,""height"":0,""fontSize"":0.011737089201877934,""fontType"":""Calibri"",""rotation"":0,""fontColor"":""#669bbc"",""textContent"":""喜歡這張 \n不知道為什麼有種港式大佬味""}]}","632e3d17-8713-46e9-ab1b-604bfa3ce11f"
"2060ad5c-b613-4e27-bbf5-51b654977063","2024-12-24T01:04:38.264771+00:00","2024-12-24T01:04:38.264771+00:00",false,"634fa230-ad47-4575-bcdb-9eb838c752f1","{""items"":[{""x"":0.2064102564102564,""y"":0.5497630331753555,""z"":1,""id"":""689dbe9d-39b1-4b9e-bdcb-5a68992ad2cc"",""type"":""reaction"",""scale"":1,""fontSize"":0.02132701421800948,""fontType"":""Calibri"",""rotation"":0,""fontColor"":""#c1121f"",""textContent"":""我連第一季都還沒看\n大家有推薦的劇嗎""}]}","a6300bac-4d56-49f3-9e9e-a3919a9bd8cf"
"208c8fdd-a33c-45a7-b1f7-850aaa11b77e","2024-12-24T01:04:38.264771+00:00","2024-12-24T01:04:38.264771+00:00",false,"69a182fb-0b15-4b71-8188-62c0337b1037","{""items"":[{""x"":0.20213677822015225,""y"":0.5450236966824644,""z"":1,""id"":""7fad4970-4393-45c9-b9b5-262fb17abc0c"",""type"":""reaction"",""scale"":1,""fontSize"":0.017772511848341232,""fontType"":""Calibri-Bold"",""rotation"":0,""fontColor"":""#ffffff"",""textContent"":""看起來像餐廳煮的\n紐約已經把你逼成什麼樣了😭""},{""x"":0.30042736346905047,""y"":0.8388625592417062,""z"":1,""id"":""cddb7540-bb4a-485b-85f5-05dc1abbe08a"",""type"":""reaction"",""scale"":1,""fontSize"":0.035545023696682464,""fontType"":""Calibri"",""rotation"":0,""fontColor"":""#ffffff"",""textContent"":""火雞快樂🦃""}]}","a6300bac-4d56-49f3-9e9e-a3919a9bd8cf"
"21a331f6-400f-4c7d-8adb-7a3c356fcd2b","2024-12-24T01:04:38.264771+00:00","2024-12-24T01:04:38.264771+00:00",false,"c33d57e3-7321-4c58-b790-a28516bacb01","{""items"":[{""x"":0.25769230769230766,""y"":0.6283570420685534,""z"":3,""id"":""6f0d11ff-4633-4d5a-8c46-7eb4d808b40f"",""type"":""text"",""width"":0,""height"":0,""fontSize"":0.018957345971563982,""fontType"":""Calibri"",""rotation"":0,""fontColor"":""#c1121f"",""textContent"":""我看成左邊是麥可\n以為他終於剪鬍子了""}]}","a6300bac-4d56-49f3-9e9e-a3919a9bd8cf"
"24bb7fdd-c41e-4934-b685-58c27b2bd295","2024-12-24T01:04:38.264771+00:00","2024-12-24T01:04:38.264771+00:00",false,"463bdc3e-76e2-44e1-accd-0bcd62995221","{""items"":[{""x"":0.5759118155365378,""y"":0.7280907787627457,""z"":1,""id"":""107cbd08-c468-4033-8283-dedbcaf68be5"",""type"":""reaction"",""scale"":1,""fontSize"":0.035211267605633804,""fontType"":""Calibri"",""rotation"":0,""fontColor"":""#000"",""textContent"":""騎車小心""},{""x"":0.15945718003289996,""y"":0.5125195677851287,""z"":1,""id"":""e30046b5-e299-4b71-837c-b28eefaba4f2"",""type"":""reaction"",""scale"":1,""fontSize"":0.014084507042253521,""fontType"":""Calibri"",""rotation"":0,""fontColor"":""#000"",""textContent"":""林娘我也在工作""}]}","eecd2083-81ee-4e52-a4cf-fd6687bd002d"
"25712415-93cd-4a00-832c-bb60884e853f","2024-12-24T01:04:38.264771+00:00","2024-12-24T01:04:38.264771+00:00",false,"e990c38f-2f3c-4fdc-9aed-cc361268e23c","{""items"":[{""x"":0.55,""y"":0.5438388806383756,""z"":8,""id"":""a11b452c-1a5c-4c59-affa-f275285eccfd"",""type"":""text"",""width"":0,""height"":0,""fontSize"":0.014218009478672985,""fontType"":""Calibri"",""rotation"":0,""fontColor"":""#669bbc"",""textContent"":""麥可的鬍子什麼時候要剪\n然後他會用筷子嗎好厲害""},{""x"":0.3414530044946923,""y"":0.6848341413018827,""z"":4,""id"":""21bf9cc0-7f68-46ee-b648-743976441949"",""type"":""text"",""width"":0,""height"":0,""fontSize"":0.02014218009478673,""fontType"":""Calibri-Bold"",""rotation"":0,""fontColor"":""#c1121f"",""textContent"":""我明明在台灣但我看了都餓了\n等等要去吃披薩""}]}","a6300bac-4d56-49f3-9e9e-a3919a9bd8cf"
"274c41d3-5557-4ee8-a364-7c0d28e579c0","2024-12-24T01:04:38.264771+00:00","2024-12-24T01:04:38.264771+00:00",false,"1eb5ee4d-3f7b-4485-af96-fe487814420d","{""items"":[{""x"":0.5724444173177093,""y"":0.47413793103448276,""z"":4,""id"":""01fe488c-ed03-490d-93a8-0846a8344c1a"",""type"":""text"",""width"":0,""height"":0,""fontSize"":0.022167487684729065,""fontType"":""Calibri"",""rotation"":0,""fontColor"":""#c1121f"",""textContent"":""我也要去""},{""x"":0.38666666666666666,""y"":0.7557471139090406,""z"":7,""id"":""10d4bcdc-0624-4c37-a771-445d4f6d5e64"",""type"":""text"",""width"":0,""height"":0,""fontSize"":0.022167487684729065,""fontType"":""Calibri"",""rotation"":0,""fontColor"":""#c1121f"",""textContent"":""PTSD閃現""}]}","632e3d17-8713-46e9-ab1b-604bfa3ce11f"
"27add8cb-a5e3-4669-8479-6709ec66350f","2024-12-24T01:04:38.264771+00:00","2024-12-24T01:04:38.264771+00:00",false,"6c6588d3-5ca4-4d7e-9074-c9133af37f28","{""items"":[{""x"":0.25106019464157914,""y"":0.6251956062137805,""z"":4,""id"":""cd3336d0-61c7-4d0c-b2ec-9a984245a963"",""type"":""text"",""width"":0,""height"":0,""fontSize"":0.014084507042253521,""fontType"":""Calibri"",""rotation"":0,""fontColor"":""#ffffff"",""textContent"":""靠北喔 今天買一個711的什麼芋泥肉鬆捲竟然要69""}]}","eecd2083-81ee-4e52-a4cf-fd6687bd002d"
"28041fb2-0d1b-40a7-87f3-97623a235199","2024-12-24T01:04:38.264771+00:00","2024-12-24T01:04:38.264771+00:00",false,"baa3e72d-56ef-4d2c-a1b3-6ff29484b28c","{""items"":[{""x"":0.21288887532552084,""y"":0.6408046102288909,""z"":1,""id"":""b6c54f45-5aed-4670-9b7e-a3ed43238f24"",""type"":""reaction"",""scale"":1,""fontSize"":0.017241379310344827,""fontType"":""Calibri-Bold"",""rotation"":0,""fontColor"":""#FFC300"",""textContent"":""陽光普照""}]}","2bdbc127-920a-432e-b1b6-1fa1ed6687a1"
"283d3f04-5aa8-4e2f-b652-03780e182ef7","2024-12-24T01:04:38.264771+00:00","2024-12-24T01:04:38.264771+00:00",false,"6c3c9f37-2bec-4a00-9cf7-2eeeb7607606","{""items"":[{""x"":0.14546223026498886,""y"":0.2652582159624413,""z"":1,""id"":""0c56d222-84af-4ba5-8a20-4fbc3f69ad3b"",""type"":""reaction"",""scale"":1,""fontSize"":0.020358802369239017,""fontType"":""Calibri"",""rotation"":-0.024487492382442966,""fontColor"":""#c1121f"",""textContent"":""我們今天是早起分隊🫳🏻""},{""x"":0.556827846070889,""y"":0.5199530516431925,""z"":1,""id"":""ab200909-7809-4171-8e87-33be57f96a37"",""type"":""reaction"",""scale"":1,""fontSize"":0.035211267605633804,""fontType"":""Calibri"",""rotation"":0,""fontColor"":""#669bbc"",""textContent"":""簽💩""}]}","a6300bac-4d56-49f3-9e9e-a3919a9bd8cf"
"28545760-2aea-458b-9361-7b32557f7363","2024-12-24T01:04:38.264771+00:00","2024-12-24T01:04:38.264771+00:00",false,"a1075f62-264c-4794-9a1e-5e48aeb08230","{""items"":[{""x"":0.24786322177984768,""y"":0.6611374407582938,""z"":3,""id"":""917f7857-be26-4a3d-962b-a4d3de1ae138"",""type"":""text"",""width"":0,""height"":0,""fontSize"":0.013033175355450236,""fontType"":""Calibri"",""rotation"":0,""fontColor"":""#669bbc"",""textContent"":""鬍子哈哈哈 親親會很卡""}]}","eecd2083-81ee-4e52-a4cf-fd6687bd002d"
"2879e561-5d5a-40a0-95be-3b5bad82826c","2024-12-24T01:04:38.264771+00:00","2024-12-24T01:04:38.264771+00:00",false,"d56f1e77-5337-4b21-b120-1d8f8d77f9d4","{""items"":[{""x"":0.5063657098346286,""y"":0.8039512717167608,""z"":1,""id"":""148aa0d9-e1f3-49d3-8955-ad95e58ae4af"",""type"":""reaction"",""scale"":1,""fontSize"":0.013632237008344645,""fontType"":""Calibri-Bold"",""rotation"":0,""fontColor"":""#000"",""textContent"":""韓式真的好好吃 想做海鮮煎餅🥹""},{""x"":0.10289350615607368,""y"":0.3622483958482524,""z"":1,""id"":""ed8551ee-25e7-4b2a-8520-df7b32cfb836"",""type"":""reaction"",""scale"":1,""fontSize"":0.026790566955658315,""fontType"":""Calibri-Bold"",""rotation"":0,""fontColor"":""#000"",""textContent"":""糟…糟了\n我去回報麥可🥹""}]}","632e3d17-8713-46e9-ab1b-604bfa3ce11f"
"28ccb422-bc3d-4a71-bae9-a1f9256c8999","2024-12-24T01:04:38.264771+00:00","2024-12-24T01:04:38.264771+00:00",false,"43e02684-5ed5-48da-98b2-0798d01e78e1","{""items"":[{""x"":0.5,""y"":0.5,""z"":2,""id"":""95cb48e3-7c67-420c-824b-5d8abbc326c8"",""type"":""text"",""width"":0,""height"":0,""fontSize"":0.017772511848341232,""fontType"":""Calibri"",""rotation"":0,""fontColor"":""#FFF"",""textContent"":""這個女人我要了""}]}","632e3d17-8713-46e9-ab1b-604bfa3ce11f"
"295bff40-3303-495d-ab4f-f80abd924abc","2024-12-24T01:04:38.264771+00:00","2024-12-24T01:04:38.264771+00:00",false,"b7cdd17d-4795-4bea-b364-6d8bab17324a","{""items"":[{""x"":0.12637826079934,""y"":0.6412363007594722,""z"":1,""id"":""50f96f4e-3b3f-4cca-b2d0-2713fc64c419"",""type"":""reaction"",""scale"":1,""fontSize"":0.01643192488262911,""fontType"":""Calibri"",""rotation"":0,""fontColor"":""#000"",""textContent"":""這我 在家上班然後沒空摸魚是什麼世界""}]}","eecd2083-81ee-4e52-a4cf-fd6687bd002d"
"2ad6d231-9f1a-4a23-905f-83071d4693d6","2024-12-24T01:04:38.264771+00:00","2024-12-24T01:04:38.264771+00:00",false,"4e0c43e8-f0de-44d8-972e-aa5386223438","{""items"":[{""x"":0.09372352037114345,""y"":0.49667447049852825,""z"":1,""id"":""0f8a2956-0fef-4924-b876-95ad008edfc0"",""type"":""reaction"",""scale"":1,""fontSize"":0.022474656401022055,""fontType"":""Calibri"",""rotation"":0,""fontColor"":""#c1121f"",""textContent"":""我也想用這個濾鏡""},{""x"":0.28456313737476147,""y"":0.5751173888013956,""z"":1,""id"":""bac148de-03a2-433e-bf41-1d9c810739b0"",""type"":""reaction"",""scale"":1,""fontSize"":0.015112902900717599,""fontType"":""Calibri"",""rotation"":0,""fontColor"":""#ffffff"",""textContent"":""這個黑度有點施謙""},{""x"":0.025869393773357983,""y"":0.11932707952221794,""z"":1,""id"":""fa49e604-9dad-4724-b7df-8fee3f122ddf"",""type"":""reaction"",""scale"":1,""fontSize"":0.05516431924882629,""fontType"":""Calibri-Bold"",""rotation"":0,""fontColor"":""#c1121f"",""textContent"":""今年冬天時尚指南看這篇""}]}","a6300bac-4d56-49f3-9e9e-a3919a9bd8cf"
"2bfa4acc-2035-4fcd-8ac7-250e844c882d","2024-12-24T01:04:38.264771+00:00","2024-12-24T01:04:38.264771+00:00",false,"e9f17f1e-3560-4e26-9fa7-f0d113ce0d1e","{""items"":[{""x"":0.23205128205128206,""y"":0.4498420281432816,""z"":1,""id"":""c183863e-2bd6-45cb-b00c-44b7f62dca24"",""type"":""reaction"",""scale"":1,""fontSize"":0.035545023696682464,""fontType"":""Calibri"",""rotation"":0,""fontColor"":""#FFC300"",""textContent"":""他會有牛奶嗎""}]}","a6300bac-4d56-49f3-9e9e-a3919a9bd8cf"
"2f272d69-9542-41fb-bb62-c61518e06312","2024-12-24T01:04:38.264771+00:00","2024-12-24T01:04:38.264771+00:00",false,"26f404fa-9c35-4fd8-9333-e6931f771982","{""items"":[{""x"":0.16965813269982052,""y"":0.4265402662810557,""z"":7,""id"":""d738caba-76f7-4fd9-b802-8f5076e10a89"",""type"":""text"",""width"":0,""height"":0,""fontSize"":0.01329244539728519,""fontType"":""Calibri"",""rotation"":0,""fontColor"":""#000"",""textContent"":""我12月週末快被塞滿了\n想要跟姐妹出去""}]}","a6300bac-4d56-49f3-9e9e-a3919a9bd8cf"
"2fd8d18e-1856-493c-b1ea-93a54aae20b2","2024-12-24T01:04:38.264771+00:00","2024-12-24T01:04:38.264771+00:00",false,"d5c34602-7021-4819-b86b-b50c8585604f","{""items"":[{""x"":0.5,""y"":0.5,""z"":2,""id"":""f10a0183-ff4e-48bd-a1b4-ace482f8496b"",""type"":""text"",""width"":0,""height"":0,""fontSize"":0.02014218009478673,""fontType"":""Calibri"",""rotation"":0,""fontColor"":""#000"",""textContent"":""趕快安排一大堆行程讓他回家直接昏睡\n""}]}","eecd2083-81ee-4e52-a4cf-fd6687bd002d"
"313f9cad-f00f-440e-a07d-80bbcde574be","2024-12-24T01:04:38.264771+00:00","2024-12-24T01:04:38.264771+00:00",false,"937db267-9ab6-4fa2-8ba1-07d1fb43e468","{""items"":[{""x"":0.6017777913411466,""y"":0.4995894972326724,""z"":7,""id"":""165e46cb-5989-41be-8f3c-0f221864039a"",""type"":""text"",""width"":0,""height"":0,""fontSize"":0.014778325123152709,""fontType"":""Calibri"",""rotation"":0,""fontColor"":""#ffffff"",""textContent"":""愛你喔 😘 偶們都在你身邊""}]}","eecd2083-81ee-4e52-a4cf-fd6687bd002d"
"31cff11c-ba32-405e-935c-23ff3b8a6977","2024-12-24T01:04:38.264771+00:00","2024-12-24T01:04:38.264771+00:00",false,"0e7a78e9-0525-4ffd-982b-616c8a4d373a","{""items"":[{""x"":0.31739192585368736,""y"":0.5255164699773976,""z"":1,""id"":""06009ab6-7c7b-4431-a03f-621f53b82773"",""type"":""reaction"",""scale"":1,""fontSize"":0.035545023696682464,""fontType"":""Cour"",""rotation"":0,""fontColor"":""#FFC300"",""textContent"":""어서오세요""}]}","6eea90f5-325a-4ccf-aceb-3471c02914c0"
"350934e3-1627-428c-92f1-4dd4c3faee84","2024-12-24T01:04:38.264771+00:00","2024-12-24T01:04:38.264771+00:00",false,"ee326fb3-be0e-4a11-ad80-7ee5be004a75","{""items"":[{""x"":0.4239316108899231,""y"":0.8416271842486481,""z"":3,""id"":""5ad7c226-a651-496a-be85-fd9523cbcb10"",""type"":""text"",""width"":0,""height"":0,""fontSize"":0.018957345971563982,""fontType"":""Calibri"",""rotation"":0,""fontColor"":""#000"",""textContent"":""笑死 很有畫面""}]}","eecd2083-81ee-4e52-a4cf-fd6687bd002d"
"351e5ff7-eedc-465c-afd6-5489d7f6f46d","2024-12-24T01:04:38.264771+00:00","2024-12-24T01:04:38.264771+00:00",false,"be1e1af1-6e35-4594-af82-ee359f7c60df","{""items"":[{""x"":0.24316241924579335,""y"":0.8088467494006409,""z"":4,""id"":""54871116-2a32-4261-958f-19d9b5538dd3"",""type"":""text"",""width"":0,""height"":0,""fontSize"":0.022511848341232227,""fontType"":""Calibri"",""rotation"":0,""fontColor"":""#c1121f"",""textContent"":""誰的SIZE\n娜美我說H""}]}","a6300bac-4d56-49f3-9e9e-a3919a9bd8cf"
"3523ed1d-364d-4abb-a109-bf150a178a61","2024-12-24T01:04:38.264771+00:00","2024-12-24T01:04:38.264771+00:00",false,"3a8605d4-dc33-4158-a2be-a09543bb94cf","{""items"":[{""x"":0.39911112467448,""y"":0.7426108374384236,""z"":3,""id"":""cda21bd1-bcb2-40f2-92ff-568d0d4826a3"",""type"":""text"",""width"":0,""height"":0,""fontSize"":0.01847290640394089,""fontType"":""Calibri"",""rotation"":0,""fontColor"":""#669bbc"",""textContent"":""我還在 約我""}]}","eecd2083-81ee-4e52-a4cf-fd6687bd002d"
"36241977-3a25-4daa-a0ea-c28762449e8e","2024-12-24T01:04:38.264771+00:00","2024-12-24T01:04:38.264771+00:00",false,"535acf78-b25d-4e50-8cc5-f3f623960d3e","{""items"":[{""x"":0.17866666666666667,""y"":0.6321839017821059,""z"":4,""id"":""c63cb379-63bf-4caf-a3b0-c313ea21b81d"",""type"":""text"",""width"":0,""height"":0,""fontSize"":0.020935960591133004,""fontType"":""Calibri"",""rotation"":0,""fontColor"":""#c1121f"",""textContent"":""這兩個人目測加起來不超過20吧👶""}]}","632e3d17-8713-46e9-ab1b-604bfa3ce11f"
"3633cb18-be24-48fe-8080-ab7305797a63","2024-12-24T01:04:38.264771+00:00","2024-12-24T01:04:38.264771+00:00",false,"4c7d7e01-b24f-454a-99ed-75922218e2ac","{""items"":[{""x"":0.3413333333333333,""y"":0.48809523183136705,""z"":3,""id"":""74da0313-03c0-49ca-bbdf-fd96e1f854c0"",""type"":""text"",""width"":0,""height"":0,""fontSize"":0.017241379310344827,""fontType"":""Calibri"",""rotation"":0,""fontColor"":""#c1121f"",""textContent"":""沒關係我也會這樣""},{""x"":0.5866667073567733,""y"":0.9043514082584471,""z"":6,""id"":""6ffff8b4-a7ba-4a6d-92e5-38a8b3328f9b"",""type"":""text"",""width"":0,""height"":0,""fontSize"":0.01847290640394089,""fontType"":""Calibri"",""rotation"":0,""fontColor"":""#669bbc"",""textContent"":""寶寶 敬予愛你我也愛你""}]}","eecd2083-81ee-4e52-a4cf-fd6687bd002d"
"3951e7f6-1e25-481c-a398-a6478c2f8959","2024-12-24T01:04:38.264771+00:00","2024-12-24T01:04:38.264771+00:00",false,"623d6b14-2856-49a1-b2eb-6b9c9b7ed507","{""items"":[{""x"":0.11492791794638602,""y"":0.48513301437449535,""z"":3,""id"":""f0d575be-d264-44b4-a52f-f46446823ca5"",""type"":""text"",""width"":0,""height"":0,""fontSize"":0.02112676056338028,""fontType"":""Calibri"",""rotation"":0,""fontColor"":""#ffffff"",""textContent"":""這個怎麼洗掉一直很好奇\n聖誕快樂ㄏㄛㄏㄛㄏㄛ""}]}","a6300bac-4d56-49f3-9e9e-a3919a9bd8cf"
"39d9718d-1401-4aa2-b7e4-ca91c0826b38","2024-12-24T01:04:38.264771+00:00","2024-12-24T01:04:38.264771+00:00",false,"cd655871-50c6-4ed4-92be-501d66b37e97","{""items"":[{""x"":0.36153846153846153,""y"":0.5229067870225949,""z"":3,""id"":""099e3dce-e9b4-416c-9276-599d8ddfa7fa"",""type"":""text"",""width"":0,""height"":0,""fontSize"":0.013033175355450236,""fontType"":""Calibri"",""rotation"":0,""fontColor"":""#000"",""textContent"":""我覺得搭紅眼班機真他媽太累了 醒著24小時了""}]}","eecd2083-81ee-4e52-a4cf-fd6687bd002d"
"3a3bae28-7b80-4460-b78e-ce631c068a94","2024-12-24T01:04:38.264771+00:00","2024-12-24T01:04:38.264771+00:00",false,"950e1847-0b3f-4db0-a31c-a2e928d477c3","{""items"":[{""x"":0.15691263135759467,""y"":0.5494914077257324,""z"":9,""id"":""98203bb6-e54f-4101-9b49-d539ac6e239f"",""type"":""text"",""width"":0,""height"":0,""fontSize"":0.01631075860429648,""fontType"":""Calibri-Bold"",""rotation"":0,""fontColor"":""#000"",""textContent"":""第一眼還以為是電腦程式碼\n這是組長的訊息喔…😍\n不要了""},{""x"":0.33078884289768196,""y"":0.6643192667356678,""z"":13,""id"":""ab70a3b8-ab4b-4907-81dd-2a182085cdbd"",""type"":""text"",""width"":0,""height"":0,""fontSize"":0.035211267605633804,""fontType"":""Calibri"",""rotation"":0,""fontColor"":""#000"",""textContent"":""Dgghh""}]}","632e3d17-8713-46e9-ab1b-604bfa3ce11f"
"3bdb9e1d-8a2a-4ef4-bfcc-049da90155e1","2024-12-24T01:04:38.264771+00:00","2024-12-24T01:04:38.264771+00:00",false,"9b7d0a40-d518-4ba0-901b-533c7705737e","{""items"":[{""x"":0.15408056908911488,""y"":0.6601986778533045,""z"":2,""id"":""df801b8b-ccff-4b94-9647-6f792a90edc2"",""type"":""text"",""width"":0,""height"":0,""fontSize"":0.035545023696682464,""fontType"":""Calibri"",""rotation"":0,""fontColor"":""#c1121f"",""textContent"":""您的專屬模特已上線""}]}","6eea90f5-325a-4ccf-aceb-3471c02914c0"
"677d4694-480c-46aa-a9dc-4686ad1cf417","2024-12-24T01:04:38.264771+00:00","2024-12-24T01:04:38.264771+00:00",false,"b31a0db8-e5e3-4711-b706-735caf3738bf","{""items"":[{""x"":0.127111083984375,""y"":0.3797208663865263,""z"":1,""id"":""6fffbdc8-b426-4058-9fe4-bf9c8f29c36d"",""type"":""reaction"",""scale"":1,""fontSize"":0.01600985221674877,""fontType"":""Calibri"",""rotation"":0,""fontColor"":""#fdf0d5"",""textContent"":""好婆好愛""}]}","eecd2083-81ee-4e52-a4cf-fd6687bd002d"
"3c1036e0-daf6-4894-85ed-91d5e9c9cfa5","2024-12-24T01:04:38.264771+00:00","2024-12-24T01:04:38.264771+00:00",false,"b0f724dd-2450-4314-9eba-1e9518a01115","{""items"":[{""x"":0.5538592156563105,""y"":0.7711267605633803,""z"":3,""id"":""48b1388e-0d2f-4323-ab53-9c63332662b7"",""type"":""text"",""width"":0,""height"":0,""fontSize"":0.023474178403755867,""fontType"":""Calibri"",""rotation"":0,""fontColor"":""#000"",""textContent"":""三袋橘子也太好笑\n還以為是回阿嬤家""}]}","632e3d17-8713-46e9-ab1b-604bfa3ce11f"
"3c119b20-4e94-4024-bbb6-4687c9f9624e","2024-12-24T01:04:38.264771+00:00","2024-12-24T01:04:38.264771+00:00",false,"8a7db992-848f-4c0b-93c6-a44f23786096","{""items"":[{""x"":0.2633587786259542,""y"":0.5880281690140845,""z"":3,""id"":""71981080-4a59-4e7b-b896-134044df39a0"",""type"":""text"",""width"":0,""height"":0,""fontSize"":0.018779342723004695,""fontType"":""Calibri"",""rotation"":0,""fontColor"":""#ffffff"",""textContent"":""趙正平割雙眼皮幹\n這隻我要收""}]}","a6300bac-4d56-49f3-9e9e-a3919a9bd8cf"
"3d31f7e1-bcc4-4686-98b7-258242fec5b4","2024-12-24T01:04:38.264771+00:00","2024-12-24T01:04:38.264771+00:00",false,"b0c2e1ae-baea-4f30-9b13-08c151aa8ca9","{""items"":[{""x"":0.426417162214008,""y"":0.5695892126941071,""z"":2,""id"":""e2b4afdb-49db-4804-b6d7-b28e675f1046"",""type"":""text"",""width"":0,""height"":0,""fontSize"":0.01600985221674877,""fontType"":""Calibri-Bold"",""rotation"":0,""fontColor"":""#669bbc"",""textContent"":""你媽的麥當勞卷大概一個月會有五張""}]}","6eea90f5-325a-4ccf-aceb-3471c02914c0"
"3e6d2f14-d1ed-4ce0-9145-fd2c71b803bf","2024-12-24T01:04:38.264771+00:00","2024-12-24T01:04:38.264771+00:00",false,"66613263-c94d-4795-9762-a5ef8896a045","{""items"":[{""x"":0.3602193363013588,""y"":0.6182439703017089,""z"":2,""id"":""71a63ca1-fcac-40cc-ae5d-10dc8e83cbde"",""type"":""text"",""width"":0,""height"":0,""fontSize"":0.035211267605633804,""fontType"":""Calibri"",""rotation"":0,""fontColor"":""#c1121f"",""textContent"":""幫你哭""}]}","6eea90f5-325a-4ccf-aceb-3471c02914c0"
"3ef50960-23a4-4689-8304-0ac2541c7485","2024-12-24T01:04:38.264771+00:00","2024-12-24T01:04:38.264771+00:00",false,"463bdc3e-76e2-44e1-accd-0bcd62995221","{""items"":[{""x"":0.3456318784912731,""y"":0.7750391176608806,""z"":1,""id"":""4e2bdd7f-5a34-4560-80bd-593832df4a97"",""type"":""reaction"",""scale"":1,""fontSize"":0.012910798122065728,""fontType"":""Calibri"",""rotation"":0,""fontColor"":""#c1121f"",""textContent"":""你的濾鏡比我的小卡還豐富 我要收藏你""},{""x"":0.04622562787005009,""y"":0.8877151739989089,""z"":1,""id"":""f9a6001f-7687-43f0-9812-8890ffda192d"",""type"":""reaction"",""scale"":1,""fontSize"":0.035211267605633804,""fontType"":""Calibri"",""rotation"":0,""fontColor"":""#ffffff"",""textContent"":""回家注意安全🤲🔥""}]}","a6300bac-4d56-49f3-9e9e-a3919a9bd8cf"
"3f357841-3d0c-4ce3-9543-d969a62b8d18","2024-12-24T01:04:38.264771+00:00","2024-12-24T01:04:38.264771+00:00",false,"5c515dc1-7570-4212-802d-b7944c5561a4","{""items"":[{""x"":0.12991454295623,""y"":0.6492891356843341,""z"":9,""id"":""a2c64b4c-0db5-4468-8c94-590c6d1c3349"",""type"":""text"",""width"":0,""height"":0,""fontSize"":0.011848341232227487,""fontType"":""Calibri-Bold"",""rotation"":0,""fontColor"":""#000"",""textContent"":""那個花很多時間但沒有預期成效的部分 非常感同身受…\n覺得自己喪失志氣跟動力好久了\n每次努力提起勁想成就點什麼\n最後都被潑冷水的感覺\n久而久之就不想再努力了🥲""}]}","632e3d17-8713-46e9-ab1b-604bfa3ce11f"
"3fde673e-ab71-4acc-a8b6-e6f7fe8eee30","2024-12-24T01:04:38.264771+00:00","2024-12-24T01:04:38.264771+00:00",false,"1187a5ee-5c3b-4d7a-8426-16759ef0f121","{""items"":[{""x"":0.60644612785514,""y"":0.4636150234741784,""z"":3,""id"":""cd7a9410-5080-440e-811d-0ab8fbcee374"",""type"":""text"",""width"":0,""height"":0,""fontSize"":0.014084507042253521,""fontType"":""Calibri"",""rotation"":0,""fontColor"":""#c1121f"",""textContent"":""配這個我會食不下嚥⋯""}]}","eecd2083-81ee-4e52-a4cf-fd6687bd002d"
"3fffb197-505f-4b2d-9657-b27260a7a313","2024-12-24T01:04:38.264771+00:00","2024-12-24T01:04:38.264771+00:00",false,"53e78506-34e0-4426-8817-ed1bab4f3de4","{""items"":[{""x"":0.308897159911774,""y"":0.4071741652956829,""z"":1,""id"":""e91b2acf-fc28-4195-b4f0-12755ed26887"",""type"":""reaction"",""scale"":1,""fontSize"":0.024881516587677725,""fontType"":""Calibri-Light"",""rotation"":0,""fontColor"":""#FFC300"",""textContent"":""好突然的TMI""}]}","6eea90f5-325a-4ccf-aceb-3471c02914c0"
"41beeaa0-f6e2-4e8d-b3fb-ec0a1e548c46","2024-12-24T01:04:38.264771+00:00","2024-12-24T01:04:38.264771+00:00",false,"e9f17f1e-3560-4e26-9fa7-f0d113ce0d1e","{""items"":[{""x"":0.6397435897435897,""y"":0.2527646250069424,""z"":1,""id"":""4ac35bc1-709a-4a67-8108-826290c94239"",""type"":""reaction"",""scale"":1,""fontSize"":0.015402843601895734,""fontType"":""PragmaticaExtended-Bold"",""rotation"":0,""fontColor"":""#c1121f"",""textContent"":""翹臀牛🥵""},{""x"":0.4594016833183093,""y"":0.4948657248257461,""z"":1,""id"":""d25a245a-7350-4e0e-8cf9-580a1469ddcb"",""type"":""reaction"",""scale"":1,""fontSize"":0.015402843601895734,""fontType"":""Calibri-Light"",""rotation"":0,""fontColor"":""#c1121f"",""textContent"":""感覺會有血奶""}]}","2bdbc127-920a-432e-b1b6-1fa1ed6687a1"
"4222dd25-7979-41b5-962b-e6ce59eed9a2","2024-12-24T01:04:38.264771+00:00","2024-12-24T01:04:38.264771+00:00",false,"b9a05e9c-5cd1-43f3-b021-e22e3e03aa79","{""items"":[{""x"":0.07051282051282051,""y"":0.8127962085308057,""z"":3,""id"":""1e69a2fd-63c8-4c88-8ae1-80f1d1c125fe"",""type"":""text"",""width"":0,""height"":0,""fontSize"":0.018957345971563982,""fontType"":""Calibri"",""rotation"":0,""fontColor"":""#669bbc"",""textContent"":""我頭好暈 但還好過程中沒有貓咪受到傷害""}]}","a6300bac-4d56-49f3-9e9e-a3919a9bd8cf"
"42f1f5ad-9c1a-4ccf-a263-e4552cb5055c","2024-12-24T01:04:38.264771+00:00","2024-12-24T01:04:38.264771+00:00",false,"51062d42-8766-452f-888d-7f0a0ab22a0c","{""items"":[{""x"":0.1754050678677029,""y"":0.46591948764867336,""z"":1,""id"":""51cfafe9-be1d-4d49-be2a-cb99ac131c9b"",""type"":""reaction"",""scale"":1,""fontSize"":0.026418115279048488,""fontType"":""Calibri"",""rotation"":0,""fontColor"":""#c1121f"",""textContent"":""好想知道故意的是有經驗嗎""}]}","a6300bac-4d56-49f3-9e9e-a3919a9bd8cf"
"43987b9b-c4c5-4100-b053-adeee6568800","2024-12-24T01:04:38.264771+00:00","2024-12-24T01:04:38.264771+00:00",false,"a1075f62-264c-4794-9a1e-5e48aeb08230","{""items"":[{""x"":0.23590750781607794,""y"":0.6067229544059111,""z"":2,""id"":""af51289f-db80-466e-bb83-89ab2c7a182a"",""type"":""text"",""width"":0,""height"":0,""fontSize"":0.014218009478672985,""fontType"":""Calibri"",""rotation"":0,""fontColor"":""#c1121f"",""textContent"":""是鬍子的關係嗎看起來好有當宅宅的潛力""}]}","6eea90f5-325a-4ccf-aceb-3471c02914c0"
"4401bc0b-4bfb-48c0-a0a8-df6014f8717f","2024-12-24T01:04:38.264771+00:00","2024-12-24T01:04:38.264771+00:00",false,"0403fc3b-79b3-4980-a4ca-186dcf06acff","{""items"":[{""x"":0.24059827755659055,""y"":0.41232227488151657,""z"":1,""id"":""04f1a9f7-d244-45e1-a67e-04a82f48b3fe"",""type"":""reaction"",""scale"":1,""fontSize"":0.035545023696682464,""fontType"":""Calibri"",""rotation"":0,""fontColor"":""#000"",""textContent"":""14:00💩 簽""},{""x"":0.1303418673001803,""y"":0.29976303317535546,""z"":1,""id"":""7e152870-317b-4645-8b75-be3712ced9d2"",""type"":""reaction"",""scale"":1,""fontSize"":0.035545023696682464,""fontType"":""Calibri"",""rotation"":0,""fontColor"":""#c1121f"",""textContent"":""楊毓晴真的當機沒在更""}]}","a6300bac-4d56-49f3-9e9e-a3919a9bd8cf"
"44d0db80-fa22-4631-be1e-fce32989c13c","2024-12-24T01:04:38.264771+00:00","2024-12-24T01:04:38.264771+00:00",false,"69a182fb-0b15-4b71-8188-62c0337b1037","{""items"":[{""x"":0.5311965942382812,""y"":0.5300157917619317,""z"":1,""id"":""58e17bfd-9bab-42b2-a291-d573dc8975ee"",""type"":""reaction"",""scale"":1,""fontSize"":0.017772511848341232,""fontType"":""Inkfree"",""rotation"":0,""fontColor"":""#c1121f"",""textContent"":""可以在紐約開餐廳嗎""}]}","2bdbc127-920a-432e-b1b6-1fa1ed6687a1"
"45a4ec3c-714f-41ac-8e8d-7257072b597a","2024-12-24T01:04:38.264771+00:00","2024-12-24T01:04:38.264771+00:00",false,"1af2b861-2670-469b-a3f6-7b9a5f84837f","{""items"":[{""x"":0.14259260495503762,""y"":0.6260292711109599,""z"":3,""id"":""bba61b08-e90d-4694-8af9-a5231e902107"",""type"":""text"",""width"":0,""height"":0,""fontSize"":0.021614821591948757,""fontType"":""Calibri"",""rotation"":0,""fontColor"":""#669bbc"",""textContent"":""沒洗頭戴帽子+1""}]}","632e3d17-8713-46e9-ab1b-604bfa3ce11f"
"45d427e6-bc1b-408b-86d8-782389700b36","2024-12-24T01:04:38.264771+00:00","2024-12-24T01:04:38.264771+00:00",false,"4c7d7e01-b24f-454a-99ed-75922218e2ac","{""items"":[{""x"":0.2478294852120544,""y"":0.5218764438669421,""z"":2,""id"":""aeabbe60-39ea-4ac1-907f-d3f056e7ac8c"",""type"":""text"",""width"":0,""height"":0,""fontSize"":0.029556650246305417,""fontType"":""Calibri"",""rotation"":0,""fontColor"":""#FFC300"",""textContent"":""？？？跟我講故事""}]}","6eea90f5-325a-4ccf-aceb-3471c02914c0"
"4733237c-6396-4610-901c-3150a3cfe517","2024-12-24T01:04:38.264771+00:00","2024-12-24T01:04:38.264771+00:00",false,"7de6a8eb-1e67-4f04-9a31-eaff9f42d621","{""items"":[{""x"":0.4303418673001795,""y"":0.6445497630331753,""z"":3,""id"":""be35dec7-af19-49f7-a367-9e02272a9be5"",""type"":""text"",""width"":0,""height"":0,""fontSize"":0.016587677725118485,""fontType"":""Calibri"",""rotation"":0,""fontColor"":""#ffffff"",""textContent"":""總是抽到不熟的角色""},{""x"":0.12179487179487179,""y"":0.5015797728045853,""z"":5,""id"":""d1524bfe-f0ec-451b-8dff-98cc919a47ae"",""type"":""text"",""width"":0,""height"":0,""fontSize"":0.035545023696682464,""fontType"":""Calibri"",""rotation"":0,""fontColor"":""#c1121f"",""textContent"":""知道了 下次買""}]}","a6300bac-4d56-49f3-9e9e-a3919a9bd8cf"
"47c1d080-131d-4746-ad48-a8fdebbe96c1","2024-12-24T01:04:38.264771+00:00","2024-12-24T01:04:38.264771+00:00",false,"0b270a0b-5b56-4246-afd9-1021f8787a7a","{""items"":[{""x"":0.5187603739155077,""y"":0.39397134438671566,""z"":2,""id"":""4b1372ac-0fac-47ce-8c45-a7da0ccddc9c"",""type"":""text"",""width"":0,""height"":0,""fontSize"":0.011848341232227487,""fontType"":""Calibri-Bold"",""rotation"":0,""fontColor"":""#669bbc"",""textContent"":""麥克長的越來越像我心目中的美國人""}]}","6eea90f5-325a-4ccf-aceb-3471c02914c0"
"482f0014-520d-4e70-b251-3bdb164abf70","2024-12-24T01:04:38.264771+00:00","2024-12-24T01:04:38.264771+00:00",false,"7274fbe1-b456-4f6a-9c0c-73752197417a","{""items"":[{""x"":0.664351839489407,""y"":0.39987418112794076,""z"":4,""id"":""074c6632-f5ac-4d82-bba7-0656dfe2ee25"",""type"":""text"",""width"":0,""height"":0,""fontSize"":0.03602470265324793,""fontType"":""Calibri"",""rotation"":0,""fontColor"":""#000"",""textContent"":""🩸""}]}","632e3d17-8713-46e9-ab1b-604bfa3ce11f"
"48c17dde-460f-4f9f-b103-4439a5f32076","2024-12-24T01:04:38.264771+00:00","2024-12-24T01:04:38.264771+00:00",false,"ee326fb3-be0e-4a11-ad80-7ee5be004a75","{""items"":[{""x"":0.3039200779282564,""y"":0.26162718435195736,""z"":2,""id"":""f8b75380-92fb-4b4d-82a0-8b7dbb95905a"",""type"":""text"",""width"":0,""height"":0,""fontSize"":0.02962085308056872,""fontType"":""Calibri"",""rotation"":0,""fontColor"":""#c1121f"",""textContent"":""蛤 正安玉？？蛤""}]}","6eea90f5-325a-4ccf-aceb-3471c02914c0"
"49767121-096f-43f1-9e8e-adcf05aa6584","2024-12-24T01:04:38.264771+00:00","2024-12-24T01:04:38.264771+00:00",false,"e361b301-adb1-4502-851c-70f8d94984ed","{""items"":[{""x"":0.47760416666666716,""y"":0.5115507776761206,""z"":4,""id"":""849f14b7-89b3-4054-8fe9-4056d39c902b"",""type"":""text"",""width"":0,""height"":0,""fontSize"":0.03602470265324793,""fontType"":""Calibri"",""rotation"":0,""fontColor"":""#ffffff"",""textContent"":""""},{""x"":0.2531828456454819,""y"":0.2557753888380603,""z"":3,""id"":""ef806604-e32b-45ab-bd19-59e6953c22c3"",""type"":""text"",""width"":0,""height"":0,""fontSize"":0.018012351326623963,""fontType"":""Calibri"",""rotation"":0,""fontColor"":""#c1121f"",""textContent"":""你的圖是不是消失了""}]}","2bdbc127-920a-432e-b1b6-1fa1ed6687a1"
"4b5b6b0a-c301-44fd-b3c5-f6247fdab744","2024-12-24T01:04:38.264771+00:00","2024-12-24T01:04:38.264771+00:00",false,"ee326fb3-be0e-4a11-ad80-7ee5be004a75","{""items"":[{""x"":0.4149572519155641,""y"":0.6516587677725119,""z"":3,""id"":""55ead857-3ff1-4e8f-9809-8f08ef2b22ee"",""type"":""text"",""width"":0,""height"":0,""fontSize"":0.017772511848341232,""fontType"":""Calibri"",""rotation"":0,""fontColor"":""#c1121f"",""textContent"":""我看成正安玉超話撈\n我想說是不是哪裡有錯\n再重看一次一切都合理了""}]}","a6300bac-4d56-49f3-9e9e-a3919a9bd8cf"
"4e2253df-de93-493c-ba9b-5f4ec6abd2b4","2024-12-24T01:04:38.264771+00:00","2024-12-24T01:04:38.264771+00:00",false,"53e78506-34e0-4426-8817-ed1bab4f3de4","{""items"":[{""x"":0.44316241924579325,""y"":0.33649289099526064,""z"":1,""id"":""52af02b7-2dc0-4cea-a351-9a2a9c15b716"",""type"":""reaction"",""scale"":1,""fontSize"":0.016587677725118485,""fontType"":""Ocra"",""rotation"":0,""fontColor"":""#c1121f"",""textContent"":""我今天的屎很稀""}]}","2bdbc127-920a-432e-b1b6-1fa1ed6687a1"
"4f5ea116-eb5a-47db-83a8-ccfda37ac1a3","2024-12-24T01:04:38.264771+00:00","2024-12-24T01:04:38.264771+00:00",false,"43986c47-50f3-46ce-806d-319b9a001880","{""items"":[{""x"":0.08385416666666676,""y"":0.5519784873271362,""z"":3,""id"":""8363df3e-35a9-40ad-a379-dd56ef3c8335"",""type"":""text"",""width"":0,""height"":0,""fontSize"":0.03602470265324793,""fontType"":""Calibri"",""rotation"":0,""fontColor"":""#c1121f"",""textContent"":""可以騎摩托車回家了""},{""x"":0.45572916666666713,""y"":0.48753430924062197,""z"":4,""id"":""18aa6353-a5cc-46e1-910e-90ede2b88c9f"",""type"":""text"",""width"":0,""height"":0,""fontSize"":0.019213174748398894,""fontType"":""Calibri"",""rotation"":0,""fontColor"":""#c1121f"",""textContent"":""乾你通勤時間超久\n沒位子真的自殺🔪""}]}","a6300bac-4d56-49f3-9e9e-a3919a9bd8cf"
"4fda2aef-3db7-48a0-8b9b-df0d200d42e2","2024-12-24T01:04:38.264771+00:00","2024-12-24T01:04:38.264771+00:00",false,"1af2b861-2670-469b-a3f6-7b9a5f84837f","{""items"":[{""x"":0.20538194444444466,""y"":0.49433898140505067,""z"":3,""id"":""23fe6ae7-c75c-425f-9215-6756eae0c5e8"",""type"":""text"",""width"":0,""height"":0,""fontSize"":0.02401646843549862,""fontType"":""Calibri"",""rotation"":0,""fontColor"":""#FFC300"",""textContent"":""看照片就覺得冷🧊🧊""}]}","a6300bac-4d56-49f3-9e9e-a3919a9bd8cf"
"5044c014-001b-437a-ba78-3d2082496540","2024-12-24T01:04:38.264771+00:00","2024-12-24T01:04:38.264771+00:00",false,"c5d0e3f4-6f89-4758-a335-f26c97a1cf5c","{""items"":[{""x"":0.828,""y"":0.8994252810924511,""z"":1,""id"":""1cbc0ec2-bbb5-4efb-ab02-a674bf6e735c"",""type"":""reaction"",""scale"":1,""fontSize"":0.03694581280788178,""fontType"":""PragmaticaExtended-Bold"",""rotation"":0,""fontColor"":""#000"",""textContent"":""+2""}]}","2bdbc127-920a-432e-b1b6-1fa1ed6687a1"
"50bfbf34-c50f-402f-94b5-d80a40e6cacd","2024-12-24T01:04:38.264771+00:00","2024-12-24T01:04:38.264771+00:00",false,"90b5cb2b-a04b-4833-8b24-831990e49920","{""items"":[{""x"":0.4111689938439263,""y"":0.9034194815409695,""z"":1,""id"":""ec070c05-6dab-4990-b73b-dcc1d2d5f453"",""type"":""reaction"",""scale"":1,""fontSize"":0.03602470265324794,""fontType"":""Calibri"",""rotation"":0,""fontColor"":""#ffffff"",""textContent"":""你有💩嗎""}]}","a6300bac-4d56-49f3-9e9e-a3919a9bd8cf"
"51bd7e86-2024-4611-abd5-07786f08f2ae","2024-12-24T01:04:38.264771+00:00","2024-12-24T01:04:38.264771+00:00",false,"afa1a568-b4c1-4a04-b04d-35a793f0beb2","{""items"":[{""x"":0.28201868576554706,""y"":0.4358372576359847,""z"":5,""id"":""71cce2bd-e156-44de-b125-2f2f6cb672fb"",""type"":""text"",""width"":0,""height"":0,""fontSize"":0.022300469483568074,""fontType"":""Calibri"",""rotation"":0,""fontColor"":""#c1121f"",""textContent"":""幹 看成605的電腦\nPTSD😍😍\n支持健康女孩！""}]}","a6300bac-4d56-49f3-9e9e-a3919a9bd8cf"
"52bcc176-cfd6-4456-b978-d58985e5c89f","2024-12-24T01:04:38.264771+00:00","2024-12-24T01:04:38.264771+00:00",false,"9c585e8e-7564-4b3c-a167-0eda2799cbfa","{""items"":[{""x"":0.6546666666666666,""y"":0.47577997968701846,""z"":4,""id"":""25e3fc12-76db-4bcb-bffd-2c1a3e4727d5"",""type"":""text"",""width"":0,""height"":0,""fontSize"":0.012315270935960592,""fontType"":""Calibri"",""rotation"":0,""fontColor"":""#c1121f"",""textContent"":""小投影機\n雷射筆\n卡帶機\n拼圖\n桌遊\n電子雞\n""}]}","2bdbc127-920a-432e-b1b6-1fa1ed6687a1"
"52e4e89a-4a04-4f9a-a499-a388265fe645","2024-12-24T01:04:38.264771+00:00","2024-12-24T01:04:38.264771+00:00",false,"29ce2d56-9f17-4fa2-9ab5-9098e83dbe89","{""items"":[{""x"":0.209075500643587,""y"":0.3219874744683924,""z"":1,""id"":""76efec31-fa2b-4f48-b7b8-03f760b35bfc"",""type"":""reaction"",""scale"":1,""fontSize"":0.018779342723004695,""fontType"":""Calibri"",""rotation"":0,""fontColor"":""#c1121f"",""textContent"":""你好棒 我也應該要開始健身😔""},{""x"":0.4329940757072002,""y"":0.36424099559515294,""z"":1,""id"":""dc143347-2ba4-4010-acab-d5b13ce48c45"",""type"":""reaction"",""scale"":1,""fontSize"":0.035211267605633804,""fontType"":""Calibri"",""rotation"":0,""fontColor"":""#c1121f"",""textContent"":""你最嗆""},{""x"":0.2680237359976344,""y"":0.7321987331193378,""z"":1,""id"":""ebabd404-8748-48ab-915c-b673bc9d3775"",""type"":""reaction"",""scale"":1,""fontSize"":0.019334458421728883,""fontType"":""Calibri"",""rotation"":0,""fontColor"":""#c1121f"",""textContent"":""想看美食vlog ""}]}","a6300bac-4d56-49f3-9e9e-a3919a9bd8cf"
"531be317-b2b8-4b55-bab5-8bb9c08c3bfd","2024-12-24T01:04:38.264771+00:00","2024-12-24T01:04:38.264771+00:00",false,"aebd9f75-9779-4111-bf6b-2176ad656d99","{""items"":[{""x"":0.05333331298828,""y"":0.2783250949652894,""z"":9,""id"":""c1c6c347-ebdd-498c-800a-a384a2ac5d6a"",""type"":""text"",""width"":0,""height"":0,""fontSize"":0.017241379310344827,""fontType"":""Calibri"",""rotation"":0,""fontColor"":""#c1121f"",""textContent"":""給你薯條過乾癮🫳🍟""}]}","632e3d17-8713-46e9-ab1b-604bfa3ce11f"
"54736c19-47d9-4b24-af5d-5b18a05cfc12","2024-12-24T01:04:38.264771+00:00","2024-12-24T01:04:38.264771+00:00",false,"4c7d7e01-b24f-454a-99ed-75922218e2ac","{""items"":[{""x"":0.52,""y"":0.3522167487684729,""z"":4,""id"":""7a84f970-1f3f-4a3c-93bb-87b37ec94bdf"",""type"":""text"",""width"":0,""height"":0,""fontSize"":0.013546798029556651,""fontType"":""Calibri"",""rotation"":0,""fontColor"":""#669bbc"",""textContent"":""我覺得對於被不喜歡的人追求\n感到尷尬很正常啦\n明確的拒絕就可以\n不用覺得欠對方什麼\n不喜歡就是不喜歡\n你的內心感受最大👑""}]}","632e3d17-8713-46e9-ab1b-604bfa3ce11f"
"54914d91-7cc9-4598-98e4-a623da729b37","2024-12-24T01:04:38.264771+00:00","2024-12-24T01:04:38.264771+00:00",false,"9c585e8e-7564-4b3c-a167-0eda2799cbfa","{""items"":[{""x"":0.3617777913411467,""y"":0.8399014778325123,""z"":3,""id"":""e0707af2-54c1-49c1-b40c-3048e6548c42"",""type"":""text"",""width"":0,""height"":0,""fontSize"":0.01600985221674877,""fontType"":""Calibri"",""rotation"":0,""fontColor"":""#000"",""textContent"":""我會喜歡 沐浴油  香氛機 之類的 我老人想睡覺""}]}","eecd2083-81ee-4e52-a4cf-fd6687bd002d"
"5719c9a0-a79a-4116-a38a-c8b8418b13f7","2024-12-24T01:04:38.264771+00:00","2024-12-24T01:04:38.264771+00:00",false,"aa331325-e95c-4ed6-ba96-da2cedc66a11","{""items"":[{""x"":0.060444458007812535,""y"":0.5377668371341502,""z"":4,""id"":""c297c353-0934-42e0-bb76-05795bbdaa4c"",""type"":""text"",""width"":0,""height"":0,""fontSize"":0.017241379310344827,""fontType"":""Calibri"",""rotation"":0,""fontColor"":""#669bbc"",""textContent"":""第二外語本來就很難\n不要氣餒慢慢來🥺""}]}","632e3d17-8713-46e9-ab1b-604bfa3ce11f"
"585e1a77-4766-4ef2-adc8-7b4191d35f30","2024-12-24T01:04:38.264771+00:00","2024-12-24T01:04:38.264771+00:00",false,"65d0d049-e044-46a0-a73f-0b43d96399d3","{""items"":[{""x"":0.11504630247751897,""y"":0.45851440377335706,""z"":7,""id"":""2c3c395b-3546-4ed5-bf6f-389acf474483"",""type"":""text"",""width"":0,""height"":0,""fontSize"":0.015610704483074103,""fontType"":""Calibri-Bold"",""rotation"":0,""fontColor"":""#000"",""textContent"":""沒事我作息跟你差不多\n冬天睡眠時間+3小時合情合理吧（？）""},{""x"":0.5938657654656326,""y"":0.5435727233747105,""z"":11,""id"":""da84e9d3-0fad-4b71-92d2-bcdd6eecd7b8"",""type"":""text"",""width"":0,""height"":0,""fontSize"":0.020413998170173826,""fontType"":""Calibri"",""rotation"":0,""fontColor"":""#669bbc"",""textContent"":""我用肌研""}]}","632e3d17-8713-46e9-ab1b-604bfa3ce11f"
"599a0009-0a92-437b-91fa-fcbf2ce11535","2024-12-24T01:04:38.264771+00:00","2024-12-24T01:04:38.264771+00:00",false,"b6b76b60-79f8-4a93-b2dc-3c9e9ef41a2d","{""items"":[{""x"":0.14539930943080429,""y"":0.9115114688537722,""z"":2,""id"":""742fc0fb-e431-4976-97e2-fe538aceaab5"",""type"":""text"",""width"":0,""height"":0,""fontSize"":0.02586206896551724,""fontType"":""Calibri"",""rotation"":0,""fontColor"":""#FFC300"",""textContent"":""育瑄媽我要孝敬你""}]}","6eea90f5-325a-4ccf-aceb-3471c02914c0"
"5bd13e8f-dcca-4027-8759-e937220d5d4b","2024-12-24T01:04:38.264771+00:00","2024-12-24T01:04:38.264771+00:00",false,"003eb18c-2b7a-41df-bae9-e24b2d9a8ee0","{""items"":[{""x"":0.53511112467448,""y"":0.6514778137207032,""z"":7,""id"":""e30160eb-1fb5-4d5c-a856-20b4ec36b063"",""type"":""text"",""width"":0,""height"":0,""fontSize"":0.017241379310344827,""fontType"":""Calibri"",""rotation"":0,""fontColor"":""#c1121f"",""textContent"":""好餓…好想吃喔…..""}]}","632e3d17-8713-46e9-ab1b-604bfa3ce11f"
"5d971db9-badb-4937-9131-5ba79b7a8126","2024-12-24T01:04:38.264771+00:00","2024-12-24T01:04:38.264771+00:00",false,"d56f1e77-5337-4b21-b120-1d8f8d77f9d4","{""items"":[{""x"":0.6153356234232584,""y"":0.9346408905071177,""z"":1,""id"":""7254a069-4e48-4a4e-8b4e-5e1d655eae42"",""type"":""reaction"",""scale"":1,""fontSize"":0.03602470265324794,""fontType"":""Calibri"",""rotation"":0,""fontColor"":""#c1121f"",""textContent"":""正解😍""}]}","2bdbc127-920a-432e-b1b6-1fa1ed6687a1"
"5edf232c-359a-411c-b105-e1c56e671d08","2024-12-24T01:04:38.264771+00:00","2024-12-24T01:04:38.264771+00:00",false,"0e7a78e9-0525-4ffd-982b-616c8a4d373a","{""items"":[{""x"":0.7012820512820512,""y"":0.5367298578199052,""z"":1,""id"":""9cc12db2-b6fc-4def-9e8e-dbbbd371ab1e"",""type"":""reaction"",""scale"":1,""fontSize"":0.02014218009478673,""fontType"":""PragmaticaExtended-Bold"",""rotation"":0,""fontColor"":""#FFC300"",""textContent"":""哇嗚哇哇嗚哇""}]}","2bdbc127-920a-432e-b1b6-1fa1ed6687a1"
"5ee8e3d8-1d03-4e08-8372-aa06550eac72","2024-12-24T01:04:38.264771+00:00","2024-12-24T01:04:38.264771+00:00",false,"141f926e-4db9-49f8-a4ee-cd0404cdefd7","{""items"":[{""x"":0.5196581326998205,""y"":0.6149289099526066,""z"":3,""id"":""b5f43ee0-c798-4667-9521-020091ee16c1"",""type"":""text"",""width"":0,""height"":0,""fontSize"":0.023696682464454975,""fontType"":""Calibri"",""rotation"":0,""fontColor"":""#c1121f"",""textContent"":""看起來好香""}]}","632e3d17-8713-46e9-ab1b-604bfa3ce11f"
"5f1859a1-3d82-4b28-a875-e3abb9150089","2024-12-24T01:04:38.264771+00:00","2024-12-24T01:04:38.264771+00:00",false,"87a0f831-cf0d-4cbc-bb0e-b49a5f91cd5e","{""items"":[{""x"":0.3547008807842539,""y"":0.7191943127962085,""z"":4,""id"":""15602f8d-b8d3-4ac4-8f79-c155ba12349f"",""type"":""text"",""width"":0,""height"":0,""fontSize"":0.011848341232227487,""fontType"":""Calibri"",""rotation"":0,""fontColor"":""#669bbc"",""textContent"":""好聖誕喔超級可愛！！🎄""}]}","eecd2083-81ee-4e52-a4cf-fd6687bd002d"
"5f1f017a-dd7f-4b24-b84c-c7adcfce373b","2024-12-24T01:04:38.264771+00:00","2024-12-24T01:04:38.264771+00:00",false,"b2b0958b-9e6e-4ad2-9b44-89de7d093b74","{""items"":[{""x"":0.15758104324340844,""y"":0.33142726440988096,""z"":3,""id"":""e9bfa45f-1bf0-4141-a6d6-de05616cd84f"",""type"":""text"",""width"":0,""height"":0,""fontSize"":0.021614821591948757,""fontType"":""Calibri"",""rotation"":0,""fontColor"":""#ffffff"",""textContent"":""我也想換這個同事""}]}","a6300bac-4d56-49f3-9e9e-a3919a9bd8cf"
"610010f5-9c2a-48b6-8719-b69163eed055","2024-12-24T01:04:38.264771+00:00","2024-12-24T01:04:38.264771+00:00",false,"26f404fa-9c35-4fd8-9333-e6931f771982","{""items"":[{""x"":0.3957265022473461,""y"":0.476303317535545,""z"":7,""id"":""b35d5ebb-b9c9-4f40-b1c5-a4ad14b91d05"",""type"":""text"",""width"":0,""height"":0,""fontSize"":0.0233079309608109,""fontType"":""Cour"",""rotation"":0,""fontColor"":""#FFC300"",""textContent"":""可以也帶我嗎""}]}","632e3d17-8713-46e9-ab1b-604bfa3ce11f"
"6138f116-418c-4766-b0fc-0efe0246a63b","2024-12-24T01:04:38.264771+00:00","2024-12-24T01:04:38.264771+00:00",false,"66613263-c94d-4795-9762-a5ef8896a045","{""items"":[{""x"":0.05131468639422316,""y"":0.22417840375586853,""z"":3,""id"":""51927c92-1dfd-4836-8feb-51792fad39ca"",""type"":""text"",""width"":0,""height"":0,""fontSize"":0.035211267605633804,""fontType"":""Calibri"",""rotation"":0,""fontColor"":""#ffffff"",""textContent"":""吉吉吉吉貝貝貝貝""}]}","a6300bac-4d56-49f3-9e9e-a3919a9bd8cf"
"6240471d-38a9-44b5-90e6-61694a4037d3","2024-12-24T01:04:38.264771+00:00","2024-12-24T01:04:38.264771+00:00",false,"6ee887f3-1bf0-4536-9d5a-e3c26b524728","{""items"":[{""x"":0.26463104325699743,""y"":0.6228482062827817,""z"":5,""id"":""1ae605f0-71f5-44f3-9d8d-65a69a28cb84"",""type"":""text"",""width"":0,""height"":0,""fontSize"":0.02112676056338028,""fontType"":""Calibri"",""rotation"":0,""fontColor"":""#c1121f"",""textContent"":""你送什麼""}]}","632e3d17-8713-46e9-ab1b-604bfa3ce11f"
"627566a0-b7bb-4107-b5c3-962516be64de","2024-12-24T01:04:38.264771+00:00","2024-12-24T01:04:38.264771+00:00",false,"b6b76b60-79f8-4a93-b2dc-3c9e9ef41a2d","{""items"":[{""x"":0.26666666666666666,""y"":0.8378489452042599,""z"":6,""id"":""20da1556-8244-4be1-88e9-faecf850802c"",""type"":""text"",""width"":0,""height"":0,""fontSize"":0.019704433497536946,""fontType"":""Calibri"",""rotation"":0,""fontColor"":""#000"",""textContent"":""小寶寶加油 以後日本見🤍🇯🇵💖💖""}]}","eecd2083-81ee-4e52-a4cf-fd6687bd002d"
"6347560f-e07d-43da-ac6c-9e84c806f64f","2024-12-24T01:04:38.264771+00:00","2024-12-24T01:04:38.264771+00:00",false,"9c585e8e-7564-4b3c-a167-0eda2799cbfa","{""items"":[{""x"":0.2906666666666667,""y"":0.11042693565631737,""z"":5,""id"":""89f824a2-dc0b-426c-aebe-b51cd55f7f50"",""type"":""text"",""width"":0,""height"":0,""fontSize"":0.017241379310344827,""fontType"":""Calibri"",""rotation"":0,""fontColor"":""#669bbc"",""textContent"":""這個時候就要攻擊回去\n用他們的魔法對付他們""},{""x"":0.25422224934895843,""y"":0.570607547102303,""z"":10,""id"":""d3db516b-677f-4936-bede-806de2bfa9f0"",""type"":""text"",""width"":0,""height"":0,""fontSize"":0.013546798029556651,""fontType"":""Calibri-Bold"",""rotation"":0,""fontColor"":""#c1121f"",""textContent"":""如果是我 \n收到精緻食品禮盒會蠻開心的…\n餅乾 鹹食 感覺都很不錯""}]}","632e3d17-8713-46e9-ab1b-604bfa3ce11f"
"6356b8f7-4ac1-497f-8f64-0e699db7692f","2024-12-24T01:04:38.264771+00:00","2024-12-24T01:04:38.264771+00:00",false,"0dd65cbd-77c7-4fe4-8596-28c89554326c","{""items"":[{""x"":0.6882523642645955,""y"":0.5103499542543457,""z"":13,""id"":""9eaeda3d-1787-4dd2-a6c5-f0de7ee70ee9"",""type"":""text"",""width"":0,""height"":0,""fontSize"":0.03602470265324793,""fontType"":""Calibri"",""rotation"":0,""fontColor"":""#ffffff"",""textContent"":""🈲""},{""x"":0.34473378393385107,""y"":0.6456427325486921,""z"":6,""id"":""ed0788d6-b234-4656-a3b5-2b9513cee132"",""type"":""text"",""width"":0,""height"":0,""fontSize"":0.015610704483074103,""fontType"":""Calibri"",""rotation"":0,""fontColor"":""#c1121f"",""textContent"":""同意 人就是會需要時不時的大睡覺""},{""x"":0.6728588210211858,""y"":0.1989364196484177,""z"":9,""id"":""a5d98aa5-5054-4ab2-9187-535c41625aa4"",""type"":""text"",""width"":0,""height"":0,""fontSize"":0.03602470265324793,""fontType"":""Calibri"",""rotation"":0,""fontColor"":""#ffffff"",""textContent"":""🎀""},{""x"":0.23616899384392662,""y"":0.7096866422689843,""z"":16,""id"":""14e9305a-59dd-4e8b-bebf-c8ecbe0e6f72"",""type"":""text"",""width"":0,""height"":0,""fontSize"":0.020413998170173826,""fontType"":""Calibri"",""rotation"":0,""fontColor"":""#000"",""textContent"":""眼睛閉起來就什麼都看不到了…😍""}]}","2bdbc127-920a-432e-b1b6-1fa1ed6687a1"
"63a4237b-813b-43b5-86cf-844ede4ee806","2024-12-24T01:04:38.264771+00:00","2024-12-24T01:04:38.264771+00:00",false,"0403fc3b-79b3-4980-a4ca-186dcf06acff","{""items"":[{""x"":0.19230769230769232,""y"":0.4830173835935186,""z"":1,""id"":""9061c862-2278-4e22-a9c6-1b75a9b1d1fd"",""type"":""reaction"",""scale"":1,""fontSize"":0.024881516587677725,""fontType"":""Calibri-Bold"",""rotation"":0,""fontColor"":""#c1121f"",""textContent"":""恭喜夫人 是個健康的💩寶寶🎉""}]}","632e3d17-8713-46e9-ab1b-604bfa3ce11f"
"6492a2c2-4e89-4958-8bd1-6ab7232f4b3a","2024-12-24T01:04:38.264771+00:00","2024-12-24T01:04:38.264771+00:00",false,"b0c2e1ae-baea-4f30-9b13-08c151aa8ca9","{""items"":[{""x"":0.025777791341145866,""y"":0.48768474785565147,""z"":5,""id"":""3dd578ca-a4bd-493a-bf2d-db96b183364d"",""type"":""text"",""width"":0,""height"":0,""fontSize"":0.03694581280788178,""fontType"":""Calibri-Bold"",""rotation"":0,""fontColor"":""#FFC300"",""textContent"":""想吃雞塊""}]}","632e3d17-8713-46e9-ab1b-604bfa3ce11f"
"66fda7a1-04c2-43f7-80d3-b73ffecee6a4","2024-12-24T01:04:38.264771+00:00","2024-12-24T01:04:38.264771+00:00",false,"31c0c54b-2973-4ebb-8922-479998378ea2","{""items"":[{""x"":0.30222220865885335,""y"":0.7668308765430173,""z"":28,""id"":""22c17842-e26d-4cb0-afe7-08e73ddd7c6a"",""type"":""text"",""width"":0,""height"":0,""fontSize"":0.014778325123152709,""fontType"":""PragmaticaExtended-Bold"",""rotation"":0,""fontColor"":""#fdf0d5"",""textContent"":""被偶像翻牌😍😍""},{""x"":0.4208888956705733,""y"":0.3565270842002525,""z"":25,""id"":""8b8cd85a-3112-447f-8a70-6d6901949f3c"",""type"":""text"",""width"":0,""height"":0,""fontSize"":0.019259913504146183,""fontType"":""Calibri-Bold"",""rotation"":0,""fontColor"":""#000"",""textContent"":""Spotify 今年的配色很謎\n聽說是AI做的😍""},{""x"":0.5955555826822907,""y"":0.23111659082873154,""z"":21,""id"":""d6ae48f8-3c5f-46d7-bab8-04934e5714e3"",""type"":""text"",""width"":0,""height"":0,""fontSize"":0.017702402534250122,""fontType"":""Calibri-Bold"",""rotation"":0,""fontColor"":""#FFC300"",""textContent"":""好可愛 想被🐕貼""},{""x"":0.6146666259765653,""y"":0.8017241379310333,""z"":13,""id"":""4d1a9c3b-fd00-446b-a0b0-8b6f7db783b1"",""type"":""text"",""width"":0,""height"":0,""fontSize"":0.013871406933008128,""fontType"":""Exo2-Italic"",""rotation"":0,""fontColor"":""#669bbc"",""textContent"":""如果你說的是因為\n手機螢幕大小不同造成的跑版\n可能要再等等🥹有點難修""}]}","632e3d17-8713-46e9-ab1b-604bfa3ce11f"
"6713a3fa-57a3-4b6c-bb30-13b490c7358e","2024-12-24T01:04:38.264771+00:00","2024-12-24T01:04:38.264771+00:00",false,"56b777d6-a2ee-40c1-803e-015024a9778c","{""items"":[{""x"":0.07888036829824656,""y"":0.6741001684341079,""z"":8,""id"":""7d1ef030-48c0-491c-a5b3-f96a8b87a7e0"",""type"":""text"",""width"":0,""height"":0,""fontSize"":0.014084507042253521,""fontType"":""Calibri"",""rotation"":0,""fontColor"":""#ffffff"",""textContent"":""兩個可愛的傢伙""},{""x"":0.6844783715012722,""y"":0.602112676056338,""z"":4,""id"":""68d151c9-47dd-45d4-ab9f-381ab2626041"",""type"":""text"",""width"":0,""height"":0,""fontSize"":0.022300469483568074,""fontType"":""Calibri"",""rotation"":0,""fontColor"":""#c1121f"",""textContent"":""可愛打可愛""}]}","eecd2083-81ee-4e52-a4cf-fd6687bd002d"
"6980deed-4863-485f-9e29-0c191f741262","2024-12-24T01:04:38.264771+00:00","2024-12-24T01:04:38.264771+00:00",false,"26193561-4ab0-4229-a43b-619789708acc","{""items"":[{""x"":0.049145273061898975,""y"":0.6548183314608176,""z"":6,""id"":""1ea5e286-d440-4100-9ed8-15e41695511a"",""type"":""text"",""width"":0,""height"":0,""fontSize"":0.018957345971563982,""fontType"":""Calibri"",""rotation"":0,""fontColor"":""#FFC300"",""textContent"":""那麥可鬍子出生到現在有剪過嗎""},{""x"":0.5867521628355359,""y"":0.20932070112906398,""z"":4,""id"":""22297061-09df-45c7-8130-e7fdc1edf5a4"",""type"":""text"",""width"":0,""height"":0,""fontSize"":0.02132701421800948,""fontType"":""Calibri"",""rotation"":0,""fontColor"":""#000"",""textContent"":""回紐約了🎉""}]}","a6300bac-4d56-49f3-9e9e-a3919a9bd8cf"
"6a19e4a6-e1ef-4209-98a2-53401c3d801a","2024-12-24T01:04:38.264771+00:00","2024-12-24T01:04:38.264771+00:00",false,"2ddadd8c-88f8-46f4-8b48-25f3be12f9fa","{""items"":[{""x"":0.5474358974358975,""y"":0.5545023877473804,""z"":6,""id"":""af287975-38e6-4e86-88c9-8889b7f218e3"",""type"":""text"",""width"":0,""height"":0,""fontSize"":0.035545023696682464,""fontType"":""Calibri-Bold"",""rotation"":0,""fontColor"":""#c1121f"",""textContent"":""我要看""}]}","2bdbc127-920a-432e-b1b6-1fa1ed6687a1"
"6b445615-7ca5-495a-8af6-d60a8daa643c","2024-12-24T01:04:38.264771+00:00","2024-12-24T01:04:38.264771+00:00",false,"714fcd02-523b-4f7c-95a1-f7f228e646fe","{""items"":[{""x"":0.5000000388264353,""y"":0.36815337060203013,""z"":1,""id"":""a6e2d969-8485-4f72-9029-4e2be8c310d1"",""type"":""reaction"",""scale"":1,""fontSize"":0.014084507042253521,""fontType"":""Cour"",""rotation"":0,""fontColor"":""#669bbc"",""textContent"":""不喜歡就別勉強自己\n想去露營我們可以一起去💓🔥""},{""x"":0.4770992366412214,""y"":0.4765258215962441,""z"":1,""id"":""b399456b-6c21-47f2-8644-d394ed80694f"",""type"":""reaction"",""scale"":1,""fontSize"":0.035211267605633804,""fontType"":""Calibri"",""rotation"":0,""fontColor"":""#ffffff"",""textContent"":""""},{""x"":0.4304495270318961,""y"":0.6502347238746607,""z"":1,""id"":""e39f8cb4-96c0-4a30-bde3-21f781f273f4"",""type"":""reaction"",""scale"":1,""fontSize"":0.018801211655312865,""fontType"":""Calibri"",""rotation"":0,""fontColor"":""#c1121f"",""textContent"":""我今天沒大便 慘了""},{""x"":0.02629341727298028,""y"":0.11932701683939903,""z"":1,""id"":""f8db5280-d547-4bc0-bff0-ea4dd2a474b9"",""type"":""reaction"",""scale"":1,""fontSize"":0.1276725026087451,""fontType"":""Calibri"",""rotation"":-0.5982804282631264,""fontColor"":""#ffffff"",""textContent"":""🫳🏻""}]}","a6300bac-4d56-49f3-9e9e-a3919a9bd8cf"
"6c6bcfd4-2b81-40c0-8e68-5ff490d570fb","2024-12-24T01:04:38.264771+00:00","2024-12-24T01:04:38.264771+00:00",false,"ee6de057-a91d-4175-820c-3f6b47418ded","{""items"":[{""x"":0.11367523975861385,""y"":0.583333327306955,""z"":3,""id"":""6587bca8-2adc-44d3-8199-f7307d5231f9"",""type"":""text"",""width"":0,""height"":0,""fontSize"":0.023696682464454975,""fontType"":""Calibri"",""rotation"":0,""fontColor"":""#FFC300"",""textContent"":""滿版好讚""}]}","632e3d17-8713-46e9-ab1b-604bfa3ce11f"
"6ca3e749-076d-45ea-aa4b-ed761efbc2e7","2024-12-24T01:04:38.264771+00:00","2024-12-24T01:04:38.264771+00:00",false,"c33d57e3-7321-4c58-b790-a28516bacb01","{""items"":[{""x"":0.22435897435897512,""y"":0.2531595456091706,""z"":5,""id"":""08630ce3-635c-4e15-904b-8fdb0815147e"",""type"":""text"",""width"":0,""height"":0,""fontSize"":0.013033175355450236,""fontType"":""Calibri"",""rotation"":0,""fontColor"":""#c1121f"",""textContent"":""到底為什麼可以這麼藍\n愛死💯""}]}","2bdbc127-920a-432e-b1b6-1fa1ed6687a1"
"6cc727c2-e7bb-4a60-b2a1-f522fd395407","2024-12-24T01:04:38.264771+00:00","2024-12-24T01:04:38.264771+00:00",false,"29495586-37a5-45ae-ba10-7d53b5795039","{""items"":[{""x"":0.23422220865885413,""y"":0.7840722558533622,""z"":5,""id"":""a44234f6-7e4b-4739-a4d8-2537c049a604"",""type"":""text"",""width"":0,""height"":0,""fontSize"":0.023399014778325122,""fontType"":""Calibri"",""rotation"":0,""fontColor"":""#c1121f"",""textContent"":""八點到底怎麼爬的起來😍👶""},{""x"":0.5257777913411467,""y"":0.24548439439294334,""z"":13,""id"":""2f183a39-30bc-4c58-b2fa-9a238e8b47fb"",""type"":""text"",""width"":0,""height"":0,""fontSize"":0.03694581280788178,""fontType"":""Calibri"",""rotation"":0,""fontColor"":""#ffffff"",""textContent"":""💋""},{""x"":0.6653333740234374,""y"":0.10303775430312845,""z"":8,""id"":""0b694217-c949-4fc2-a6d0-bc0fbcd032f7"",""type"":""text"",""width"":0,""height"":0,""fontSize"":0.03694581280788178,""fontType"":""Calibri"",""rotation"":0,""fontColor"":""#ffffff"",""textContent"":""👑""}]}","2bdbc127-920a-432e-b1b6-1fa1ed6687a1"
"6e397d15-e7b5-4655-a476-67d3f97dfb8a","2024-12-24T01:04:38.264771+00:00","2024-12-24T01:04:38.264771+00:00",false,"56b777d6-a2ee-40c1-803e-015024a9778c","{""items"":[{""x"":0.35961236263872776,""y"":0.6692785842557781,""z"":2,""id"":""5a121bec-5bae-4cd5-8f9f-188bb3d7e0a8"",""type"":""text"",""width"":0,""height"":0,""fontSize"":0.017605633802816902,""fontType"":""Calibri"",""rotation"":0,""fontColor"":""#c1121f"",""textContent"":""好奇換到什麼🤩""}]}","6eea90f5-325a-4ccf-aceb-3471c02914c0"
"6e891ece-7591-427d-8b33-70319663d108","2024-12-24T01:04:38.264771+00:00","2024-12-24T01:04:38.264771+00:00",false,"b31a0db8-e5e3-4711-b706-735caf3738bf","{""items"":[{""x"":0.3844444580078125,""y"":0.22865351784992688,""z"":1,""id"":""96857fcf-bd72-492f-817d-532eccd681cc"",""type"":""reaction"",""scale"":1,""fontSize"":0.01600985221674877,""fontType"":""Calibri"",""rotation"":0,""fontColor"":""#c1121f"",""textContent"":""有夠早""}]}","2bdbc127-920a-432e-b1b6-1fa1ed6687a1"
"6eb15c3b-5e14-48ad-911d-931637626704","2024-12-24T01:04:38.264771+00:00","2024-12-24T01:04:38.264771+00:00",false,"06904959-e6d3-4b2d-9766-d3399a9369e8","{""items"":[{""x"":0.07082275701236489,""y"":0.48278559653411973,""z"":7,""id"":""da1ca2b2-a31a-40c2-b5a5-026be6b1d11b"",""type"":""text"",""width"":0,""height"":0,""fontSize"":0.014084507042253521,""fontType"":""Calibri"",""rotation"":0,""fontColor"":""#000"",""textContent"":""謝謝 我決定今年冬天\n要回收哪一件外套了""},{""x"":0.5084817512648092,""y"":0.4518779342723005,""z"":3,""id"":""6e285e05-be05-4c5f-874d-96721f56d845"",""type"":""text"",""width"":0,""height"":0,""fontSize"":0.01995305164319249,""fontType"":""Calibri"",""rotation"":0,""fontColor"":""#ffffff"",""textContent"":""吉他女神😍💓🔥""}]}","a6300bac-4d56-49f3-9e9e-a3919a9bd8cf"
"6eb618c1-218f-4b7e-bc88-cd92d168f5f3","2024-12-24T01:04:38.264771+00:00","2024-12-24T01:04:38.264771+00:00",false,"dbb488ee-84de-457b-abb9-264eb5d1fbe6","{""items"":[{""x"":0.659498348864882,""y"":0.6085818599992772,""z"":3,""id"":""a88f1a4c-af55-44a3-a543-5bf17a487193"",""type"":""text"",""width"":0,""height"":0,""fontSize"":0.022511848341232227,""fontType"":""Calibri"",""rotation"":0,""fontColor"":""#c1121f"",""textContent"":""怎麼會是百合\nBL 不香了嗎""}]}","6eea90f5-325a-4ccf-aceb-3471c02914c0"
"6f8b77e5-f450-4cb2-91fd-83f51f77cd5e","2024-12-24T01:04:38.264771+00:00","2024-12-24T01:04:38.264771+00:00",false,"17b53baf-d263-4bee-ae20-fab13f857dbf","{""items"":[{""x"":0.42478837803431924,""y"":0.26282761081853945,""z"":1,""id"":""0791679f-eb90-4eb5-9cea-d434842d7fe1"",""type"":""reaction"",""scale"":1,""fontSize"":0.024630541871921183,""fontType"":""Calibri"",""rotation"":0,""fontColor"":""#c1121f"",""textContent"":""不需要這麼詳細""},{""x"":0.1609785330636161,""y"":0.9342195912199402,""z"":1,""id"":""713aa47e-0c80-4061-96fe-f82be64b98c0"",""type"":""reaction"",""scale"":1,""fontSize"":0.02832512315270936,""fontType"":""Calibri-Bold"",""rotation"":0,""fontColor"":""#c1121f"",""textContent"":""充實的一天👍""}]}","6eea90f5-325a-4ccf-aceb-3471c02914c0"
"6fa26714-398c-48bf-956c-a5b0bcbc2443","2024-12-24T01:04:38.264771+00:00","2024-12-24T01:04:38.264771+00:00",false,"8a7db992-848f-4c0b-93c6-a44f23786096","{""items"":[{""x"":0.366412213740458,""y"":0.7468701035763732,""z"":3,""id"":""f2ab6656-b034-466b-9ef5-b520266e2f45"",""type"":""text"",""width"":0,""height"":0,""fontSize"":0.02464788732394366,""fontType"":""Calibri"",""rotation"":0,""fontColor"":""#669bbc"",""textContent"":""作者已提告\n趙老師已血壓飆升""}]}","eecd2083-81ee-4e52-a4cf-fd6687bd002d"
"6fe9c581-d87f-4bcb-bd8f-4320c6a0846c","2024-12-24T01:04:38.264771+00:00","2024-12-24T01:04:38.264771+00:00",false,"e866aa84-d94c-4319-a7f5-14b1563672b9","{""items"":[{""x"":0.21324787628956335,""y"":0.18127962085308058,""z"":3,""id"":""437f8512-a80a-4fc6-8053-ff6803eeb677"",""type"":""text"",""width"":0,""height"":0,""fontSize"":0.017772511848341232,""fontType"":""Calibri"",""rotation"":0,""fontColor"":""#c1121f"",""textContent"":""幸運的🥰（？）""},{""x"":0.7038461538461539,""y"":0.6662717159325474,""z"":5,""id"":""1a209125-0c48-4b3a-bcad-11cbbd246f1a"",""type"":""text"",""width"":0,""height"":0,""fontSize"":0.035545023696682464,""fontType"":""Calibri"",""rotation"":0,""fontColor"":""#ffffff"",""textContent"":""好大""}]}","a6300bac-4d56-49f3-9e9e-a3919a9bd8cf"
"700e7226-f073-49fb-a73f-392892e41fc1","2024-12-24T01:04:38.264771+00:00","2024-12-24T01:04:38.264771+00:00",false,"e22d9522-367d-49ac-9508-099ff6d095df","{""items"":[{""x"":0.4739583333333333,""y"":0.506747483989021,""z"":1,""id"":""814e38ea-326b-4221-8829-e69607c59993"",""type"":""reaction"",""scale"":1,""fontSize"":0.03602470265324794,""fontType"":""Calibri"",""rotation"":0,""fontColor"":""#ffffff"",""textContent"":""""},{""x"":0.1182870864868164,""y"":0.6118195425558831,""z"":1,""id"":""c5908b3c-fa01-4bcb-9432-64b244b850b5"",""type"":""reaction"",""scale"":1,""fontSize"":0.01995995927517367,""fontType"":""Calibri-Bold"",""rotation"":0,""fontColor"":""#000"",""textContent"":""突然想起\n我的BL同人本收藏還在你那邊嗎""},{""x"":0.19849541982014973,""y"":0.7405077645458001,""z"":1,""id"":""dbb03667-c1e5-4405-9d45-00c484d4edce"",""type"":""reaction"",""scale"":1,""fontSize"":0.021948551828997374,""fontType"":""Calibri-Bold"",""rotation"":-0.0027930894757326463,""fontColor"":""#000"",""textContent"":""早知道我當初直接寄到你家\n下次回台灣我要記得😍""}]}","632e3d17-8713-46e9-ab1b-604bfa3ce11f"
"70caef4b-b68a-40b8-8598-8f0ad3fa158f","2024-12-24T01:04:38.264771+00:00","2024-12-24T01:04:38.264771+00:00",false,"2acc7fdc-4e5a-4bba-9888-b4f56429e3c1","{""items"":[{""x"":0.2544283290992053,""y"":0.19680058956146204,""z"":6,""id"":""2201f4e5-26ce-4cd4-a5ad-d223f2b467cb"",""type"":""text"",""width"":0,""height"":0,""fontSize"":0.033482142857142856,""fontType"":""Calibri"",""rotation"":0,""fontColor"":""#ffffff"",""textContent"":""Reaction Time""},{""x"":0.534621602671157,""y"":0.2622767857142857,""z"":8,""id"":""041e4c51-c655-47fb-b9a0-729f24ec8b0c"",""type"":""text"",""width"":0,""height"":0,""fontSize"":0.033482142857142856,""fontType"":""Calibri-Bold"",""rotation"":0,""fontColor"":""#c1121f"",""textContent"":""Hello""}]}","632e3d17-8713-46e9-ab1b-604bfa3ce11f"
"70d3ca85-756b-419f-99e9-aec5f531179d","2024-12-24T01:04:38.264771+00:00","2024-12-24T01:04:38.264771+00:00",false,"e990c38f-2f3c-4fdc-9aed-cc361268e23c","{""items"":[{""x"":0.6017093756260026,""y"":0.5991311276693472,""z"":5,""id"":""05625a3b-1bca-4683-9d67-92b95ef188ae"",""type"":""text"",""width"":0,""height"":0,""fontSize"":0.015402843601895734,""fontType"":""Calibri"",""rotation"":0,""fontColor"":""#FFC300"",""textContent"":""請問-2有洗澡嗎""}]}","eecd2083-81ee-4e52-a4cf-fd6687bd002d"
"719cd5d5-d787-4b98-a0ae-1684e1e216f0","2024-12-24T01:04:38.264771+00:00","2024-12-24T01:04:38.264771+00:00",false,"273698cd-c5cc-4e20-b557-fcf9a508781c","{""items"":[{""x"":0.5031111450195307,""y"":0.6761084025716564,""z"":17,""id"":""732abef1-a176-4013-9424-8d1e8ba874e5"",""type"":""text"",""width"":0,""height"":0,""fontSize"":0.015345258437763793,""fontType"":""Calibri-Bold"",""rotation"":0,""fontColor"":""#000"",""textContent"":""ㄟ追星不用看字幕也太令人羨慕…""},{""x"":0.5346666463216134,""y"":0.8374384048537082,""z"":15,""id"":""e9cda13f-f806-40d4-b7ce-4e77e72cb0ad"",""type"":""text"",""width"":0,""height"":0,""fontSize"":0.01847290640394089,""fontType"":""Calibri"",""rotation"":0,""fontColor"":""#c1121f"",""textContent"":""不可能上班請假\n主管還說要不要一起去玩\n親切到很怕他在演戲😍""}]}","632e3d17-8713-46e9-ab1b-604bfa3ce11f"
"73b35afe-d33a-4f08-ab34-39902e27a46c","2024-12-24T01:04:38.264771+00:00","2024-12-24T01:04:38.264771+00:00",false,"222a7da9-c400-4283-bae5-e2d040410019","{""items"":[{""x"":0.6424936386768448,""y"":0.4096244131455399,""z"":7,""id"":""06fe6c27-8998-4454-809a-aa4c6e3c744a"",""type"":""text"",""width"":0,""height"":0,""fontSize"":0.035211267605633804,""fontType"":""Calibri"",""rotation"":0,""fontColor"":""#ffffff"",""textContent"":""🫧🫶🏻""},{""x"":0.13104325699745548,""y"":0.5535993620823252,""z"":3,""id"":""4c6b5307-46b1-4f9e-bea0-f213022f4f58"",""type"":""text"",""width"":0,""height"":0,""fontSize"":0.011737089201877934,""fontType"":""Calibri"",""rotation"":0,""fontColor"":""#669bbc"",""textContent"":""我一直很喜歡\n「大家都跑在不一樣的跑道上，\n每個人都有自己的終點」\n這句話救贖了我好多次，\n讓偶爾願意拿出一點努力的我\n覺得沒關係我只是有自己的步伐\n想休息的時候就要睡飽，\n想出去玩的時候就多看一點風景\n我們的路不一樣，\n走比較久，但或許比別人更豐富\n都一起擺脫焦慮小狗🐶""},{""x"":0.6577608142493638,""y"":0.4612676056338028,""z"":5,""id"":""25b5af55-2537-47cb-9887-84aa87c97ef4"",""type"":""text"",""width"":0,""height"":0,""fontSize"":0.035211267605633804,""fontType"":""Calibri"",""rotation"":0,""fontColor"":""#ffffff"",""textContent"":""💓🥰😍""}]}","a6300bac-4d56-49f3-9e9e-a3919a9bd8cf"
"7588441e-25b5-4d63-9d84-75b1673b2690","2024-12-24T01:04:38.264771+00:00","2024-12-24T01:04:38.264771+00:00",false,"3a8605d4-dc33-4158-a2be-a09543bb94cf","{""items"":[{""x"":0.12266666666666666,""y"":0.7089491031440025,""z"":4,""id"":""a8eb9df5-67ff-43b4-9247-8470398bd323"",""type"":""text"",""width"":0,""height"":0,""fontSize"":0.019704433497536946,""fontType"":""Calibri"",""rotation"":0,""fontColor"":""#c1121f"",""textContent"":""想你了""}]}","632e3d17-8713-46e9-ab1b-604bfa3ce11f"
"75996d71-9154-4d08-b8e8-452fcb8d5d85","2024-12-24T01:04:38.264771+00:00","2024-12-24T01:04:38.264771+00:00",false,"ee6de057-a91d-4175-820c-3f6b47418ded","{""items"":[{""x"":0.3893162653996385,""y"":0.4909162656955806,""z"":3,""id"":""e8c79de5-19b8-42c6-a30e-f82fa1587d41"",""type"":""text"",""width"":0,""height"":0,""fontSize"":0.018957345971563982,""fontType"":""Calibri"",""rotation"":0,""fontColor"":""#ffffff"",""textContent"":""我要去你家看妳的石門水庫""}]}","a6300bac-4d56-49f3-9e9e-a3919a9bd8cf"
"75b98a80-6911-4a87-8196-b6bd0ac8c5c6","2024-12-24T01:04:38.264771+00:00","2024-12-24T01:04:38.264771+00:00",false,"c5d0e3f4-6f89-4758-a335-f26c97a1cf5c","{""items"":[{""x"":0.1846608349028088,""y"":0.5829724773062023,""z"":1,""id"":""f50eb2bf-a1bd-4eb3-98ae-a71b88855c94"",""type"":""reaction"",""scale"":1,""fontSize"":0.03694581280788178,""fontType"":""Calibri-Light"",""rotation"":0,""fontColor"":""#FFC300"",""textContent"":""想吃薯餅狗""}]}","6eea90f5-325a-4ccf-aceb-3471c02914c0"
"76b79660-ffc5-4fa3-98c6-608b4a7c8ed0","2024-12-24T01:04:38.264771+00:00","2024-12-24T01:04:38.264771+00:00",false,"6ee887f3-1bf0-4536-9d5a-e3c26b524728","{""items"":[{""x"":0.4770992366412214,""y"":0.4765258215962441,""z"":2,""id"":""be4bad7c-a6f1-411d-abe2-093d27a78496"",""type"":""text"",""width"":0,""height"":0,""fontSize"":0.022300469483568074,""fontType"":""Calibri-Bold"",""rotation"":0,""fontColor"":""#fdf0d5"",""textContent"":""我最不擅長交換禮物🎁\n我祝福妳換到最適合妳的寶貝""},{""x"":0.32782017365666666,""y"":0.6525821596244131,""z"":4,""id"":""6c4afc53-78f8-497b-b790-cf29dddb1650"",""type"":""text"",""width"":0,""height"":0,""fontSize"":0.035211267605633804,""fontType"":""Calibri-Bold"",""rotation"":0,""fontColor"":""#c1121f"",""textContent"":""想知道+1""}]}","a6300bac-4d56-49f3-9e9e-a3919a9bd8cf"
"7836c46f-52cd-424d-a8b3-7a1d76ea6b6e","2024-12-24T01:04:38.264771+00:00","2024-12-24T01:04:38.264771+00:00",false,"273698cd-c5cc-4e20-b557-fcf9a508781c","{""items"":[{""x"":0.3302222086588533,""y"":0.25738916256157635,""z"":5,""id"":""281084d6-1281-43d3-aafd-496c80e599d7"",""type"":""text"",""width"":0,""height"":0,""fontSize"":0.020935960591133004,""fontType"":""Calibri-Light"",""rotation"":0,""fontColor"":""#000"",""textContent"":""面試官在此為您服務👩‍💼🧑‍💼👨‍💼""}]}","2bdbc127-920a-432e-b1b6-1fa1ed6687a1"
"78d28196-af94-4f19-a22c-273f56abd9b9","2024-12-24T01:04:38.264771+00:00","2024-12-24T01:04:38.264771+00:00",false,"d56f1e77-5337-4b21-b120-1d8f8d77f9d4","{""items"":[{""x"":0.1162615802552965,""y"":0.42329022869099625,""z"":1,""id"":""dd7205aa-f467-4470-8aec-5abb3af00488"",""type"":""reaction"",""scale"":1,""fontSize"":0.015254827203063991,""fontType"":""Calibri-Bold"",""rotation"":-0.009738903080708294,""fontColor"":""#c1121f"",""textContent"":""iphone13mini 也蠻卡的\n常常覺得快當機😭\n儲存會等有點久""},{""x"":0.07656253708733453,""y"":0.774731250389497,""z"":1,""id"":""e24b890a-a2a6-468c-a6c2-055bd54bdb37"",""type"":""reaction"",""scale"":1,""fontSize"":0.01610642941210268,""fontType"":""Calibri"",""rotation"":0,""fontColor"":""#ffffff"",""textContent"":""我喜歡吃韓式是\n因為可以跟你們一起吃（油）""}]}","a6300bac-4d56-49f3-9e9e-a3919a9bd8cf"
"796a0eb3-c5ac-4d0e-9b16-f5054ac57bf4","2024-12-24T01:04:38.264771+00:00","2024-12-24T01:04:38.264771+00:00",false,"6ee887f3-1bf0-4536-9d5a-e3c26b524728","{""items"":[{""x"":0.30958436766957,""y"":0.7472613518226878,""z"":3,""id"":""578a379c-0fd5-4a72-942e-0dde7a9b947e"",""type"":""text"",""width"":0,""height"":0,""fontSize"":0.023474178403755867,""fontType"":""Calibri"",""rotation"":0,""fontColor"":""#000"",""textContent"":""卡大家都送什麼 請更新""}]}","eecd2083-81ee-4e52-a4cf-fd6687bd002d"
"7a7db1f5-7582-4301-93f8-dbe821366a4a","2024-12-24T01:04:38.264771+00:00","2024-12-24T01:04:38.264771+00:00",false,"781aaced-09ac-4058-853a-0203f9dc6566","{""items"":[{""x"":0.4807692307692308,""y"":0.48104265402843605,""z"":1,""id"":""7b2978ed-0e98-44e7-babd-a37b13ffad8f"",""type"":""reaction"",""scale"":1,""fontSize"":0.035545023696682464,""fontType"":""Calibri"",""rotation"":0,""fontColor"":""#ffffff"",""textContent"":""""},{""x"":0.058547034630408654,""y"":0.641390217424004,""z"":1,""id"":""e052f036-9ef0-4c58-895b-1d62e1d474ae"",""type"":""reaction"",""scale"":1,""fontSize"":0.022511848341232227,""fontType"":""Calibri"",""rotation"":0,""fontColor"":""#000"",""textContent"":""棕色三兄弟看起來可以叫軟爛幫""}]}","a6300bac-4d56-49f3-9e9e-a3919a9bd8cf"
"7acd708a-37ac-4dbf-874c-55682781d18d","2024-12-24T01:04:38.264771+00:00","2024-12-24T01:04:38.264771+00:00",false,"55cc030e-115c-4a88-99ac-30acd3be682b","{""items"":[{""x"":0.44743589743589746,""y"":0.5971563800251315,""z"":9,""id"":""d702a519-1f11-45f9-b115-64f5d50f38a2"",""type"":""text"",""width"":0,""height"":0,""fontSize"":0.012774210954114336,""fontType"":""Calibri-Bold"",""rotation"":-0.0569986888489473,""fontColor"":""#000"",""textContent"":""好開心看到麥可刮鬍子""},{""x"":0.6098290467873589,""y"":0.6777251184834123,""z"":11,""id"":""a46e20de-fdc5-44d3-824d-a42199936ea6"",""type"":""text"",""width"":0,""height"":0,""fontSize"":0.016587677725118485,""fontType"":""Calibri"",""rotation"":0,""fontColor"":""#c1121f"",""textContent"":""我昨天也吃燒仙草\n我愛燒仙草""},{""x"":0.057692307692307696,""y"":0.8191153359074159,""z"":6,""id"":""9162503c-807d-4c45-85e0-de5701317b03"",""type"":""text"",""width"":0,""height"":0,""fontSize"":0.022571127410547988,""fontType"":""Calibri"",""rotation"":0,""fontColor"":""#000"",""textContent"":""你吃的東西讓我懷疑\n你是不是偷偷回台灣度蜜月不跟我們說""}]}","a6300bac-4d56-49f3-9e9e-a3919a9bd8cf"
"7ae8355c-d4e6-4acd-bf4b-d0ed8b2b47d5","2024-12-24T01:04:38.264771+00:00","2024-12-24T01:04:38.264771+00:00",false,"3d820643-ea2d-4f7c-aeea-2fa1c618b740","{""items"":[{""x"":0.29371633620489335,""y"":0.9810202891855148,""z"":3,""id"":""71bff690-1ed1-4d2d-aa6b-358e47be2db0"",""type"":""text"",""width"":0,""height"":0,""fontSize"":0.019704433497536946,""fontType"":""Calibri-Bold"",""rotation"":0,""fontColor"":""#669bbc"",""textContent"":""真的好羨慕適合剪短髮的妹妹🥹""}]}","6eea90f5-325a-4ccf-aceb-3471c02914c0"
"7c0d0594-cc13-4dd6-8e25-3c6840394a01","2024-12-24T01:04:38.264771+00:00","2024-12-24T01:04:38.264771+00:00",false,"535acf78-b25d-4e50-8cc5-f3f623960d3e","{""items"":[{""x"":0.43866666666666665,""y"":0.45566502463054187,""z"":3,""id"":""ca0c760d-9a10-47cb-a586-e940294b01d6"",""type"":""text"",""width"":0,""height"":0,""fontSize"":0.03694581280788178,""fontType"":""Calibri"",""rotation"":0,""fontColor"":""#ffffff"",""textContent"":""生日快樂🫡""}]}","2bdbc127-920a-432e-b1b6-1fa1ed6687a1"
"7dcf5c32-027b-4d28-ac6c-e26dd72e87bb","2024-12-24T01:04:38.264771+00:00","2024-12-24T01:04:38.264771+00:00",false,"69a182fb-0b15-4b71-8188-62c0337b1037","{""items"":[{""x"":0.6145697419023339,""y"":0.6090004399731583,""z"":1,""id"":""8f93a1e6-3ec4-4daa-af95-803562bbe952"",""type"":""reaction"",""scale"":1,""fontSize"":0.03317535545023697,""fontType"":""Calibri"",""rotation"":0,""fontColor"":""#FFC300"",""textContent"":""這算bug 嗎""}]}","6eea90f5-325a-4ccf-aceb-3471c02914c0"
"82ff4ecf-6e2f-458c-9771-546a062e373b","2024-12-24T01:04:38.264771+00:00","2024-12-24T01:04:38.264771+00:00",false,"7e73f2c5-8e1e-46ff-af06-1d25e68fafb1","{""items"":[{""x"":0.7277777647360777,""y"":0.5505529105380813,""z"":1,""id"":""e3ffb0af-666e-4508-9889-c2b49c14550c"",""type"":""reaction"",""scale"":1,""fontSize"":0.035545023696682464,""fontType"":""Calibri"",""rotation"":0,""fontColor"":""#669bbc"",""textContent"":""養我""}]}","2bdbc127-920a-432e-b1b6-1fa1ed6687a1"
"83ff2d6b-f908-4399-baa7-fc5b33eb2804","2024-12-24T01:04:38.264771+00:00","2024-12-24T01:04:38.264771+00:00",false,"760e610b-1a7b-42c3-8a56-b35954f5ae49","{""items"":[{""x"":0.525764907615773,""y"":0.3236607142857143,""z"":3,""id"":""863571d2-2023-4877-a852-8c009292b45a"",""type"":""text"",""width"":0,""height"":0,""fontSize"":0.033482142857142856,""fontType"":""Calibri"",""rotation"":0,""fontColor"":""#ffffff"",""textContent"":""Brrrrrrrr""},{""x"":0.4412238448138406,""y"":0.6986607142857143,""z"":5,""id"":""a4b615ba-7767-4462-bbcc-65835f4e4469"",""type"":""text"",""width"":0,""height"":0,""fontSize"":0.033482142857142856,""fontType"":""Calibri"",""rotation"":0,""fontColor"":""#ffffff"",""textContent"":""Cuties""}]}","632e3d17-8713-46e9-ab1b-604bfa3ce11f"
"8478f5e3-a756-4fbe-9308-8a3137d3f46c","2024-12-24T01:04:38.264771+00:00","2024-12-24T01:04:38.264771+00:00",false,"b0f724dd-2450-4314-9eba-1e9518a01115","{""items"":[{""x"":0.11153518637931374,""y"":0.7742566569870071,""z"":3,""id"":""6f3e3d3c-d36b-4f77-985c-77f72ecf1c30"",""type"":""text"",""width"":0,""height"":0,""fontSize"":0.02464788732394366,""fontType"":""Calibri"",""rotation"":0,""fontColor"":""#669bbc"",""textContent"":""你可以多去幾趟嗎\n好愛去婚禮包菜\n不知不覺到了這個年紀""}]}","a6300bac-4d56-49f3-9e9e-a3919a9bd8cf"
"854047ea-82b8-4342-93aa-4045d719e702","2024-12-24T01:04:38.264771+00:00","2024-12-24T01:04:38.264771+00:00",false,"bc39d9d3-0b4f-4915-853a-ad3b77049ee1","{""items"":[{""x"":0.12350426698342348,""y"":0.5090837252648521,""z"":1,""id"":""0c048f7c-0b09-426e-9981-8a789455f95a"",""type"":""reaction"",""scale"":1,""fontSize"":0.018404424431264874,""fontType"":""Calibri-Bold"",""rotation"":0,""fontColor"":""#669bbc"",""textContent"":""高齡化只會越來越嚴重\n必須與老人共存🥹""}]}","632e3d17-8713-46e9-ab1b-604bfa3ce11f"
"85b10335-7446-4c81-8138-1a878cc577a9","2024-12-24T01:04:38.264771+00:00","2024-12-24T01:04:38.264771+00:00",false,"13592c3e-4ec6-4acd-bd39-94cd7c3560fe","{""items"":[{""x"":0.63511112467448,""y"":0.8641215169371059,""z"":3,""id"":""5a724636-8241-4e18-86eb-62f2c319b851"",""type"":""text"",""width"":0,""height"":0,""fontSize"":0.027093596059113302,""fontType"":""Calibri"",""rotation"":0,""fontColor"":""#c1121f"",""textContent"":""想去看雪👩‍❤️‍💋‍👩""}]}","2bdbc127-920a-432e-b1b6-1fa1ed6687a1"
"8673a19c-7141-466b-8412-c8f99076b12b","2024-12-24T01:04:38.264771+00:00","2024-12-24T01:04:38.264771+00:00",false,"5323f323-d548-4617-83ce-c2aa2dada2d8","{""items"":[{""x"":0.341840654645648,""y"":0.6934177283247451,""z"":2,""id"":""b93ed9e3-e5e6-44ef-907e-62ca4965dd0b"",""type"":""text"",""width"":0,""height"":0,""fontSize"":0.022167487684729065,""fontType"":""Calibri"",""rotation"":0,""fontColor"":""#c1121f"",""textContent"":""跟渣男兩週沒見算久嗎\n那我呢 你說說""}]}","6eea90f5-325a-4ccf-aceb-3471c02914c0"
"86a3263b-9750-4013-9e9b-7fe9e10525f4","2024-12-24T01:04:38.264771+00:00","2024-12-24T01:04:38.264771+00:00",false,"26193561-4ab0-4229-a43b-619789708acc","{""items"":[{""x"":0.5952991192157436,""y"":0.4830173835935189,""z"":4,""id"":""168ca039-d3e2-43fd-9bae-2777449fec9b"",""type"":""text"",""width"":0,""height"":0,""fontSize"":0.035545023696682464,""fontType"":""Calibri"",""rotation"":0,""fontColor"":""#ffffff"",""textContent"":""💇🏻‍♀️""},{""x"":0.30299146603315386,""y"":0.6840442277808886,""z"":12,""id"":""42ffb88a-db11-45ab-9c10-e6e793e54661"",""type"":""text"",""width"":0,""height"":0,""fontSize"":0.017772511848341232,""fontType"":""Calibri"",""rotation"":0,""fontColor"":""#FFC300"",""textContent"":""麥可什麼時候會剃鬍子""}]}","2bdbc127-920a-432e-b1b6-1fa1ed6687a1"
"87ff2c2e-ceec-4f73-8086-2126cc6668e0","2024-12-24T01:04:38.418402+00:00","2024-12-24T01:04:38.418402+00:00",false,"29ce2d56-9f17-4fa2-9ab5-9098e83dbe89","{""items"":[{""x"":0.522476701032721,""y"":0.6572769773957875,""z"":1,""id"":""70b13bd0-b1da-42b2-b229-e53607815d16"",""type"":""reaction"",""scale"":1,""fontSize"":0.023474178403755867,""fontType"":""Calibri-Bold"",""rotation"":0,""fontColor"":""#000"",""textContent"":""好嗆🥵🥵""},{""x"":0.2035623409669211,""y"":0.358372450994214,""z"":1,""id"":""d7f191a7-4a5d-450a-b563-84aae6354bc7"",""type"":""reaction"",""scale"":1,""fontSize"":0.01932040218813468,""fontType"":""Calibri-Bold"",""rotation"":0,""fontColor"":""#000"",""textContent"":""是跟誰聊天 健身器材嗎""}]}","632e3d17-8713-46e9-ab1b-604bfa3ce11f"
"88ab13fa-ac45-41fa-b7b9-6d96646d3855","2024-12-24T01:04:38.418402+00:00","2024-12-24T01:04:38.418402+00:00",false,"007d7ed9-b2f6-4578-9168-27134ffacbc3","{""items"":[{""x"":0.12800927162170428,""y"":0.5515782372840253,""z"":3,""id"":""c0a69ed3-9e29-486c-a623-32cb2785891d"",""type"":""text"",""width"":0,""height"":0,""fontSize"":0.018012351326623963,""fontType"":""Calibri"",""rotation"":0,""fontColor"":""#FFC300"",""textContent"":""有香香澀圖記得分享""}]}","632e3d17-8713-46e9-ab1b-604bfa3ce11f"
"8b33c23b-3264-481c-b521-15b0b5590070","2024-12-24T01:04:38.418402+00:00","2024-12-24T01:04:38.418402+00:00",false,"26193561-4ab0-4229-a43b-619789708acc","{""items"":[{""x"":0.12196849885877743,""y"":0.6232235236326706,""z"":2,""id"":""d13bb09a-7cfa-4390-a5e9-ecc17f194409"",""type"":""text"",""width"":0,""height"":0,""fontSize"":0.022511848341232227,""fontType"":""Calibri-Bold"",""rotation"":0,""fontColor"":""#FFC300"",""textContent"":""該不會去美國之後沒剪過""}]}","6eea90f5-325a-4ccf-aceb-3471c02914c0"
"8c5926bb-45ac-4d5c-854f-cf7708c9e687","2024-12-24T01:04:38.418402+00:00","2024-12-24T01:04:38.418402+00:00",false,"0b270a0b-5b56-4246-afd9-1021f8787a7a","{""items"":[{""x"":0.1376068506485377,""y"":0.34044235012542534,""z"":4,""id"":""ae5e649d-ee01-41aa-a644-bf3eb4d6ffbe"",""type"":""text"",""width"":0,""height"":0,""fontSize"":0.013033175355450236,""fontType"":""Calibri"",""rotation"":0,""fontColor"":""#000"",""textContent"":""麥摳可以把鬍子留到變成辮子嗎""}]}","eecd2083-81ee-4e52-a4cf-fd6687bd002d"
"8c9e3da6-1448-4f26-bbf8-a11a95ce219b","2024-12-24T01:04:38.418402+00:00","2024-12-24T01:04:38.418402+00:00",false,"8e3fb2d7-a6c9-4bd5-aae7-b4096ab751f4","{""items"":[{""x"":0.18034186730018026,""y"":0.7456556021884715,""z"":3,""id"":""3529c14e-f83f-48cd-bf8f-7711995d27ff"",""type"":""text"",""width"":0,""height"":0,""fontSize"":0.02014218009478673,""fontType"":""Calibri"",""rotation"":0,""fontColor"":""#000"",""textContent"":""暖氣救人命""}]}","632e3d17-8713-46e9-ab1b-604bfa3ce11f"
"92c4f816-86c9-43fb-97f7-824cfd65c2d4","2024-12-24T01:04:38.418402+00:00","2024-12-24T01:04:38.418402+00:00",false,"43e02684-5ed5-48da-98b2-0798d01e78e1","{""items"":[{""x"":0.28931626539963845,""y"":0.5442338012406043,""z"":3,""id"":""403c2df6-db4d-4671-9ebe-ad53444986dc"",""type"":""text"",""width"":0,""height"":0,""fontSize"":0.023696682464454975,""fontType"":""Calibri"",""rotation"":0,""fontColor"":""#ffffff"",""textContent"":""美女請問配偶欄有人了嗎""}]}","a6300bac-4d56-49f3-9e9e-a3919a9bd8cf"
"92db61cd-1c58-4d0f-97a8-37cedcda3776","2024-12-24T01:04:38.418402+00:00","2024-12-24T01:04:38.418402+00:00",false,"222a7da9-c400-4283-bae5-e2d040410019","{""items"":[{""x"":0.12934689121391935,""y"":0.42801250762223125,""z"":11,""id"":""30bf4df1-5603-4e09-b0c4-f89d5318c73a"",""type"":""text"",""width"":0,""height"":0,""fontSize"":0.012665411607180398,""fontType"":""Cour"",""rotation"":0,""fontColor"":""#c1121f"",""textContent"":""我覺得進步是都是\n不知不覺之中慢慢發生的\n也許你現在還覺得自己離其他人很遠\n但回頭看看自己1-2年前在哪裡\n就會發現自己默默在成長\n只要有持續在做\n相信每天的努力都會偷偷留下痕跡🤲\n辛苦了 假日多睡點 慰勞自己🥹""}]}","632e3d17-8713-46e9-ab1b-604bfa3ce11f"
"94b89ecf-8467-456b-80de-fa00e9b23b74","2024-12-24T01:04:38.418402+00:00","2024-12-24T01:04:38.418402+00:00",false,"dd1fb5ee-11c2-4b3f-b0e0-6f1de15b9230","{""items"":[{""x"":0.15434027777777795,""y"":0.280192143962891,""z"":5,""id"":""5b863cfc-5450-41ef-9dba-6e138a6784b2"",""type"":""text"",""width"":0,""height"":0,""fontSize"":0.02521729185727355,""fontType"":""Calibri-Bold"",""rotation"":0,""fontColor"":""#c1121f"",""textContent"":""靠超好笑我在捷運上笑出來""}]}","a6300bac-4d56-49f3-9e9e-a3919a9bd8cf"
"963f9373-f84c-479d-9c91-691ca4bb282c","2024-12-24T01:04:38.418402+00:00","2024-12-24T01:04:38.418402+00:00",false,"937db267-9ab6-4fa2-8ba1-07d1fb43e468","{""items"":[{""x"":0.568,""y"":0.42857142857142855,""z"":9,""id"":""8e194f83-e2e4-44d4-893f-129b9647d524"",""type"":""text"",""width"":0,""height"":0,""fontSize"":0.017241379310344827,""fontType"":""Calibri"",""rotation"":0,""fontColor"":""#669bbc"",""textContent"":""好喜歡藍天背景\n你是排版小仙女🧚‍♀️⛅️""}]}","632e3d17-8713-46e9-ab1b-604bfa3ce11f"
"9664b426-4f5e-48f7-8cb1-d7d03578a296","2024-12-24T01:04:38.418402+00:00","2024-12-24T01:04:38.418402+00:00",false,"003eb18c-2b7a-41df-bae9-e24b2d9a8ee0","{""items"":[{""x"":0.06392799595424187,""y"":0.4867464504470123,""z"":2,""id"":""b14a6f63-c980-4066-aa6b-842959b6370f"",""type"":""text"",""width"":0,""height"":0,""fontSize"":0.012315270935960592,""fontType"":""Calibri"",""rotation"":0,""fontColor"":""#FFC300"",""textContent"":""老闆娘真的好像卡通人物""}]}","6eea90f5-325a-4ccf-aceb-3471c02914c0"
"96dc580d-24bb-4a07-aa48-5c5f8761b43c","2024-12-24T01:04:38.418402+00:00","2024-12-24T01:04:38.418402+00:00",false,"bc39d9d3-0b4f-4915-853a-ad3b77049ee1","{""items"":[{""x"":0.7585469955053085,""y"":0.5130331934345842,""z"":1,""id"":""af2b9f4a-51b1-4c43-b283-507775f1fe15"",""type"":""reaction"",""scale"":1,""fontSize"":0.035545023696682464,""fontType"":""Calibri"",""rotation"":0,""fontColor"":""#ffffff"",""textContent"":""愛❤️""}]}","2bdbc127-920a-432e-b1b6-1fa1ed6687a1"
"9782bd0a-9731-4693-92c7-3ca11e8fdda3","2024-12-24T01:04:38.418402+00:00","2024-12-24T01:04:38.418402+00:00",false,"87a0f831-cf0d-4cbc-bb0e-b49a5f91cd5e","{""items"":[{""x"":0.15579636123154258,""y"":0.6649956415856942,""z"":2,""id"":""b2de7be1-3419-4de4-9f02-1b11b1d36416"",""type"":""text"",""width"":0,""height"":0,""fontSize"":0.011848341232227487,""fontType"":""Calibri-Bold"",""rotation"":0,""fontColor"":""#c1121f"",""textContent"":""好夢幻的美國家庭\n真適合上演什麼美劇\n但看太少目前只想到怪奇物語""}]}","6eea90f5-325a-4ccf-aceb-3471c02914c0"
"97ed3918-3d19-4a14-8b47-26f7a0999cd2","2024-12-24T01:04:38.418402+00:00","2024-12-24T01:04:38.418402+00:00",false,"007d7ed9-b2f6-4578-9168-27134ffacbc3","{""items"":[{""x"":0.326099549399483,""y"":0.6932753827303559,""z"":3,""id"":""48b4de43-3191-47eb-823c-17cad1a9f31d"",""type"":""text"",""width"":0,""height"":0,""fontSize"":0.018012351326623963,""fontType"":""Calibri"",""rotation"":0,""fontColor"":""#ffffff"",""textContent"":""你的朋友好多ㄒㄩㄢ""}]}","a6300bac-4d56-49f3-9e9e-a3919a9bd8cf"
"988dcc2a-4e2b-4865-8830-cd7a51662118","2024-12-24T01:04:38.418402+00:00","2024-12-24T01:04:38.418402+00:00",false,"e361b301-adb1-4502-851c-70f8d94984ed","{""items"":[{""x"":0.07858795060051817,""y"":0.7497140835537778,""z"":5,""id"":""edd1019b-0da8-4efe-86c7-6ff4f58b2f56"",""type"":""text"",""width"":0,""height"":0,""fontSize"":0.019213174748398894,""fontType"":""Calibri"",""rotation"":0,""fontColor"":""#000"",""textContent"":""偶爾夢到帥哥會整天心情好\n但我老是夢到被人追殺🙂""},{""x"":0.24791666666666692,""y"":0.19653477280486784,""z"":3,""id"":""f30d85ad-25af-40b8-8602-2dedf3733f41"",""type"":""text"",""width"":0,""height"":0,""fontSize"":0.03602470265324793,""fontType"":""Calibri"",""rotation"":0,""fontColor"":""#000"",""textContent"":""我要看圖""}]}","632e3d17-8713-46e9-ab1b-604bfa3ce11f"
"9a5f5dd7-2d54-454d-aaa8-c128d0f3387d","2024-12-24T01:04:38.418402+00:00","2024-12-24T01:04:38.418402+00:00",false,"b0f724dd-2450-4314-9eba-1e9518a01115","{""items"":[{""x"":0.4342663403382443,""y"":0.7460876429025001,""z"":3,""id"":""badabc68-cd75-40ab-87e9-375fbd05d8f9"",""type"":""text"",""width"":0,""height"":0,""fontSize"":0.01995305164319249,""fontType"":""Calibri"",""rotation"":0,""fontColor"":""#c1121f"",""textContent"":""去一趟賺一趟""}]}","eecd2083-81ee-4e52-a4cf-fd6687bd002d"
"9b2a6aef-639e-4679-a1a7-0fe8f888e59e","2024-12-24T01:04:38.418402+00:00","2024-12-24T01:04:38.418402+00:00",false,"8a7db992-848f-4c0b-93c6-a44f23786096","{""items"":[{""x"":0.2697201017811705,""y"":0.8184663477078286,""z"":3,""id"":""81af141a-1c9f-4d21-9215-366290153807"",""type"":""text"",""width"":0,""height"":0,""fontSize"":0.017605633802816902,""fontType"":""Calibri"",""rotation"":0,""fontColor"":""#000"",""textContent"":""好可愛想捏（玩偶 非趙正平）""}]}","632e3d17-8713-46e9-ab1b-604bfa3ce11f"
"9d86bb7c-d228-485c-b3b6-5ff032a69465","2024-12-24T01:04:38.418402+00:00","2024-12-24T01:04:38.418402+00:00",false,"9dbcdd5c-7736-44f5-af92-0642b18661cb","{""items"":[{""x"":0.0867521237104367,""y"":0.4889415542096323,""z"":1,""id"":""06ef8256-2683-45e0-a14d-2bf30c5fd71e"",""type"":""reaction"",""scale"":1,""fontSize"":0.011848341232227487,""fontType"":""Calibri-Bold"",""rotation"":0,""fontColor"":""#c1121f"",""textContent"":""你是不是在紐約不是讀藝術學院 你是讀料理學院🧑‍🍳""},{""x"":0.18675216283553686,""y"":0.6259873557429743,""z"":1,""id"":""e3d9ac15-93c6-4c8a-898b-405581319682"",""type"":""reaction"",""scale"":1,""fontSize"":0.035545023696682464,""fontType"":""Calibri"",""rotation"":0,""fontColor"":""#ffffff"",""textContent"":""💍👰🏻""},{""x"":0.25299146603315303,""y"":0.7110979342347638,""z"":1,""id"":""e8acc08a-acd8-4f6a-aa7c-9f4664cf4379"",""type"":""reaction"",""scale"":1,""fontSize"":0.02068890403271081,""fontType"":""PragmaticaExtended-Bold"",""rotation"":0,""fontColor"":""#ffffff"",""textContent"":""我喜歡吃有點生生的那種🧅""}]}","a6300bac-4d56-49f3-9e9e-a3919a9bd8cf"
"9dc0603b-643f-4320-a7eb-5c873ecd6753","2024-12-24T01:04:38.418402+00:00","2024-12-24T01:04:38.418402+00:00",false,"1a19db9e-f53a-4d72-a203-701990c0e057","{""items"":[{""x"":0.4807692307692308,""y"":0.48104265402843605,""z"":2,""id"":""62f36a15-655b-4b32-ad23-61d9f364c96e"",""type"":""text"",""width"":0,""height"":0,""fontSize"":0.016587677725118485,""fontType"":""Calibri-Bold"",""rotation"":0,""fontColor"":""#c1121f"",""textContent"":""如果你回台灣有來淡水\n帶你去吃最好吃的淡水腸粉🧡🧡""}]}","a6300bac-4d56-49f3-9e9e-a3919a9bd8cf"
"9e4b8130-22dd-44ba-8467-99aaf0f3b3de","2024-12-24T01:04:38.418402+00:00","2024-12-24T01:04:38.418402+00:00",false,"d5c34602-7021-4819-b86b-b50c8585604f","{""items"":[{""x"":0.1867521237104359,""y"":0.8017377446613044,""z"":7,""id"":""0e2adcf9-e6ba-4f35-8748-f1e3982adec2"",""type"":""text"",""width"":0,""height"":0,""fontSize"":0.014218009478672985,""fontType"":""Calibri"",""rotation"":0,""fontColor"":""#000"",""textContent"":""家人實在是一種距離產生美的生物冠軍\n跟我媽在一起到第三天我會開始自動過濾很多話\n你要待17天 保重\n妳要活著回台灣😭""},{""x"":0.4807692307692308,""y"":0.48104265402843605,""z"":2,""id"":""f20355e4-af4d-49a2-84fc-e2106362118c"",""type"":""text"",""width"":0,""height"":0,""fontSize"":0.015402843601895734,""fontType"":""Calibri"",""rotation"":0,""fontColor"":""#669bbc"",""textContent"":""問媽媽能不能接受麥可睡中間""}]}","a6300bac-4d56-49f3-9e9e-a3919a9bd8cf"
"9f459ee8-f645-4de7-bfcb-503fdeae0b6d","2024-12-24T01:04:38.418402+00:00","2024-12-24T01:04:38.418402+00:00",false,"87a0f831-cf0d-4cbc-bb0e-b49a5f91cd5e","{""items"":[{""x"":0.19957263653094948,""y"":0.75,""z"":3,""id"":""040f9c66-5175-43b4-bd25-afab95e97bbb"",""type"":""text"",""width"":0,""height"":0,""fontSize"":0.02132701421800948,""fontType"":""Calibri-Bold"",""rotation"":0,""fontColor"":""#c1121f"",""textContent"":""超美的 喜歡你的美國戀愛劇場""}]}","a6300bac-4d56-49f3-9e9e-a3919a9bd8cf"
"a00fec1a-d4cc-496e-ac27-d00e98491f75","2024-12-24T01:04:38.418402+00:00","2024-12-24T01:04:38.418402+00:00",false,"56b777d6-a2ee-40c1-803e-015024a9778c","{""items"":[{""x"":0.09754031426427329,""y"":0.6490610328638498,""z"":7,""id"":""7f80963d-2255-49e1-88ac-aeaa88cac808"",""type"":""text"",""width"":0,""height"":0,""fontSize"":0.017605633802816902,""fontType"":""Calibri-Bold"",""rotation"":0,""fontColor"":""#FFC300"",""textContent"":""是時候騎驢找馬了嗎""},{""x"":0.5284139230354453,""y"":0.3579812027479014,""z"":5,""id"":""a18a2404-d68a-4ada-afd0-f89aaf7729b9"",""type"":""text"",""width"":0,""height"":0,""fontSize"":0.015258215962441314,""fontType"":""Calibri-Bold"",""rotation"":0,""fontColor"":""#c1121f"",""textContent"":""看起來好溫暖好開心🥺🎄🫶""}]}","632e3d17-8713-46e9-ab1b-604bfa3ce11f"
"a34105f9-abbb-44cc-8939-a03638407b74","2024-12-24T01:04:38.418402+00:00","2024-12-24T01:04:38.418402+00:00",false,"51062d42-8766-452f-888d-7f0a0ab22a0c","{""items"":[{""x"":0.49502312342325844,""y"":0.5451738334858188,""z"":1,""id"":""de5c7992-92da-4973-b70d-621d985c1994"",""type"":""reaction"",""scale"":1,""fontSize"":0.023909229129435734,""fontType"":""Calibri-Bold"",""rotation"":0,""fontColor"":""#000"",""textContent"":""感覺嘎脆蹦""}]}","632e3d17-8713-46e9-ab1b-604bfa3ce11f"
"a483acfc-3d2c-4141-af40-6207daf4efc1","2024-12-24T01:04:38.418402+00:00","2024-12-24T01:04:38.418402+00:00",false,"bc39d9d3-0b4f-4915-853a-ad3b77049ee1","{""items"":[{""x"":0.7354701115534856,""y"":0.5552922651101063,""z"":1,""id"":""2e898918-6fbb-4e7c-8242-9e2fc2c852d2"",""type"":""reaction"",""scale"":1,""fontSize"":0.035545023696682464,""fontType"":""Calibri"",""rotation"":0,""fontColor"":""#ffffff"",""textContent"":""做愛🧡""},{""x"":0.11495729104066506,""y"":0.3629541803875241,""z"":1,""id"":""73376983-bece-440e-aa3f-bd1469f689f6"",""type"":""reaction"",""scale"":1,""fontSize"":0.016587677725118485,""fontType"":""Calibri"",""rotation"":0,""fontColor"":""#c1121f"",""textContent"":""都不確定我是活在哪個時空\n為什麼我跟這些老人受的教育不一樣""}]}","a6300bac-4d56-49f3-9e9e-a3919a9bd8cf"
"f8ea1369-8d8b-477f-bbf6-0f3b9524b592","2024-12-24T01:04:38.418402+00:00","2024-12-24T01:04:38.418402+00:00",false,"9ab6eec1-65fe-49e3-8ff5-d6db7e3d66ff","{""items"":[{""x"":0.5271111246744792,""y"":0.3801313691538543,""z"":1,""id"":""df6a9504-6ae9-4b94-bb52-f3741f9621c1"",""type"":""reaction"",""scale"":1,""fontSize"":0.01847290640394089,""fontType"":""Calibri"",""rotation"":0,""fontColor"":""#669bbc"",""textContent"":""集氣加油寶貝！㊗️🇯🇵💯""}]}","eecd2083-81ee-4e52-a4cf-fd6687bd002d"
"a57fe5a2-b89e-4d92-a468-9b47e508807d","2024-12-24T01:04:38.418402+00:00","2024-12-24T01:04:38.418402+00:00",false,"623d6b14-2856-49a1-b2eb-6b9c9b7ed507","{""items"":[{""x"":0.09754027543783791,""y"":0.6064162814001526,""z"":4,""id"":""22fe0bac-47b6-44ed-9545-887a11db977f"",""type"":""text"",""width"":0,""height"":0,""fontSize"":0.01643192488262911,""fontType"":""Calibri"",""rotation"":0,""fontColor"":""#c1121f"",""textContent"":""聖誕快熱\n記得小時候某年在家裡落地窗噴這個\n結果洗不乾淨\n那個痕跡留了好久 再也不敢慶祝聖誕節（咦""}]}","632e3d17-8713-46e9-ab1b-604bfa3ce11f"
"a5d82ecb-3878-44c6-8cd1-f9f1a64e64a8","2024-12-24T01:04:38.418402+00:00","2024-12-24T01:04:38.418402+00:00",false,"1187a5ee-5c3b-4d7a-8426-16759ef0f121","{""items"":[{""x"":0.5229007633587787,""y"":0.6643192488262911,""z"":3,""id"":""36b2447f-e050-4737-8a62-432d5c2461bb"",""type"":""text"",""width"":0,""height"":0,""fontSize"":0.014084507042253521,""fontType"":""Calibri"",""rotation"":0,""fontColor"":""#000"",""textContent"":""看到高中時候寫的手帳\n真的會很開心當時記錄下一切\n我們有好好在長大！""}]}","a6300bac-4d56-49f3-9e9e-a3919a9bd8cf"
"a668815b-efde-4e8e-b380-68b38dfd4823","2024-12-24T01:04:38.418402+00:00","2024-12-24T01:04:38.418402+00:00",false,"9b7d0a40-d518-4ba0-901b-533c7705737e","{""items"":[{""x"":0.4166666666666667,""y"":0.5864928909952607,""z"":3,""id"":""95e5fcf3-f979-4306-97a8-7d1a347ce529"",""type"":""text"",""width"":0,""height"":0,""fontSize"":0.035545023696682464,""fontType"":""Calibri"",""rotation"":0,""fontColor"":""#000"",""textContent"":""走 出發🤩🤩🤩""}]}","a6300bac-4d56-49f3-9e9e-a3919a9bd8cf"
"a745e8ba-fd4d-4325-a843-bf6e0cb75c8a","2024-12-24T01:04:38.418402+00:00","2024-12-24T01:04:38.418402+00:00",false,"0a07e3dc-24ab-4632-a89b-dc5bdb9263c3","{""items"":[{""x"":0.2347113752539778,""y"":0.5931699813501853,""z"":1,""id"":""a81b5485-c66a-421b-b973-3db80e9dfdaa"",""type"":""reaction"",""scale"":1,""fontSize"":0.022511848341232227,""fontType"":""Calibri"",""rotation"":0,""fontColor"":""#000"",""textContent"":""辦公室同事都在咳嗽麻煩放過我""}]}","6eea90f5-325a-4ccf-aceb-3471c02914c0"
"a8acbf8a-ac28-44f1-b6f4-dce04e16b44d","2024-12-24T01:04:38.418402+00:00","2024-12-24T01:04:38.418402+00:00",false,"b6b76b60-79f8-4a93-b2dc-3c9e9ef41a2d","{""items"":[{""x"":0.4075555419921867,""y"":0.7988505809765148,""z"":4,""id"":""afdb4f5b-ba01-4e29-bc91-c62feba15621"",""type"":""text"",""width"":0,""height"":0,""fontSize"":0.018805828173925614,""fontType"":""Calibri"",""rotation"":0,""fontColor"":""#000"",""textContent"":""媽媽真的好棒🥺""}]}","632e3d17-8713-46e9-ab1b-604bfa3ce11f"
"aa0bf812-7142-4f33-a9a3-4dab094f34b8","2024-12-24T01:04:38.418402+00:00","2024-12-24T01:04:38.418402+00:00",false,"950e1847-0b3f-4db0-a31c-a2e928d477c3","{""items"":[{""x"":0.15648851079188625,""y"":0.18348983979561032,""z"":4,""id"":""2047290d-2d97-4b3d-862b-9f27dae6813b"",""type"":""text"",""width"":0,""height"":0,""fontSize"":0.022300469483568074,""fontType"":""Calibri"",""rotation"":0,""fontColor"":""#c1121f"",""textContent"":""休假傳訊息超級打妹😡""}]}","a6300bac-4d56-49f3-9e9e-a3919a9bd8cf"
"af4ca73b-02db-4a91-992a-e4cbef632bb5","2024-12-24T01:04:38.418402+00:00","2024-12-24T01:04:38.418402+00:00",false,"353b46de-0c0f-4257-8de8-b0be2cfa7be6","{""items"":[{""x"":0.5866442236708205,""y"":0.4385468141404692,""z"":2,""id"":""0c97c738-b54d-4747-9d58-1338face2ec2"",""type"":""text"",""width"":0,""height"":0,""fontSize"":0.018957345971563982,""fontType"":""Calibri"",""rotation"":0,""fontColor"":""#669bbc"",""textContent"":""限動沒看到麥可\n這裡居然有解鎖版""}]}","6eea90f5-325a-4ccf-aceb-3471c02914c0"
"b0562ca3-0a5b-49d3-b698-cb5601439067","2024-12-24T01:04:38.418402+00:00","2024-12-24T01:04:38.418402+00:00",false,"0dd65cbd-77c7-4fe4-8596-28c89554326c","{""items"":[{""x"":0.2803240617116312,""y"":0.7463117383100072,""z"":9,""id"":""7ad49c25-864c-42f1-b5aa-9f1a3cb152b5"",""type"":""text"",""width"":0,""height"":0,""fontSize"":0.027618938700823412,""fontType"":""Calibri-Bold"",""rotation"":0,""fontColor"":""#000"",""textContent"":""大水餃支持者+1""}]}","632e3d17-8713-46e9-ab1b-604bfa3ce11f"
"b4550c44-2db3-45be-993d-e82b4180350b","2024-12-24T01:04:38.418402+00:00","2024-12-24T01:04:38.418402+00:00",false,"f9307b81-a257-4cce-8361-cefb6918ba32","{""items"":[{""x"":0.5746666666666667,""y"":0.9568965517241379,""z"":1,""id"":""567855b4-9a1c-4ce2-873b-43d84c99b091"",""type"":""reaction"",""scale"":1,""fontSize"":0.03694581280788178,""fontType"":""Calibri-Light"",""rotation"":0,""fontColor"":""#c1121f"",""textContent"":""您真棒🥹👍""}]}","2bdbc127-920a-432e-b1b6-1fa1ed6687a1"
"b46051ed-366a-4e21-8c90-069104b08c6d","2024-12-24T01:04:38.418402+00:00","2024-12-24T01:04:38.418402+00:00",false,"074f2847-445f-4170-a6ed-3cab331681a9","{""items"":[{""x"":0.21348380247751883,""y"":0.44110249164228793,""z"":7,""id"":""769ad0c0-27c4-4170-98ef-08ebb805c86d"",""type"":""text"",""width"":0,""height"":0,""fontSize"":0.018012351326623963,""fontType"":""Calibri"",""rotation"":0,""fontColor"":""#000"",""textContent"":""能力越大 責任越大 工時越長 \n但薪水不變😍""}]}","632e3d17-8713-46e9-ab1b-604bfa3ce11f"
"b4eb5e56-05e0-4ba2-89bf-d57b6c2ac5b2","2024-12-24T01:04:38.418402+00:00","2024-12-24T01:04:38.418402+00:00",false,"65d0d049-e044-46a0-a73f-0b43d96399d3","{""items"":[{""x"":0.38362267282274,""y"":0.3942703507083994,""z"":6,""id"":""8d1e8682-7ad8-4654-ae1a-8b6de89dacb0"",""type"":""text"",""width"":0,""height"":0,""fontSize"":0.01200823421774931,""fontType"":""Calibri"",""rotation"":0,""fontColor"":""#c1121f"",""textContent"":""我最近一點睡 想說早一點起來去上班\n沒有我還是睡到快十點""},{""x"":0.527025450600518,""y"":0.5587831778146749,""z"":9,""id"":""991ef0a1-cae1-4f20-898d-bc7d7105860e"",""type"":""text"",""width"":0,""height"":0,""fontSize"":0.022815645013723688,""fontType"":""Calibri"",""rotation"":0,""fontColor"":""#000"",""textContent"":""我用Cerave ""}]}","2bdbc127-920a-432e-b1b6-1fa1ed6687a1"
"b6e098f2-121d-46d5-a1d4-0992e899051c","2024-12-24T01:04:38.418402+00:00","2024-12-24T01:04:38.418402+00:00",false,"29ce2d56-9f17-4fa2-9ab5-9098e83dbe89","{""items"":[{""x"":0.21628498727735368,""y"":0.7801252015879456,""z"":1,""id"":""38d49110-3e52-4b6a-b2c8-636870924304"",""type"":""reaction"",""scale"":1,""fontSize"":0.014084507042253521,""fontType"":""Calibri"",""rotation"":0,""fontColor"":""#c1121f"",""textContent"":""我要看 通通都要""}]}","eecd2083-81ee-4e52-a4cf-fd6687bd002d"
"b6ed477e-b6a8-49b3-a608-73e59cb5a284","2024-12-24T01:04:38.418402+00:00","2024-12-24T01:04:38.418402+00:00",false,"e57af42e-4163-4170-bd2c-00ed03b3141e","{""items"":[{""x"":0.5038461538461538,""y"":0.504739336492891,""z"":1,""id"":""3528ebaa-3c24-4d31-9d8b-f4eb857bd882"",""type"":""reaction"",""scale"":1,""fontSize"":0.035545023696682464,""fontType"":""Calibri"",""rotation"":0,""fontColor"":""#ffffff"",""textContent"":""""},{""x"":0.5038461538461538,""y"":0.504739336492891,""z"":1,""id"":""2ca5ed81-71dd-4104-88a9-2e2763a8eaad"",""type"":""reaction"",""scale"":1,""fontSize"":0.035545023696682464,""fontType"":""Calibri"",""rotation"":0,""fontColor"":""#ffffff"",""textContent"":""""},{""x"":0.7217949109199719,""y"":0.6137440758293838,""z"":1,""id"":""57ae13bf-6239-4042-bf86-216a83b94695"",""type"":""reaction"",""scale"":1,""fontSize"":0.035545023696682464,""fontType"":""PragmaticaExtended-Light"",""rotation"":0,""fontColor"":""#c1121f"",""textContent"":""剪""}]}","2bdbc127-920a-432e-b1b6-1fa1ed6687a1"
"b848412c-1a09-4e11-8ea5-619ab31fe831","2024-12-24T01:04:38.418402+00:00","2024-12-24T01:04:38.418402+00:00",false,"8e3fb2d7-a6c9-4bd5-aae7-b4096ab751f4","{""items"":[{""x"":0.20042732434395025,""y"":0.7089257443685664,""z"":3,""id"":""df672dc0-8336-48b4-92b6-457a0e72a356"",""type"":""text"",""width"":0,""height"":0,""fontSize"":0.011848341232227487,""fontType"":""Calibri"",""rotation"":0,""fontColor"":""#c1121f"",""textContent"":""同意\n覺得台灣比日韓冷主因就是室內🈚️暖氣""}]}","a6300bac-4d56-49f3-9e9e-a3919a9bd8cf"
"b8887d3d-f9ef-4cd6-98b0-6e6258d75d44","2024-12-24T01:04:38.418402+00:00","2024-12-24T01:04:38.418402+00:00",false,"634fa230-ad47-4575-bcdb-9eb838c752f1","{""items"":[{""x"":0.18119655511318108,""y"":0.49091626569558094,""z"":1,""id"":""0914b984-e787-4725-a3f0-f3852344fa57"",""type"":""reaction"",""scale"":1,""fontSize"":0.018957345971563982,""fontType"":""Calibri"",""rotation"":0,""fontColor"":""#000"",""textContent"":""還沒看因為聽說會哭然後我是水做的女人""}]}","eecd2083-81ee-4e52-a4cf-fd6687bd002d"
"b90af3bd-8a09-4251-b210-18def9303899","2024-12-24T01:04:38.418402+00:00","2024-12-24T01:04:38.418402+00:00",false,"baa3e72d-56ef-4d2c-a1b3-6ff29484b28c","{""items"":[{""x"":0.5288888753255209,""y"":0.6902709453563972,""z"":1,""id"":""221ff742-73f8-49ad-ab57-0149a9271f7d"",""type"":""reaction"",""scale"":1,""fontSize"":0.018577829460216473,""fontType"":""Calibri-Bold"",""rotation"":0,""fontColor"":""#000"",""textContent"":""我也好餓 可以分我一點嗎""},{""x"":0.20622220865885416,""y"":0.7085386003766742,""z"":1,""id"":""5013de09-bda7-4105-afe2-05e62108e7f1"",""type"":""reaction"",""scale"":1,""fontSize"":0.03694581280788178,""fontType"":""Calibri"",""rotation"":0,""fontColor"":""#ffffff"",""textContent"":""👕👚👙""}]}","632e3d17-8713-46e9-ab1b-604bfa3ce11f"
"b9488f34-2991-43af-a422-e7fe7c26b180","2024-12-24T01:04:38.418402+00:00","2024-12-24T01:04:38.418402+00:00",false,"0a07e3dc-24ab-4632-a89b-dc5bdb9263c3","{""items"":[{""x"":0.13974358974358975,""y"":0.5108609674101192,""z"":1,""id"":""223e4b4e-82ec-4447-8f9a-7d3b9cfa44f6"",""type"":""reaction"",""scale"":1,""fontSize"":0.01995990977103984,""fontType"":""Calibri-Bold"",""rotation"":0,""fontColor"":""#000"",""textContent"":""台灣冷嗎 我的心好冷""},{""x"":0.40341882950220354,""y"":0.38191152635908804,""z"":1,""id"":""4ea7ed72-ab10-4088-8115-b54db9bed349"",""type"":""reaction"",""scale"":1,""fontSize"":0.06753554502369669,""fontType"":""Calibri"",""rotation"":0,""fontColor"":""#ffffff"",""textContent"":""🫶""},{""x"":0.37435897435897436,""y"":0.17298578199052134,""z"":1,""id"":""6a9efd8f-f496-482f-8162-a69ba9bcc3ab"",""type"":""reaction"",""scale"":1,""fontSize"":0.061611374407582936,""fontType"":""Calibri"",""rotation"":0,""fontColor"":""#ffffff"",""textContent"":""🥰""},{""x"":0.11794867882361779,""y"":0.21642968778926613,""z"":1,""id"":""7b1057f6-47be-4e89-af60-f75303235039"",""type"":""reaction"",""scale"":1,""fontSize"":0.058056872037914695,""fontType"":""Calibri"",""rotation"":0,""fontColor"":""#ffffff"",""textContent"":""✨""},{""x"":0.15854699550530849,""y"":0.5841232046696812,""z"":1,""id"":""e054b63f-db3b-4cc4-8412-04c7e87feacf"",""type"":""reaction"",""scale"":1,""fontSize"":0.019102704551403313,""fontType"":""Calibri-Bold"",""rotation"":0,""fontColor"":""#000"",""textContent"":""㊗️下次💩平安健康""}]}","632e3d17-8713-46e9-ab1b-604bfa3ce11f"
"b94fde51-effa-4c77-90d9-090a0e4b0ca6","2024-12-24T01:04:38.418402+00:00","2024-12-24T01:04:38.418402+00:00",false,"141f926e-4db9-49f8-a4ee-cd0404cdefd7","{""items"":[{""x"":0.6064102564102564,""y"":0.7725118483412322,""z"":4,""id"":""261723be-aca1-422a-a3fa-3819577128a0"",""type"":""text"",""width"":0,""height"":0,""fontSize"":0.035545023696682464,""fontType"":""Calibri"",""rotation"":0,""fontColor"":""#ffffff"",""textContent"":""買🛍️""},{""x"":0.18846153846153846,""y"":0.49605054086983535,""z"":6,""id"":""7ce00831-0035-46d1-9bd7-7ac6ef63519d"",""type"":""text"",""width"":0,""height"":0,""fontSize"":0.023696682464454975,""fontType"":""Calibri"",""rotation"":0,""fontColor"":""#ffffff"",""textContent"":""半夜看到快餓死👻""}]}","a6300bac-4d56-49f3-9e9e-a3919a9bd8cf"
"b9c25475-a1f2-4315-872b-326f5421eb22","2024-12-24T01:04:38.418402+00:00","2024-12-24T01:04:38.418402+00:00",false,"1eb5ee4d-3f7b-4485-af96-fe487814420d","{""items"":[{""x"":0.582187499636696,""y"":0.4020331112286478,""z"":2,""id"":""4a4d2626-20ca-4d4c-8658-f6bcf8d6ac56"",""type"":""text"",""width"":0,""height"":0,""fontSize"":0.019704433497536946,""fontType"":""Calibri"",""rotation"":0,""fontColor"":""#669bbc"",""textContent"":""我：散佈在新北泰山""}]}","6eea90f5-325a-4ccf-aceb-3471c02914c0"
"baefff85-1b0a-492c-9ddb-fbd5032b9166","2024-12-24T01:04:38.418402+00:00","2024-12-24T01:04:38.418402+00:00",false,"afa1a568-b4c1-4a04-b04d-35a793f0beb2","{""items"":[{""x"":0.14758273602745317,""y"":0.7539123750068768,""z"":4,""id"":""0313f7d2-568d-4559-89c4-6de4a9250bb8"",""type"":""text"",""width"":0,""height"":0,""fontSize"":0.02112676056338028,""fontType"":""Calibri"",""rotation"":0,""fontColor"":""#c1121f"",""textContent"":""從大便打到健身房的自律女孩""}]}","eecd2083-81ee-4e52-a4cf-fd6687bd002d"
"bcd830ae-db97-4ecc-9d50-df9a1452a0fa","2024-12-24T01:04:38.418402+00:00","2024-12-24T01:04:38.418402+00:00",false,"e57af42e-4163-4170-bd2c-00ed03b3141e","{""items"":[{""x"":0.3773504599546774,""y"":0.6816745685740103,""z"":1,""id"":""40a530f3-bbe9-41b5-8172-12356aef7fe1"",""type"":""reaction"",""scale"":1,""fontSize"":0.021573907676892552,""fontType"":""Calibri-Bold"",""rotation"":0.05916719300505774,""fontColor"":""#FFC300"",""textContent"":""我想跟你一起做愛❤️""},{""x"":0.4807692307692308,""y"":0.48104265402843605,""z"":1,""id"":""d825a4a2-386b-4765-8485-0a979b1a0572"",""type"":""reaction"",""scale"":1,""fontSize"":0.035545023696682464,""fontType"":""Calibri"",""rotation"":0,""fontColor"":""#ffffff"",""textContent"":""✂️剪""}]}","a6300bac-4d56-49f3-9e9e-a3919a9bd8cf"
"bd6857e9-003a-4416-8ae2-497ae81e7bd0","2024-12-24T01:04:38.418402+00:00","2024-12-24T01:04:38.418402+00:00",false,"dd1fb5ee-11c2-4b3f-b0e0-6f1de15b9230","{""items"":[{""x"":0.13489590750800295,""y"":0.41188246115346877,""z"":16,""id"":""d1f53676-fc7a-49db-a3e9-19ebc47cca5d"",""type"":""text"",""width"":0,""height"":0,""fontSize"":0.015623499006829182,""fontType"":""Calibri-Bold"",""rotation"":0,""fontColor"":""#000"",""textContent"":""？？？😍\n不知道為什麼有種詐騙感""}]}","632e3d17-8713-46e9-ab1b-604bfa3ce11f"
"bdfb8e27-f32a-44dd-85d6-3f5a962567b9","2024-12-24T01:04:38.418402+00:00","2024-12-24T01:04:38.418402+00:00",false,"56b777d6-a2ee-40c1-803e-015024a9778c","{""items"":[{""x"":0.4770992366412214,""y"":0.4765258215962441,""z"":6,""id"":""545dc91a-878b-4f10-b646-72384ba1189b"",""type"":""text"",""width"":0,""height"":0,""fontSize"":0.035211267605633804,""fontType"":""Calibri"",""rotation"":0,""fontColor"":""#ffffff"",""textContent"":""""},{""x"":0.16242577162104402,""y"":0.2676056338028169,""z"":3,""id"":""063b739a-244c-481b-a74a-50fe456f4c4a"",""type"":""text"",""width"":0,""height"":0,""fontSize"":0.035211267605633804,""fontType"":""Calibri-Bold"",""rotation"":0,""fontColor"":""#ffffff"",""textContent"":""萌哭了""},{""x"":0.5992366412213741,""y"":0.401017202457912,""z"":5,""id"":""af459a38-d4e3-40f1-b402-45c1e0ba5c57"",""type"":""text"",""width"":0,""height"":0,""fontSize"":0.035211267605633804,""fontType"":""Calibri"",""rotation"":0,""fontColor"":""#ffffff"",""textContent"":""🧡""},{""x"":0.12171330342765979,""y"":0.8489827796327112,""z"":8,""id"":""f2607d92-0f44-4848-99a8-c855652f3c85"",""type"":""text"",""width"":0,""height"":0,""fontSize"":0.011737089201877934,""fontType"":""Calibri"",""rotation"":0,""fontColor"":""#000"",""textContent"":""每年送好禮物\n都是送壞禮物的人拿到好禮物🥹""}]}","a6300bac-4d56-49f3-9e9e-a3919a9bd8cf"
"c0deb5f1-ba51-4998-b11d-36894611d7d0","2024-12-24T01:04:38.418402+00:00","2024-12-24T01:04:38.418402+00:00",false,"afa1a568-b4c1-4a04-b04d-35a793f0beb2","{""items"":[{""x"":0.2926208651399516,""y"":0.5312989105081337,""z"":7,""id"":""0ddba610-ffc2-4eae-864e-0ab451545e77"",""type"":""text"",""width"":0,""height"":0,""fontSize"":0.035211267605633804,""fontType"":""Calibri"",""rotation"":0,""fontColor"":""#ffffff"",""textContent"":""好健康 愛了""}]}","632e3d17-8713-46e9-ab1b-604bfa3ce11f"
"c22c7a13-5420-49fd-b26a-061128e938a0","2024-12-24T01:04:38.418402+00:00","2024-12-24T01:04:38.418402+00:00",false,"b0c2e1ae-baea-4f30-9b13-08c151aa8ca9","{""items"":[{""x"":0.5324444173177093,""y"":0.4396551724137931,""z"":3,""id"":""37d3b450-4708-4c79-9a18-a85b614d7ba7"",""type"":""text"",""width"":0,""height"":0,""fontSize"":0.01847290640394089,""fontType"":""Calibri"",""rotation"":0,""fontColor"":""#000"",""textContent"":""欣柔變109澀谷金髮辣妹""}]}","eecd2083-81ee-4e52-a4cf-fd6687bd002d"
"fbd52b3d-c178-4b9f-b26d-29addbd683e5","2024-12-24T01:04:38.418402+00:00","2024-12-24T01:04:38.418402+00:00",false,"463bdc3e-76e2-44e1-accd-0bcd62995221","{""items"":[{""x"":0.25029220497855187,""y"":0.5401241268030674,""z"":1,""id"":""09d5e847-4856-41e8-b078-1edc2c4c2519"",""type"":""reaction"",""scale"":1,""fontSize"":0.02112676056338028,""fontType"":""Calibri"",""rotation"":0,""fontColor"":""#c1121f"",""textContent"":""你到底哪來這麼多濾鏡😍""}]}","6eea90f5-325a-4ccf-aceb-3471c02914c0"
"c32b57d7-03f5-40ea-bcef-b8308a515e66","2024-12-24T01:04:38.418402+00:00","2024-12-24T01:04:38.418402+00:00",false,"b2a20f2c-6f49-4c95-8a78-873ad02d4f9b","{""items"":[{""x"":0.3455439753002591,""y"":0.7124885116709775,""z"":29,""id"":""a973cc50-8488-4fdf-b1b0-8c06cde1630c"",""type"":""text"",""width"":0,""height"":0,""fontSize"":0.013673552364438913,""fontType"":""Calibri-Bold"",""rotation"":0,""fontColor"":""#669bbc"",""textContent"":""我可不可以給自己腳底按摩""},{""x"":0.4990740987989634,""y"":0.20033737725330303,""z"":5,""id"":""29fcb712-9e25-4b94-9070-3a16b8904ce2"",""type"":""text"",""width"":0,""height"":0,""fontSize"":0.012041066864520798,""fontType"":""Calibri-Bold"",""rotation"":0,""fontColor"":""#000"",""textContent"":""因為目前舊的日記暫時被清空了\n還不確定過幾天會不會又變慢🥹""}]}","632e3d17-8713-46e9-ab1b-604bfa3ce11f"
"c36ae26a-2b72-48de-b059-49cd15c96a1f","2024-12-24T01:04:38.418402+00:00","2024-12-24T01:04:38.418402+00:00",false,"f9307b81-a257-4cce-8361-cefb6918ba32","{""items"":[{""x"":0.49383562560308547,""y"":0.8092739911753891,""z"":1,""id"":""dc05294e-c4bb-419c-813b-0b7ea0cbc003"",""type"":""reaction"",""scale"":1,""fontSize"":0.03694581280788178,""fontType"":""Calibri"",""rotation"":0,""fontColor"":""#c1121f"",""textContent"":""一定成功！""}]}","6eea90f5-325a-4ccf-aceb-3471c02914c0"
"c4a12889-0fb3-4f92-8076-c96c0ea5eecd","2024-12-24T01:04:38.418402+00:00","2024-12-24T01:04:38.418402+00:00",false,"463bdc3e-76e2-44e1-accd-0bcd62995221","{""items"":[{""x"":0.549618320610687,""y"":0.35485134214302744,""z"":1,""id"":""81f973b2-39e8-4f96-b246-9b336596db2c"",""type"":""reaction"",""scale"":1,""fontSize"":0.035211267605633804,""fontType"":""Calibri"",""rotation"":0,""fontColor"":""#ffffff"",""textContent"":""好愛""},{""x"":0.5750636132315522,""y"":0.5923317564485219,""z"":1,""id"":""efe80116-3ea6-407f-91a1-4626360a657b"",""type"":""reaction"",""scale"":1,""fontSize"":0.017605633802816902,""fontType"":""Calibri-Bold"",""rotation"":0,""fontColor"":""#000"",""textContent"":""有加班費嗎\n未看先猜沒有""}]}","632e3d17-8713-46e9-ab1b-604bfa3ce11f"
"c4f08942-eaf8-4dad-9d0a-13965d34c278","2024-12-24T01:04:38.418402+00:00","2024-12-24T01:04:38.418402+00:00",false,"55cc030e-115c-4a88-99ac-30acd3be682b","{""items"":[{""x"":0.3641025641025641,""y"":0.7132701421800948,""z"":4,""id"":""7be59c5c-43d2-451b-b50c-3362ad625ddd"",""type"":""text"",""width"":0,""height"":0,""fontSize"":0.011848341232227487,""fontType"":""Calibri"",""rotation"":0,""fontColor"":""#000"",""textContent"":""請問麥克喜歡仙草嗎？美國竟然有！！""}]}","eecd2083-81ee-4e52-a4cf-fd6687bd002d"
"c73ca3ce-1b32-453d-ac59-711a09204664","2024-12-24T01:04:38.418402+00:00","2024-12-24T01:04:38.418402+00:00",false,"1af2b861-2670-469b-a3f6-7b9a5f84837f","{""items"":[{""x"":0.22199076546563073,""y"":0.7469121683440071,""z"":3,""id"":""96e8bd59-a6b6-41fc-ba39-4ee9ecec9c6f"",""type"":""text"",""width"":0,""height"":0,""fontSize"":0.01200823421774931,""fontType"":""Calibri"",""rotation"":0,""fontColor"":""#000"",""textContent"":""出門玩每天都洗頭 平常的我可不是這樣的""}]}","eecd2083-81ee-4e52-a4cf-fd6687bd002d"
"c87e1c08-1999-4482-89ec-0595c94d680e","2024-12-24T01:04:38.418402+00:00","2024-12-24T01:04:38.418402+00:00",false,"e22d9522-367d-49ac-9508-099ff6d095df","{""items"":[{""x"":0.34270833333333334,""y"":0.5831998962932841,""z"":1,""id"":""99af2cb4-19fd-4aa6-9ecc-e73916884011"",""type"":""reaction"",""scale"":1,""fontSize"":0.022815645013723695,""fontType"":""Calibri"",""rotation"":0,""fontColor"":""#669bbc"",""textContent"":""還以為是 瑄瑄推薦的BL""}]}","eecd2083-81ee-4e52-a4cf-fd6687bd002d"
"c8919a31-4c7f-4da8-ad7b-cf245eac8715","2024-12-24T01:04:38.418402+00:00","2024-12-24T01:04:38.418402+00:00",false,"dbb488ee-84de-457b-abb9-264eb5d1fbe6","{""items"":[{""x"":0.49615386571639486,""y"":0.7395339712712429,""z"":11,""id"":""dcd42460-cf4d-44de-bc8c-b103dcb91bb4"",""type"":""text"",""width"":0,""height"":0,""fontSize"":0.014218009478672985,""fontType"":""Calibri"",""rotation"":0,""fontColor"":""#ffffff"",""textContent"":""是男生朋友跟我討論的\n🤡然後我順便推坑了幾本男性友情""},{""x"":0.4115384615384615,""y"":0.5394944828268471,""z"":3,""id"":""32eaa891-4ad3-4983-b660-6d7c52b291c4"",""type"":""text"",""width"":0,""height"":0,""fontSize"":0.018957345971563982,""fontType"":""Calibri"",""rotation"":0,""fontColor"":""#ffffff"",""textContent"":""昨天才跟朋友討論到百合本\n我現在看什麼都是百合""}]}","a6300bac-4d56-49f3-9e9e-a3919a9bd8cf"
"cbc30d9c-95b4-4054-bb98-f0ea7df8c43a","2024-12-24T01:04:38.418402+00:00","2024-12-24T01:04:38.418402+00:00",false,"53e78506-34e0-4426-8817-ed1bab4f3de4","{""items"":[{""x"":0.29786324134239783,""y"":0.3686808816629564,""z"":1,""id"":""0fda44cc-9a5c-4733-8527-fafba9dd07f1"",""type"":""reaction"",""scale"":1,""fontSize"":0.02164967707740126,""fontType"":""Calibri-Bold"",""rotation"":0,""fontColor"":""#000"",""textContent"":""猝不及防 我笑死""},{""x"":0.6273504012670272,""y"":0.4285150320044061,""z"":1,""id"":""6067ad1f-c465-45b2-b2f7-2ceb4847974d"",""type"":""reaction"",""scale"":1,""fontSize"":0.015402843601895734,""fontType"":""Calibri-Bold"",""rotation"":0,""fontColor"":""#000"",""textContent"":""？？？😍底迪不要""},{""x"":0.14957263653094952,""y"":0.6050552802063277,""z"":1,""id"":""8d84a2b9-2c8b-4926-8709-20384df36e1a"",""type"":""reaction"",""scale"":1,""fontSize"":0.016219660713055348,""fontType"":""Calibri-Bold"",""rotation"":0,""fontColor"":""#000"",""textContent"":""好像Windows預設桌布""},{""x"":0.6982906243739984,""y"":0.3353080568720379,""z"":1,""id"":""e55ac39a-4b98-450c-b884-734370153dca"",""type"":""reaction"",""scale"":1,""fontSize"":0.017772511848341232,""fontType"":""Calibri-Bold"",""rotation"":0,""fontColor"":""#000"",""textContent"":""太多了先不要""}]}","632e3d17-8713-46e9-ab1b-604bfa3ce11f"
"cdea5bf8-a0de-4806-a7cc-39c825dc7f31","2024-12-24T01:04:38.418402+00:00","2024-12-24T01:04:38.418402+00:00",false,"e22d9522-367d-49ac-9508-099ff6d095df","{""items"":[{""x"":0.33744211726718476,""y"":0.5451738334858188,""z"":1,""id"":""308381bd-75b6-4019-8a29-642c8c6455b6"",""type"":""reaction"",""scale"":1,""fontSize"":0.0192131747483989,""fontType"":""Calibri-Light"",""rotation"":0,""fontColor"":""#c1121f"",""textContent"":""希望你可以再借我看一次""}]}","a6300bac-4d56-49f3-9e9e-a3919a9bd8cf"
"ce68b8c5-94e4-464d-8358-7bdf1ba2f639","2024-12-24T01:04:38.418402+00:00","2024-12-24T01:04:38.418402+00:00",false,"535acf78-b25d-4e50-8cc5-f3f623960d3e","{""items"":[{""x"":0.1354941173735128,""y"":0.5356492838500505,""z"":3,""id"":""fe2279cb-a190-4089-92a8-ee038150c787"",""type"":""text"",""width"":0,""height"":0,""fontSize"":0.029556650246305417,""fontType"":""Calibri"",""rotation"":0,""fontColor"":""#000"",""textContent"":""祝哥生日快樂👍\n你這張看起來好嫩只有七歲""}]}","6eea90f5-325a-4ccf-aceb-3471c02914c0"
"ce92e8c0-19f9-405f-90a1-d41044591676","2024-12-24T01:04:38.418402+00:00","2024-12-24T01:04:38.418402+00:00",false,"faae14aa-96ce-4a92-b31f-6e5d441c05f9","{""items"":[{""x"":0.1162001631642116,""y"":0.7097026484673012,""z"":1,""id"":""9d6491bd-9317-4125-a8c5-3a8448dbdfff"",""type"":""reaction"",""scale"":1,""fontSize"":0.015136638952192059,""fontType"":""Calibri-Bold"",""rotation"":0,""fontColor"":""#669bbc"",""textContent"":""愛偷懶的我發現\n一邊折衣服一邊看YT影片是體感輕鬆\n但其實有在做事的優良睡前活動\n推薦洗完澡挑個好片慢慢折""}]}","632e3d17-8713-46e9-ab1b-604bfa3ce11f"
"cec1b18b-6186-4f10-9a90-e3c1e33516a0","2024-12-24T01:04:38.418402+00:00","2024-12-24T01:04:38.418402+00:00",false,"9ab6eec1-65fe-49e3-8ff5-d6db7e3d66ff","{""items"":[{""x"":0.7382222493489583,""y"":0.1925287293683132,""z"":1,""id"":""a3e786eb-d98e-4ab9-a9af-719daa8d2638"",""type"":""reaction"",""scale"":1,""fontSize"":0.03694581280788178,""fontType"":""Calibri"",""rotation"":0,""fontColor"":""#ffffff"",""textContent"":""🫂""}]}","2bdbc127-920a-432e-b1b6-1fa1ed6687a1"
"d0af043c-b832-4e05-8540-095dc78817e0","2024-12-24T01:04:38.418402+00:00","2024-12-24T01:04:38.418402+00:00",false,"b7cdd17d-4795-4bea-b364-6d8bab17324a","{""items"":[{""x"":0.20186597518338503,""y"":0.2957746299779471,""z"":1,""id"":""5e1c7e0b-7fe2-4213-91ee-b8c35084267b"",""type"":""reaction"",""scale"":1,""fontSize"":0.014310025316584608,""fontType"":""Calibri"",""rotation"":0,""fontColor"":""#ffffff"",""textContent"":""這是排少那個隊長嗎""},{""x"":0.10050892526563494,""y"":0.7300469394021191,""z"":1,""id"":""917f4d64-def4-4ffb-83f2-b4914b3cef95"",""type"":""reaction"",""scale"":1,""fontSize"":0.025774551297211186,""fontType"":""Calibri"",""rotation"":-0.0023567198796397015,""fontColor"":""#c1121f"",""textContent"":""大便好重要 讚嘆大便""}]}","632e3d17-8713-46e9-ab1b-604bfa3ce11f"
"d20e9f0c-54c9-439c-bc25-7a14e3458a39","2024-12-24T01:04:38.418402+00:00","2024-12-24T01:04:38.418402+00:00",false,"a9cacc8f-ca73-44b1-8c7e-298592aecd8c","{""items"":[{""x"":0.290170953212641,""y"":0.8542654028436019,""z"":3,""id"":""c7d1c2aa-5dc4-46c6-856b-66f60fcacd3e"",""type"":""text"",""width"":0,""height"":0,""fontSize"":0.023696682464454975,""fontType"":""Calibri"",""rotation"":0,""fontColor"":""#c1121f"",""textContent"":""我也好想看裸體（危險發言）""},{""x"":0.39700853396684616,""y"":0.22551342209368483,""z"":9,""id"":""e4389b0a-ea0e-498a-b5d0-8a72be68729d"",""type"":""text"",""width"":0,""height"":0,""fontSize"":0.04265402843601896,""fontType"":""Calibri"",""rotation"":0,""fontColor"":""#ffffff"",""textContent"":""👑""},{""x"":0.4209401448567718,""y"":0.5394944647477133,""z"":5,""id"":""442add4e-432a-4e5c-b03d-5abf99aa16b2"",""type"":""text"",""width"":0,""height"":0,""fontSize"":0.02014218009478673,""fontType"":""Calibri"",""rotation"":0,""fontColor"":""#669bbc"",""textContent"":""很開心看到妳更新 親👩‍❤️‍💋‍👩""},{""x"":0.5004273634690513,""y"":0.32701421800947866,""z"":7,""id"":""94ebc9a8-75dc-417f-b89f-013196d6298e"",""type"":""text"",""width"":0,""height"":0,""fontSize"":0.04739336492890995,""fontType"":""Calibri"",""rotation"":0,""fontColor"":""#ffffff"",""textContent"":""✨""}]}","a6300bac-4d56-49f3-9e9e-a3919a9bd8cf"
"d20ededc-fc40-4f09-a8b8-8d768cb19c75","2024-12-24T01:04:38.418402+00:00","2024-12-24T01:04:38.418402+00:00",false,"66613263-c94d-4795-9762-a5ef8896a045","{""items"":[{""x"":0.3265479090256234,""y"":0.6721439809306691,""z"":3,""id"":""6ef8fec5-0344-43cd-93e5-53935189090d"",""type"":""text"",""width"":0,""height"":0,""fontSize"":0.022300469483568074,""fontType"":""Calibri"",""rotation"":0,""fontColor"":""#669bbc"",""textContent"":""為你寫詩為你祝福""}]}","632e3d17-8713-46e9-ab1b-604bfa3ce11f"
"d3a38319-3665-497d-bea5-0d945f4e1ab8","2024-12-24T01:04:38.418402+00:00","2024-12-24T01:04:38.418402+00:00",false,"e866aa84-d94c-4319-a7f5-14b1563672b9","{""items"":[{""x"":0.046394130161831026,""y"":0.6372626839897962,""z"":2,""id"":""1d55b8f7-8a0b-4860-b59e-62e068706dfd"",""type"":""text"",""width"":0,""height"":0,""fontSize"":0.024881516587677725,""fontType"":""Calibri"",""rotation"":0,""fontColor"":""#FFC300"",""textContent"":""看起來好冷\n麥可放開那女孩""}]}","6eea90f5-325a-4ccf-aceb-3471c02914c0"
"d3e9c5be-d5a9-4c2a-8886-2b1bc1dff05f","2024-12-24T01:04:38.418402+00:00","2024-12-24T01:04:38.418402+00:00",false,"6c6588d3-5ca4-4d7e-9074-c9133af37f28","{""items"":[{""x"":0.14079731171974402,""y"":0.5404929846105434,""z"":8,""id"":""e592d59e-cb7c-4757-b923-28f3338b6afc"",""type"":""text"",""width"":0,""height"":0,""fontSize"":0.015289066304125,""fontType"":""Calibri"",""rotation"":0,""fontColor"":""#ffffff"",""textContent"":""我今天吃炒飯配燙青菜\n台北這樣要120""}]}","a6300bac-4d56-49f3-9e9e-a3919a9bd8cf"
"d55348a1-dab9-4dde-836a-bcdddf494d04","2024-12-24T01:04:38.418402+00:00","2024-12-24T01:04:38.418402+00:00",false,"db197d86-af93-4c2f-8211-c526890e320d","{""items"":[{""x"":0.13329778538518847,""y"":0.6111581456281884,""z"":2,""id"":""8ad12a25-b80f-4612-a849-20af725bdfc0"",""type"":""text"",""width"":0,""height"":0,""fontSize"":0.016587677725118485,""fontType"":""Calibri"",""rotation"":0,""fontColor"":""#669bbc"",""textContent"":""希望下面那張可以放大\n老花眼看不出到底發生什麼事""}]}","6eea90f5-325a-4ccf-aceb-3471c02914c0"
"d5d4f0e8-b16a-4fe7-903f-226cea61846f","2024-12-24T01:04:38.418402+00:00","2024-12-24T01:04:38.418402+00:00",false,"3d820643-ea2d-4f7c-aeea-2fa1c618b740","{""items"":[{""x"":0.52,""y"":0.5197044334975369,""z"":3,""id"":""29bae820-dd88-4faf-996d-0ff261a69713"",""type"":""text"",""width"":0,""height"":0,""fontSize"":0.01600985221674877,""fontType"":""Calibri"",""rotation"":0,""fontColor"":""#fdf0d5"",""textContent"":""好日 面試官會被電暈😍""}]}","632e3d17-8713-46e9-ab1b-604bfa3ce11f"
"d6c09167-0c8d-4ed8-8443-d893876e3574","2024-12-24T01:04:38.418402+00:00","2024-12-24T01:04:38.418402+00:00",false,"6c3c9f37-2bec-4a00-9cf7-2eeeb7607606","{""items"":[{""x"":0.12892280947464416,""y"":0.3689358312759041,""z"":1,""id"":""9d68028d-6d20-42a7-98a8-138789d5354a"",""type"":""reaction"",""scale"":1,""fontSize"":0.01625209872649546,""fontType"":""Calibri-Bold"",""rotation"":0,""fontColor"":""#669bbc"",""textContent"":""我6點睡  2點起床….\n作息已毀滅🙂""}]}","632e3d17-8713-46e9-ab1b-604bfa3ce11f"
"d7742eb8-d983-4d74-8f73-626ec5c2ac88","2024-12-24T01:04:38.418402+00:00","2024-12-24T01:04:38.418402+00:00",false,"90b5cb2b-a04b-4833-8b24-831990e49920","{""items"":[{""x"":0.4500578827328152,""y"":0.7361047392249216,""z"":1,""id"":""5f538e5b-d332-43bf-a52a-31099f301cb4"",""type"":""reaction"",""scale"":1,""fontSize"":0.03602470265324794,""fontType"":""Calibri-Bold"",""rotation"":0,""fontColor"":""#FFC300"",""textContent"":""到遙遠的以後""}]}","2bdbc127-920a-432e-b1b6-1fa1ed6687a1"
"da785f42-7279-43a9-a620-668de792c207","2024-12-24T01:04:38.418402+00:00","2024-12-24T01:04:38.418402+00:00",false,"5323f323-d548-4617-83ce-c2aa2dada2d8","{""items"":[{""x"":0.312888916015624,""y"":0.7590311924225,""z"":9,""id"":""aa7deacc-dfb7-4e1f-af51-4f53467ba4aa"",""type"":""text"",""width"":0,""height"":0,""fontSize"":0.019704433497536946,""fontType"":""Calibri"",""rotation"":0,""fontColor"":""#FFC300"",""textContent"":""㊗️出差順利""},{""x"":0.52,""y"":0.5197044334975369,""z"":3,""id"":""30e42df2-9d9d-4037-9e21-8e70451358f0"",""type"":""text"",""width"":0,""height"":0,""fontSize"":0.03694581280788178,""fontType"":""Calibri"",""rotation"":0,""fontColor"":""#000"",""textContent"":""""},{""x"":0.52,""y"":0.5197044334975369,""z"":2,""id"":""11969dcc-8be5-4271-8e1f-65282fc0034a"",""type"":""text"",""width"":0,""height"":0,""fontSize"":0.03694581280788178,""fontType"":""Calibri"",""rotation"":0,""fontColor"":""#000"",""textContent"":""""},{""x"":0.5777777913411467,""y"":0.8325123152709359,""z"":11,""id"":""fefe6c7f-4341-4d5a-9f7c-6ba6865885c2"",""type"":""text"",""width"":0,""height"":0,""fontSize"":0.02586206896551724,""fontType"":""Calibri"",""rotation"":0,""fontColor"":""#669bbc"",""textContent"":""睡起來""}]}","632e3d17-8713-46e9-ab1b-604bfa3ce11f"
"dd0b6528-0977-417b-8ac2-53ab68dfe344","2024-12-24T01:04:38.418402+00:00","2024-12-24T01:04:38.418402+00:00",false,"c5d0e3f4-6f89-4758-a335-f26c97a1cf5c","{""items"":[{""x"":0.5368888753255209,""y"":0.9913793103448276,""z"":1,""id"":""3856a3ae-8623-4e1d-a6c2-31e7d1edaa70"",""type"":""reaction"",""scale"":1,""fontSize"":0.01847290640394089,""fontType"":""Calibri"",""rotation"":0,""fontColor"":""#669bbc"",""textContent"":""沒跟到 求故事分享""},{""x"":0.42933333333333334,""y"":0.6412151129962188,""z"":1,""id"":""e8621bbf-cff9-45fe-b8e6-808fdd6236ec"",""type"":""reaction"",""scale"":1,""fontSize"":0.022167487684729065,""fontType"":""Calibri"",""rotation"":0,""fontColor"":""#669bbc"",""textContent"":""到現在我還沒吃鬆餅堡""}]}","eecd2083-81ee-4e52-a4cf-fd6687bd002d"
"fc403df3-2ce2-439c-ae95-d943aa5eeecb","2024-12-24T01:04:38.418402+00:00","2024-12-24T01:04:38.418402+00:00",false,"9b7d0a40-d518-4ba0-901b-533c7705737e","{""items"":[{""x"":0.08589745545998616,""y"":0.5904423320462915,""z"":6,""id"":""77725eb0-be0c-4763-86b7-eebafd5f4e58"",""type"":""text"",""width"":0,""height"":0,""fontSize"":0.01487554305541635,""fontType"":""Calibri-Bold"",""rotation"":0,""fontColor"":""#000"",""textContent"":""這種感覺瑄瑄很會拍\n記得她在紐約隨手把我\n拍出日式清新感😍""}]}","632e3d17-8713-46e9-ab1b-604bfa3ce11f"
"ddbe2dbc-3e71-4dc1-81c6-aa3bec3eb2b7","2024-12-24T01:04:38.418402+00:00","2024-12-24T01:04:38.418402+00:00",false,"353b46de-0c0f-4257-8de8-b0be2cfa7be6","{""items"":[{""x"":0.2568376198793077,""y"":0.6390205310984242,""z"":5,""id"":""d63d07f9-ae92-4862-afe2-73268ec4f06a"",""type"":""text"",""width"":0,""height"":0,""fontSize"":0.017772511848341232,""fontType"":""Calibri"",""rotation"":0,""fontColor"":""#c1121f"",""textContent"":""果然正宗的就是要在國外吃""},{""x"":0.23205128205128206,""y"":0.22946288122385072,""z"":3,""id"":""3acec5d1-e7d8-41a0-8280-b1092a89ebc2"",""type"":""text"",""width"":0,""height"":0,""fontSize"":0.022511848341232227,""fontType"":""Calibri"",""rotation"":0,""fontColor"":""#c1121f"",""textContent"":""坐等更新""}]}","a6300bac-4d56-49f3-9e9e-a3919a9bd8cf"
"df49d985-2807-4d8e-9269-8773dfcfba2c","2024-12-24T01:04:38.418402+00:00","2024-12-24T01:04:38.418402+00:00",false,"074f2847-445f-4170-a6ed-3cab331681a9","{""items"":[{""x"":0.22887732717725995,""y"":0.2641811527904848,""z"":3,""id"":""a91fbb06-691e-4b4e-88b8-19117e1e44d3"",""type"":""text"",""width"":0,""height"":0,""fontSize"":0.014409881061299172,""fontType"":""Calibri"",""rotation"":0,""fontColor"":""#c1121f"",""textContent"":""我主管上個月開了Trello要我用\n問我會不會要我先建好架構\n我說哇這個看起來好方便喔\n但我沒用過我不會\n我主管就說沒關係那我來建\n好了再跟你說\n（其實之前在羊王用Slack用的是嚇嚇叫）\n被工作嚇到現在知道多裝傻有用""}]}","a6300bac-4d56-49f3-9e9e-a3919a9bd8cf"
"e0623418-7aac-47b4-a121-81c916515e3c","2024-12-24T01:04:38.418402+00:00","2024-12-24T01:04:38.418402+00:00",false,"cd655871-50c6-4ed4-92be-501d66b37e97","{""items"":[{""x"":0.13632476024138615,""y"":0.22906792446335308,""z"":3,""id"":""41c4f924-09cb-4f11-878b-ab55903d4953"",""type"":""text"",""width"":0,""height"":0,""fontSize"":0.035545023696682464,""fontType"":""Calibri"",""rotation"":0,""fontColor"":""#c1121f"",""textContent"":""你在演美國版的我""},{""x"":0.3628205128205128,""y"":0.5300157917619314,""z"":5,""id"":""5866ad12-4477-43c2-9a8a-3875121af4af"",""type"":""text"",""width"":0,""height"":0,""fontSize"":0.02014218009478673,""fontType"":""Calibri"",""rotation"":0,""fontColor"":""#c1121f"",""textContent"":""買了紅眼班 我現在皮皮ㄘㄨㄚ""}]}","a6300bac-4d56-49f3-9e9e-a3919a9bd8cf"
"e27ea4c1-625b-430d-a15c-0a8ef98b0586","2024-12-24T01:04:38.418402+00:00","2024-12-24T01:04:38.418402+00:00",false,"1cdb7832-1d4d-41ac-aa11-89ea4aaff24b","{""items"":[{""x"":0.04355554199218746,""y"":0.5184729064039408,""z"":3,""id"":""d527f9e3-bd9f-44fd-a6f3-f966428ded0f"",""type"":""text"",""width"":0,""height"":0,""fontSize"":0.027093596059113302,""fontType"":""Calibri"",""rotation"":0,""fontColor"":""#FFF"",""textContent"":""星際效應哭爛粉+1""},{""x"":0.17333333333333334,""y"":0.8530377730947414,""z"":6,""id"":""1f32241a-e164-498e-80e5-9e1c7b5f9c9d"",""type"":""text"",""width"":0,""height"":0,""fontSize"":0.020935960591133004,""fontType"":""Calibri"",""rotation"":0,""fontColor"":""#fdf0d5"",""textContent"":""最後兩行字看不到但我很開心你開心🥰""}]}","632e3d17-8713-46e9-ab1b-604bfa3ce11f"
"e30c1323-9643-41d1-846d-2764deebfb9a","2024-12-24T01:04:38.418402+00:00","2024-12-24T01:04:38.418402+00:00",false,"22bdfc94-6bac-4c1e-90d5-d2ce706aad9c","{""items"":[{""x"":0.35199320164648934,""y"":0.32981220657276994,""z"":1,""id"":""d25d9e9a-f5f2-4454-8c29-5490cf4f465c"",""type"":""reaction"",""scale"":1,""fontSize"":0.035211267605633804,""fontType"":""Calibri-Bold"",""rotation"":0,""fontColor"":""#FFC300"",""textContent"":""健康好寶寶""}]}","632e3d17-8713-46e9-ab1b-604bfa3ce11f"
"e4264984-1aaa-4706-b040-d38f237523a5","2024-12-24T01:04:38.418402+00:00","2024-12-24T01:04:38.418402+00:00",false,"73555e3d-71c5-4e07-be5d-4064d8372bcc","{""items"":[{""x"":0.3713675083258205,""y"":0.4624802467382346,""z"":9,""id"":""386fe8f5-9fe2-4588-ad0d-8eab2f43fa51"",""type"":""text"",""width"":0,""height"":0,""fontSize"":0.0462085308056872,""fontType"":""Calibri"",""rotation"":0,""fontColor"":""#ffffff"",""textContent"":""🧜""},{""x"":0.5799145038311307,""y"":0.3447867298578199,""z"":7,""id"":""56f4fdfa-80cf-419d-a0ae-d292dd7593be"",""type"":""text"",""width"":0,""height"":0,""fontSize"":0.018957345971563982,""fontType"":""Calibri"",""rotation"":0,""fontColor"":""#c1121f"",""textContent"":""安妞鮮妞""},{""x"":0.2226495987329736,""y"":0.766982634485615,""z"":5,""id"":""84bcd94a-1b8b-4757-be45-ae23b67121c1"",""type"":""text"",""width"":0,""height"":0,""fontSize"":0.022511848341232227,""fontType"":""Calibri-Bold"",""rotation"":0,""fontColor"":""#FFC300"",""textContent"":""帽子可以悍在頭上了 正死🔥""}]}","a6300bac-4d56-49f3-9e9e-a3919a9bd8cf"
"e4475dd4-1ad3-4edd-8629-987a67e2efd7","2024-12-24T01:04:38.418402+00:00","2024-12-24T01:04:38.418402+00:00",false,"a9cacc8f-ca73-44b1-8c7e-298592aecd8c","{""items"":[{""x"":0.3435897435897436,""y"":0.17496051155560427,""z"":3,""id"":""5f734723-08f7-4d5b-a2cc-62ff5cf69796"",""type"":""text"",""width"":0,""height"":0,""fontSize"":0.035545023696682464,""fontType"":""Calibri"",""rotation"":0,""fontColor"":""#000"",""textContent"":""🉑愛""},{""x"":0.5487179878430487,""y"":0.562401269849443,""z"":7,""id"":""afc241a2-ca1a-43c6-a001-8e7352c1cf0d"",""type"":""text"",""width"":0,""height"":0,""fontSize"":0.014218009478672985,""fontType"":""Calibri"",""rotation"":0,""fontColor"":""#000"",""textContent"":""麥可忙著更新app\n不會揍別擔心🥹""}]}","632e3d17-8713-46e9-ab1b-604bfa3ce11f"
"e5062655-7e12-4493-a5eb-78cb9513179f","2024-12-24T01:04:38.418402+00:00","2024-12-24T01:04:38.418402+00:00",false,"0a07e3dc-24ab-4632-a89b-dc5bdb9263c3","{""items"":[{""x"":0.1790597964555788,""y"":0.531003147504906,""z"":1,""id"":""011cd751-17e5-4a13-b68a-a42b4123718f"",""type"":""reaction"",""scale"":1,""fontSize"":0.016077316259579397,""fontType"":""Calibri"",""rotation"":-0.001545139641183968,""fontColor"":""#669bbc"",""textContent"":""台灣很冷 我都沒出門\n💩回報17:04 拉肚子""},{""x"":0.2004273634690505,""y"":0.4881516587677725,""z"":1,""id"":""893ecde2-0664-4116-8187-2aa87940740f"",""type"":""reaction"",""scale"":1,""fontSize"":0.02014218009478673,""fontType"":""Calibri"",""rotation"":0,""fontColor"":""#c1121f"",""textContent"":""おはよう🌞早起一聲好""}]}","a6300bac-4d56-49f3-9e9e-a3919a9bd8cf"
"e549b296-2f2a-4f9c-983f-a18579cc2c9d","2024-12-24T01:04:38.418402+00:00","2024-12-24T01:04:38.418402+00:00",false,"73555e3d-71c5-4e07-be5d-4064d8372bcc","{""items"":[{""x"":0.5961538461538461,""y"":0.5533175355450237,""z"":5,""id"":""185caa5e-989d-4963-9436-01f6d5ab0fc4"",""type"":""text"",""width"":0,""height"":0,""fontSize"":0.05687203791469194,""fontType"":""Calibri-Bold"",""rotation"":0,""fontColor"":""#c1121f"",""textContent"":""我愛你""}]}","2bdbc127-920a-432e-b1b6-1fa1ed6687a1"
"e56c7f52-e8f3-4db9-ae42-4cbebd84d8dc","2024-12-24T01:04:38.418402+00:00","2024-12-24T01:04:38.418402+00:00",false,"714fcd02-523b-4f7c-95a1-f7f228e646fe","{""items"":[{""x"":0.5383908096030599,""y"":0.40479916034330066,""z"":1,""id"":""14bfa860-ee1b-43d1-8ec0-2bbca2e04016"",""type"":""reaction"",""scale"":1,""fontSize"":0.01643192488262911,""fontType"":""Calibri-Bold"",""rotation"":0,""fontColor"":""#FFC300"",""textContent"":""不能跑去跟紫涵一起嗎\n偷偷換房間\n人生好難真的 一起哭""},{""x"":0.39563809183024357,""y"":0.6735053046448449,""z"":1,""id"":""9fcbbeb0-4b64-4b5e-85c4-583508517aa3"",""type"":""reaction"",""scale"":1,""fontSize"":0.02112676056338028,""fontType"":""Calibri"",""rotation"":0,""fontColor"":""#669bbc"",""textContent"":""到底是誰定時來打卡大便😍""}]}","6eea90f5-325a-4ccf-aceb-3471c02914c0"
"e571f25d-c013-4ea0-81c1-e470ab5b2807","2024-12-24T01:04:38.418402+00:00","2024-12-24T01:04:38.418402+00:00",false,"9dbcdd5c-7736-44f5-af92-0642b18661cb","{""items"":[{""x"":0.3931623801206931,""y"":0.5157978003623926,""z"":1,""id"":""a8788493-ecc1-4e53-acaf-e19d7ce58d93"",""type"":""reaction"",""scale"":1,""fontSize"":0.02014218009478673,""fontType"":""Calibri"",""rotation"":0,""fontColor"":""#ffffff"",""textContent"":""好餓啊寶貝""}]}","eecd2083-81ee-4e52-a4cf-fd6687bd002d"
"e921ff5b-72c0-4519-bc99-6c7b4b93d86a","2024-12-24T01:04:38.418402+00:00","2024-12-24T01:04:38.418402+00:00",false,"c5d0e3f4-6f89-4758-a335-f26c97a1cf5c","{""items"":[{""x"":0.8079999593098959,""y"":0.7832512503187058,""z"":1,""id"":""19a834d6-5fe4-4819-8cb5-290cef656bd1"",""type"":""reaction"",""scale"":1,""fontSize"":0.07758620689655173,""fontType"":""Calibri"",""rotation"":0,""fontColor"":""#ffffff"",""textContent"":""🥰""},{""x"":0.6000000406901042,""y"":0.6756978716169085,""z"":1,""id"":""9e1e13af-a425-4920-b52b-9c22745514df"",""type"":""reaction"",""scale"":1,""fontSize"":0.021832695383588802,""fontType"":""Calibri-Bold"",""rotation"":0,""fontColor"":""#000"",""textContent"":""不要害我肚子餓""},{""x"":0.8675555419921875,""y"":0.9733169067082147,""z"":1,""id"":""a6d0ac1f-2720-4f3c-b6e4-837a2cba184b"",""type"":""reaction"",""scale"":1,""fontSize"":0.03694581280788178,""fontType"":""Calibri-Bold"",""rotation"":0,""fontColor"":""#000"",""textContent"":""+1""},{""x"":0.3724444376627604,""y"":0.7300902963271869,""z"":1,""id"":""e5b4ee50-24f5-4399-b0fc-6adca0763453"",""type"":""reaction"",""scale"":1,""fontSize"":0.020402242395020562,""fontType"":""Calibri-Bold"",""rotation"":0,""fontColor"":""#000"",""textContent"":""麥可看不懂中文沒關係😍""},{""x"":0.19555558268229167,""y"":0.5445402173573161,""z"":1,""id"":""f17a8626-9e25-4f9a-9e8c-5a8d5c87f1a8"",""type"":""reaction"",""scale"":1,""fontSize"":0.023498354650514336,""fontType"":""Calibri-Bold"",""rotation"":0,""fontColor"":""#000"",""textContent"":""狗長得有點像薯餅是我的錯覺嗎""}]}","632e3d17-8713-46e9-ab1b-604bfa3ce11f"
"e9c3ccf9-ff4d-4c30-99ae-dd26e77f8c16","2024-12-24T01:04:38.418402+00:00","2024-12-24T01:04:38.418402+00:00",false,"53e78506-34e0-4426-8817-ed1bab4f3de4","{""items"":[{""x"":0.308974358974359,""y"":0.4324644730554373,""z"":1,""id"":""123eb6e3-9c09-49b7-8f5e-80c358fc68c3"",""type"":""reaction"",""scale"":1,""fontSize"":0.035545023696682464,""fontType"":""Calibri-Bold"",""rotation"":0,""fontColor"":""#FFC300"",""textContent"":""我喜歡💩""}]}","a6300bac-4d56-49f3-9e9e-a3919a9bd8cf"
"ea8d9402-303c-42eb-b88f-0f72ec369a22","2024-12-24T01:04:38.418402+00:00","2024-12-24T01:04:38.418402+00:00",false,"22bdfc94-6bac-4c1e-90d5-d2ce706aad9c","{""items"":[{""x"":0.37482641394118404,""y"":0.27541111844406285,""z"":1,""id"":""f1aa4168-5ed1-440e-b934-d3787def55b7"",""type"":""reaction"",""scale"":1,""fontSize"":0.035211267605633804,""fontType"":""Calibri"",""rotation"":0,""fontColor"":""#c1121f"",""textContent"":""揪我""}]}","6eea90f5-325a-4ccf-aceb-3471c02914c0"
"ea93ed37-a2fc-4b94-ab9b-788b790ed5c3","2024-12-24T01:04:38.418402+00:00","2024-12-24T01:04:38.418402+00:00",false,"4e0c43e8-f0de-44d8-972e-aa5386223438","{""items"":[{""x"":0.09923660239493877,""y"":0.33685447800327356,""z"":1,""id"":""8e0aff13-6a5f-4221-8fce-dc5da9df0500"",""type"":""reaction"",""scale"":1,""fontSize"":0.017605633802816902,""fontType"":""Calibri"",""rotation"":0,""fontColor"":""#ffffff"",""textContent"":""猛男 我愛你""}]}","eecd2083-81ee-4e52-a4cf-fd6687bd002d"
"eb60dcf2-4893-4e29-ad0a-d343deb072d5","2024-12-24T01:04:38.418402+00:00","2024-12-24T01:04:38.418402+00:00",false,"29495586-37a5-45ae-ba10-7d53b5795039","{""items"":[{""x"":0.496,""y"":0.8784893392929298,""z"":14,""id"":""ad7a10a8-7243-4c0b-8cfe-6e948d8f4d4f"",""type"":""text"",""width"":0,""height"":0,""fontSize"":0.018207361810615025,""fontType"":""Calibri-Bold"",""rotation"":0,""fontColor"":""#669bbc"",""textContent"":""沒正職3點睡+1""},{""x"":0.7404444173177094,""y"":0.25738916256157635,""z"":17,""id"":""35ced917-66e2-49e5-ad26-20648b0e5aab"",""type"":""text"",""width"":0,""height"":0,""fontSize"":0.03694581280788178,""fontType"":""Calibri"",""rotation"":0,""fontColor"":""#ffffff"",""textContent"":""🉑愛""},{""x"":0.289777730305992,""y"":0.6533251231527106,""z"":10,""id"":""596469fa-5075-40bb-9995-078ef4b2d15a"",""type"":""text"",""width"":0,""height"":0,""fontSize"":0.01320952916429261,""fontType"":""Calibri-Bold"",""rotation"":0,""fontColor"":""#000"",""textContent"":""凱瑞朋友 用心珍惜🤲""}]}","632e3d17-8713-46e9-ab1b-604bfa3ce11f"
"ebe2bdb6-ea07-4174-a3fb-c7f2b887c928","2024-12-24T01:04:38.418402+00:00","2024-12-24T01:04:38.418402+00:00",false,"67c861d9-2104-4501-a544-b583eb615ace","{""items"":[{""x"":0.5805767729082189,""y"":0.26291079812206575,""z"":6,""id"":""0f03e05a-be37-423d-b064-3e9adc4db7dd"",""type"":""text"",""width"":0,""height"":0,""fontSize"":0.011737089201877934,""fontType"":""Calibri"",""rotation"":0,""fontColor"":""#ffffff"",""textContent"":""喜歡這張\n愛笑的眼睛👶🏼🧡""},{""x"":0.49660730725936386,""y"":0.5954616528721479,""z"":12,""id"":""74773c36-c55b-4e54-9652-f7ab753ce0f1"",""type"":""text"",""width"":0,""height"":0,""fontSize"":0.01995305164319249,""fontType"":""Calibri"",""rotation"":0,""fontColor"":""#FFC300"",""textContent"":""已快被萌哭\n我愛小孩""},{""x"":0.5245971291423155,""y"":0.6647104791632277,""z"":9,""id"":""49ab3509-d4d5-4e1b-8dd3-008f0dbe5839"",""type"":""text"",""width"":0,""height"":0,""fontSize"":0.01643192488262911,""fontType"":""Calibri"",""rotation"":0,""fontColor"":""#000"",""textContent"":""紫涵在的那組會愛哭嗎\n這公司我矇了""}]}","a6300bac-4d56-49f3-9e9e-a3919a9bd8cf"
"ebe78717-4075-4d8b-9847-e8569a0300a2","2024-12-24T01:04:38.418402+00:00","2024-12-24T01:04:38.418402+00:00",false,"06904959-e6d3-4b2d-9766-d3399a9369e8","{""items"":[{""x"":0.4758269720101781,""y"":0.4988262910798122,""z"":3,""id"":""6d22cb40-7d60-48fd-a280-241a33c1e338"",""type"":""text"",""width"":0,""height"":0,""fontSize"":0.02464788732394366,""fontType"":""Calibri"",""rotation"":0,""fontColor"":""#669bbc"",""textContent"":""想聽婕羽彈吉他""}]}","632e3d17-8713-46e9-ab1b-604bfa3ce11f"
"ecc9c016-a7f0-4834-9a19-a4a14910e536","2024-12-24T01:04:38.418402+00:00","2024-12-24T01:04:38.418402+00:00",false,"67c861d9-2104-4501-a544-b583eb615ace","{""items"":[{""x"":0.1472191819274532,""y"":0.5915702548625082,""z"":2,""id"":""aa188a9e-4e0b-41ce-9c41-0e9ba526afd6"",""type"":""text"",""width"":0,""height"":0,""fontSize"":0.018779342723004695,""fontType"":""Calibri"",""rotation"":0,""fontColor"":""#c1121f"",""textContent"":""怎麼那麼可愛😍\n我選中間那張\n感覺有小男生的感覺""},{""x"":0.21817788970292848,""y"":0.8931904517109166,""z"":3,""id"":""7884de32-9424-4bfe-ab3b-1d2acf97ac9d"",""type"":""text"",""width"":0,""height"":0,""fontSize"":0.01995305164319249,""fontType"":""Calibri"",""rotation"":0,""fontColor"":""#669bbc"",""textContent"":""你們公司到底有什麼魔力大家都在哭\n好謎""}]}","6eea90f5-325a-4ccf-aceb-3471c02914c0"
"ece7a584-42d1-491a-839c-b905a01cb657","2024-12-24T01:04:38.418402+00:00","2024-12-24T01:04:38.418402+00:00",false,"781aaced-09ac-4058-853a-0203f9dc6566","{""items"":[{""x"":0.24358974358974358,""y"":0.6879936869110541,""z"":1,""id"":""ca4d648e-a8ec-42c8-bae7-d40bcc6df3dd"",""type"":""reaction"",""scale"":1,""fontSize"":0.017772511848341232,""fontType"":""Calibri"",""rotation"":0,""fontColor"":""#669bbc"",""textContent"":""我也想當玩偶躺在家給你抱😻""}]}","eecd2083-81ee-4e52-a4cf-fd6687bd002d"
"f8d08745-2201-412c-a0fd-4feed58aa4af","2024-12-24T01:04:38.418402+00:00","2024-12-24T01:04:38.418402+00:00",false,"faae14aa-96ce-4a92-b31f-6e5d441c05f9","{""items"":[{""x"":0.41433418798082655,""y"":0.5764867218447404,""z"":1,""id"":""b2e1b586-bfc1-4833-8b6c-984e385f0cd5"",""type"":""reaction"",""scale"":1,""fontSize"":0.015169163711123174,""fontType"":""Calibri"",""rotation"":0,""fontColor"":""#000"",""textContent"":""我今天難得折了衣服\n你的勤勉借我了\n明天我的借妳""},{""x"":0.38676844783715014,""y"":0.7742566480323183,""z"":1,""id"":""bbe93c61-56e1-48d6-b38e-54d7867171ef"",""type"":""reaction"",""scale"":1,""fontSize"":0.01587684674238696,""fontType"":""Calibri"",""rotation"":0,""fontColor"":""#ffffff"",""textContent"":""哇隆配新資料夾👍🏻""}]}","a6300bac-4d56-49f3-9e9e-a3919a9bd8cf"
"ee234b57-3ab7-4c6f-aff5-62a0b5fc2593","2024-12-24T01:04:38.418402+00:00","2024-12-24T01:04:38.418402+00:00",false,"0e7a78e9-0525-4ffd-982b-616c8a4d373a","{""items"":[{""x"":0.44444445096529445,""y"":0.8605845302202125,""z"":1,""id"":""24d9acc3-8912-49cd-b091-1dca4e2015bf"",""type"":""reaction"",""scale"":1,""fontSize"":0.012007675634989279,""fontType"":""Calibri-Bold"",""rotation"":0,""fontColor"":""#c1121f"",""textContent"":""我只知道禁尻11月沒想到有鬍子版\nちなみに麥可知道他叫麥可嗎""},{""x"":0.403846192971254,""y"":0.6929304837050596,""z"":1,""id"":""277454b5-0f56-4f5d-accf-1a90e6a5e997"",""type"":""reaction"",""scale"":1,""fontSize"":0.014898802893562203,""fontType"":""Calibri-Bold"",""rotation"":0,""fontColor"":""#c1121f"",""textContent"":""好喜歡麥可不刮鬍子\n好像外國人""},{""x"":0.3585470150678586,""y"":0.5612164086075191,""z"":1,""id"":""6abb708a-c243-4d4f-867f-3d5177031efc"",""type"":""reaction"",""scale"":1,""fontSize"":0.024255353805952215,""fontType"":""Calibri-Bold"",""rotation"":0,""fontColor"":""#FFC300"",""textContent"":""ようこそ🤗""},{""x"":0.18247860639523236,""y"":0.44589256901311647,""z"":1,""id"":""88ee10ea-e129-4f95-8ee4-2961a3293ae7"",""type"":""reaction"",""scale"":1,""fontSize"":0.07464454976303317,""fontType"":""PragmaticaExtended-Bold"",""rotation"":0,""fontColor"":""#c1121f"",""textContent"":""口尼吉娃""}]}","a6300bac-4d56-49f3-9e9e-a3919a9bd8cf"
"ef354272-420a-4bc1-9b1f-2800559ee764","2024-12-24T01:04:38.418402+00:00","2024-12-24T01:04:38.418402+00:00",false,"f9307b81-a257-4cce-8361-cefb6918ba32","{""items"":[{""x"":0.3351111246744792,""y"":0.7820197044334976,""z"":1,""id"":""187f3cb8-4cce-4d7b-a006-29cc41ea89e6"",""type"":""reaction"",""scale"":1,""fontSize"":0.020935960591133004,""fontType"":""Calibri"",""rotation"":0,""fontColor"":""#000"",""textContent"":""祝福日本妹大成功""}]}","eecd2083-81ee-4e52-a4cf-fd6687bd002d"
"f06d05a6-cf82-4890-a187-a0be1ad7356b","2024-12-24T01:04:38.418402+00:00","2024-12-24T01:04:38.418402+00:00",false,"7d109a33-dfef-4323-8407-d990c5dae56a","{""items"":[{""x"":0.2118634012010364,""y"":0.6120196767389939,""z"":3,""id"":""0402e7d8-7103-429b-8e98-0f591865b540"",""type"":""text"",""width"":0,""height"":0,""fontSize"":0.03602470265324793,""fontType"":""Calibri"",""rotation"":0,""fontColor"":""#c1121f"",""textContent"":""謝謝供糧🫶🏻""}]}","a6300bac-4d56-49f3-9e9e-a3919a9bd8cf"
"f2a33ae8-624c-42bd-993e-ad1fb86b1c71","2024-12-24T01:04:38.418402+00:00","2024-12-24T01:04:38.418402+00:00",false,"9ab6eec1-65fe-49e3-8ff5-d6db7e3d66ff","{""items"":[{""x"":0.44821099562872024,""y"":0.48369062425048315,""z"":1,""id"":""4e1631d9-d8eb-4e06-af87-0235df7ebc95"",""type"":""reaction"",""scale"":1,""fontSize"":0.022167487684729065,""fontType"":""Calibri-Bold"",""rotation"":0,""fontColor"":""#FFC300"",""textContent"":""渣男又在惹嗎""}]}","6eea90f5-325a-4ccf-aceb-3471c02914c0"
"f2b6c0a0-1483-484e-9c8e-361d43d20477","2024-12-24T01:04:38.418402+00:00","2024-12-24T01:04:38.418402+00:00",false,"4d639118-5365-4f18-8f7e-716c6996cbee","{""items"":[{""x"":0.11507542648594975,""y"":0.48398358287565874,""z"":2,""id"":""9fccb21a-b61f-459b-b190-c41ad6fa58ef"",""type"":""text"",""width"":0,""height"":0,""fontSize"":0.015402843601895734,""fontType"":""Calibri-Bold"",""rotation"":0,""fontColor"":""#669bbc"",""textContent"":""忙得要死要怎麼紀錄我投沒辦法一票\n深度跟流量真的很難選\n當初去低卡面試的時候也很怕自己以後就做那種東西\n好險後來沒上嘻嘻一切都有安排""}]}","6eea90f5-325a-4ccf-aceb-3471c02914c0"
"f326aef7-3a6e-45d2-a888-27f119c38d1a","2024-12-24T01:04:38.418402+00:00","2024-12-24T01:04:38.418402+00:00",false,"b2a20f2c-6f49-4c95-8a78-873ad02d4f9b","{""items"":[{""x"":0.3901041666666671,""y"":0.7361047758711439,""z"":6,""id"":""4e7c1653-dc22-4270-a7c1-508cb23923cc"",""type"":""text"",""width"":0,""height"":0,""fontSize"":0.016811527904849032,""fontType"":""Calibri"",""rotation"":0,""fontColor"":""#c1121f"",""textContent"":""撐住 記得要💩才會健康""}]}","2bdbc127-920a-432e-b1b6-1fa1ed6687a1"
"f336e575-74d3-40cd-87d9-f1da76497ed3","2024-12-24T01:04:38.418402+00:00","2024-12-24T01:04:38.418402+00:00",false,"7e73f2c5-8e1e-46ff-af06-1d25e68fafb1","{""items"":[{""x"":0.07991454295622996,""y"":0.6113744075829384,""z"":1,""id"":""a62c65a1-18ef-40b6-bab6-8b060d9c6032"",""type"":""reaction"",""scale"":1,""fontSize"":0.035545023696682464,""fontType"":""Calibri"",""rotation"":0,""fontColor"":""#c1121f"",""textContent"":""看起來好好吃\n嫁給我""},{""x"":0.22948717948717948,""y"":0.7815955826456513,""z"":1,""id"":""f0100b48-8a20-4b81-ae39-2f1df6009aa1"",""type"":""reaction"",""scale"":1,""fontSize"":0.035545023696682464,""fontType"":""Calibri"",""rotation"":0,""fontColor"":""#c1121f"",""textContent"":""奶茶是神的贈禮""}]}","a6300bac-4d56-49f3-9e9e-a3919a9bd8cf"
"f3baeb4b-1909-457d-82af-5dd6c3977097","2024-12-24T01:04:38.418402+00:00","2024-12-24T01:04:38.418402+00:00",false,"37767298-43e4-4b05-8231-d127e44baa0f","{""items"":[{""x"":0.14487179487179488,""y"":0.504739336492891,""z"":3,""id"":""5dfef592-bca7-493d-8de2-5fd36897cbe2"",""type"":""text"",""width"":0,""height"":0,""fontSize"":0.016587677725118485,""fontType"":""Calibri"",""rotation"":0,""fontColor"":""#000"",""textContent"":""彷彿聞到了紐約的味道\n哪一個味道我不確定""}]}","a6300bac-4d56-49f3-9e9e-a3919a9bd8cf"
"f6aab027-957c-4266-931f-e1252cba5bd3","2024-12-24T01:04:38.418402+00:00","2024-12-24T01:04:38.418402+00:00",false,"69a182fb-0b15-4b71-8188-62c0337b1037","{""items"":[{""x"":0.09572648268479567,""y"":0.7693522846529269,""z"":1,""id"":""0793c4eb-28ac-4bb9-9df1-0e348d44f073"",""type"":""reaction"",""scale"":1,""fontSize"":0.022511848341232227,""fontType"":""Calibri"",""rotation"":0,""fontColor"":""#ffffff"",""textContent"":""留學生都會成為料理鼠王""}]}","eecd2083-81ee-4e52-a4cf-fd6687bd002d"
"f71b44ee-dc12-453b-977b-4afae846fa40","2024-12-24T01:04:38.418402+00:00","2024-12-24T01:04:38.418402+00:00",false,"5323f323-d548-4617-83ce-c2aa2dada2d8","{""items"":[{""x"":0.1431111246744792,""y"":0.7729884932193855,""z"":5,""id"":""d3722121-2e7c-4a61-a621-c09e3d2d6aab"",""type"":""text"",""width"":0,""height"":0,""fontSize"":0.020935960591133004,""fontType"":""Calibri"",""rotation"":0,""fontColor"":""#000"",""textContent"":""請問是一起睡嗎？是""}]}","eecd2083-81ee-4e52-a4cf-fd6687bd002d"
"f7a2b03a-cca7-40d6-a01f-1b9a1d3b1e91","2024-12-24T01:04:38.418402+00:00","2024-12-24T01:04:38.418402+00:00",false,"7d109a33-dfef-4323-8407-d990c5dae56a","{""items"":[{""x"":0.5744213210211881,""y"":0.8569876272964136,""z"":22,""id"":""f21ab043-fd3a-4ef9-9cae-4d987ec274f0"",""type"":""text"",""width"":0,""height"":0,""fontSize"":0.017307986891737015,""fontType"":""Calibri"",""rotation"":0,""fontColor"":""#c1121f"",""textContent"":""Passion 畫風很香\n肉很辣🌶️""},{""x"":0.08182867897881403,""y"":0.6588518085113262,""z"":18,""id"":""61ead28b-1231-401d-9b00-b06666c645c7"",""type"":""text"",""width"":0,""height"":0,""fontSize"":0.016392889582005393,""fontType"":""Cour"",""rotation"":0,""fontColor"":""#000"",""textContent"":""綠色那本我好愛！！\n男角好色好多開車蹦蹦蹦🥵\n以前追到第一季完結之後\n等第二季等太久就忘了\n最近要翻出來繼續追""},{""x"":0.074537049399482,""y"":0.797747020424775,""z"":12,""id"":""611e0c1c-85ff-43a8-bed2-c64a5bed6e9b"",""type"":""text"",""width"":0,""height"":0,""fontSize"":0.016066576862480125,""fontType"":""Calibri"",""rotation"":0,""fontColor"":""#000"",""textContent"":""你有追Passion嗎\n我最近翻出來看 \n好多開車新篇章好快樂\n結果看到最後發現還沒完結 氣死""}]}","632e3d17-8713-46e9-ab1b-604bfa3ce11f"
"f7dad470-add1-4fb4-9b06-efbcd4fe596a","2024-12-24T01:04:38.418402+00:00","2024-12-24T01:04:38.418402+00:00",false,"6c3c9f37-2bec-4a00-9cf7-2eeeb7607606","{""items"":[{""x"":0.22900763358778625,""y"":0.323161201297957,""z"":1,""id"":""2b409a68-466f-4da8-b8d9-cd0d27485a50"",""type"":""reaction"",""scale"":1,""fontSize"":0.014084507042253521,""fontType"":""Calibri"",""rotation"":0,""fontColor"":""#000"",""textContent"":""超屌超厲害我2:20睡\n9:35起""}]}","eecd2083-81ee-4e52-a4cf-fd6687bd002d"
"fc522640-01fb-4880-a878-f3cbcdfc13eb","2024-12-24T01:04:38.418402+00:00","2024-12-24T01:04:38.418402+00:00",false,"90b5cb2b-a04b-4833-8b24-831990e49920","{""items"":[{""x"":0.6335648086335923,""y"":0.9408451601222143,""z"":1,""id"":""0ecceb7d-b5fd-4111-a716-a5abbce698a9"",""type"":""reaction"",""scale"":1,""fontSize"":0.01747684061496145,""fontType"":""Calibri-Bold"",""rotation"":0,""fontColor"":""#000"",""textContent"":""所以有💩了嗎""},{""x"":0.06116893821292453,""y"":0.7130889691896429,""z"":1,""id"":""888b79aa-48df-434c-bd9e-11d478147f6d"",""type"":""reaction"",""scale"":1,""fontSize"":0.023862262358275963,""fontType"":""Calibri-Bold"",""rotation"":0,""fontColor"":""#000"",""textContent"":""可以把我也裝進去嗎 帶我走💨""}]}","632e3d17-8713-46e9-ab1b-604bfa3ce11f"
"fde69251-c926-438b-a4c0-47b0c1670e89","2024-12-24T01:04:38.418402+00:00","2024-12-24T01:04:38.418402+00:00",false,"baa3e72d-56ef-4d2c-a1b3-6ff29484b28c","{""items"":[{""x"":0.5788485790434338,""y"":0.2563062977572716,""z"":1,""id"":""5fee968a-8ce5-4502-bdb8-a8142a743d3d"",""type"":""reaction"",""scale"":1,""fontSize"":0.017241379310344827,""fontType"":""Calibri-Bold"",""rotation"":0,""fontColor"":""#FFC300"",""textContent"":""你的版面怎麼精緻成這樣\n害我都不敢留言""}]}","6eea90f5-325a-4ccf-aceb-3471c02914c0"
"4a44a5c4-2925-4e74-a1fe-d1fd20acfc91","2024-12-24T01:04:38.264771+00:00","2024-12-24T22:59:51.286795+00:00",false,"1187a5ee-5c3b-4d7a-8426-16759ef0f121","{""items"":[{""x"":0.5309584522975318,""y"":0.6173708920187794,""z"":3,""id"":""2fe63b51-bd73-4d13-8792-b5236932ce06"",""type"":""text"",""width"":0,""height"":0,""fontSize"":0.012910798122065728,""fontType"":""Calibri-Bold"",""rotation"":0,""fontColor"":""#c1121f"",""textContent"":""很高興你喜歡🥺🥺\n幫你轉達麥可！！""}]}","632e3d17-8713-46e9-ab1b-604bfa3ce11f"
"fbb7c9dc-410e-46a6-88fc-8d7db7f7f817","2024-12-27T12:38:46.430066+00:00","2024-12-27T12:38:46.430066+00:00",false,"5f561048-0f50-45fa-a8cc-04bf8b7ff8bb","{""items"":[{""x"":0.05343511450381679,""y"":0.8188575959541429,""z"":1,""id"":""df24fe12-853c-43cf-998d-49ef4fdeda8c"",""type"":""text"",""width"":0,""height"":0,""fontSize"":0.011737089201877934,""fontType"":""Calibri"",""rotation"":0,""fontColor"":""#c1121f"",""textContent"":""幹 企鵝超可愛！！買了我要去看！！（？？）""}]}","eecd2083-81ee-4e52-a4cf-fd6687bd002d"
"936ce9b5-9f82-4864-a7bd-9390a96abf16","2024-12-28T18:35:46.855048+00:00","2024-12-28T18:35:46.855048+00:00",false,"42c55d89-a368-4048-ada5-707c35637f66","{""items"":[{""x"":0.7090615713936942,""y"":0.4874948217028216,""z"":1,""id"":""40cbff30-a80e-4a6d-82d5-53d3ee8d9f73"",""type"":""text"",""width"":0,""height"":0,""fontSize"":0.01600985221674877,""fontType"":""Calibri-Bold"",""rotation"":0,""fontColor"":""#FFC300"",""textContent"":""結果送了什麼""}]}","6eea90f5-325a-4ccf-aceb-3471c02914c0"
"19feafb8-48e1-4da4-b064-55b6fa3b870b","2024-12-26T04:58:28.377745+00:00","2024-12-26T04:58:28.377745+00:00",false,"b1a77559-1770-4ecd-b1f6-77011b4553eb","{""items"":[{""x"":0.4688034448868189,""y"":0.33767772511848343,""z"":1,""id"":""9344a85e-2f6c-4015-b46d-222fe350877d"",""type"":""text"",""width"":0,""height"":0,""fontSize"":0.013033175355450236,""fontType"":""Calibri-Bold"",""rotation"":0,""fontColor"":""#c1121f"",""textContent"":""他們的禮物就跟紅包一樣的感覺\n美國人應該都要訓練成包裝天才""}]}","a6300bac-4d56-49f3-9e9e-a3919a9bd8cf"
"2e1ad164-fd2c-45d8-96ac-33831521ce7a","2024-12-26T04:58:40.417696+00:00","2024-12-26T04:58:40.417696+00:00",false,"bb21197c-aa8e-405f-8529-d2b3ba76cbda","{""items"":[{""x"":0.4807692307692308,""y"":0.48104265402843605,""z"":1,""id"":""be58a490-24ce-42d4-8b6a-0c41e4dc00ed"",""type"":""text"",""width"":0,""height"":0,""fontSize"":0.035545023696682464,""fontType"":""Calibri"",""rotation"":0,""fontColor"":""#000"",""textContent"":""塔克🌮""}]}","a6300bac-4d56-49f3-9e9e-a3919a9bd8cf"
"c9336222-67d3-4572-9c6c-a93e46744d15","2024-12-27T12:41:01.008371+00:00","2024-12-27T12:41:02.089207+00:00",false,"0e22794a-73c8-4751-aa41-9473a67e09a2","{""items"":[{""x"":0.52,""y"":0.5197044334975369,""z"":1,""id"":""6ebd4f93-db96-4208-a9c4-1960f64dd84a"",""type"":""text"",""width"":0,""height"":0,""fontSize"":0.012315270935960592,""fontType"":""Calibri"",""rotation"":0,""fontColor"":""#000"",""textContent"":""你好可愛喔 可不可以做我女朋友""}]}","eecd2083-81ee-4e52-a4cf-fd6687bd002d"
"6c167ae8-f2c8-485c-8346-f71da51f2f81","2024-12-25T01:30:07.882429+00:00","2024-12-25T01:30:08.156417+00:00",false,"47b6e2d0-1736-467f-9265-65d5bb7b9146","{""items"":[{""x"":0.11030597041770455,""y"":0.7165178571428571,""z"":1,""id"":""40dfec59-7d27-4792-9de3-ba9721c225d7"",""type"":""text"",""width"":0,""height"":0,""fontSize"":0.033482142857142856,""fontType"":""Calibri"",""rotation"":0,""fontColor"":""#c1121f"",""textContent"":""Huhh??""}]}","632e3d17-8713-46e9-ab1b-604bfa3ce11f"
"7612f280-96d0-440d-9534-056070e528c7","2024-12-27T12:41:54.865681+00:00","2024-12-27T12:42:39.417836+00:00",false,"c81b31e1-5275-40ce-8487-2824c31fa45e","{""items"":[{""x"":0.19572648268479567,""y"":0.41350710900473936,""z"":1,""id"":""ddcbeb63-6800-4e9a-90db-8df57ac75133"",""type"":""text"",""width"":0,""height"":0,""fontSize"":0.016587677725118485,""fontType"":""Calibri"",""rotation"":0,""fontColor"":""#000"",""textContent"":""💝""},{""x"":0.43333333333333335,""y"":0.9411532325202255,""z"":2,""id"":""a514eb1c-52a7-4cd3-b03a-ad3d3c1a06e1"",""type"":""text"",""width"":0,""height"":0,""fontSize"":0.015402843601895734,""fontType"":""Calibri"",""rotation"":0,""fontColor"":""#000"",""textContent"":""跟頭髮相比 麥摳的鬍子好直""}]}","eecd2083-81ee-4e52-a4cf-fd6687bd002d"
"d3fac0f9-e0e3-48c3-af60-f0b6a71c8084","2024-12-28T20:52:21.709564+00:00","2024-12-28T20:52:21.709564+00:00",false,"7949a7a2-c31a-4a98-8f6f-a9a8b88786c0","{""items"":[{""x"":0.19401706793369392,""y"":0.1548183133816832,""z"":1,""id"":""2df848b2-11b1-4cba-88b0-6f006c3279ab"",""type"":""text"",""width"":0,""height"":0,""fontSize"":0.02132701421800948,""fontType"":""Calibri"",""rotation"":0,""fontColor"":""#c1121f"",""textContent"":""哪裡來的水妹🥵💦""}]}","632e3d17-8713-46e9-ab1b-604bfa3ce11f"
"d10d891a-3aca-4307-8bf0-52b172720fa9","2024-12-29T02:05:17.179389+00:00","2024-12-29T02:05:17.179389+00:00",false,"42c55d89-a368-4048-ada5-707c35637f66","{""items"":[{""x"":0.7644444580078125,""y"":0.5164203549840768,""z"":1,""id"":""5a734107-7763-4701-afc4-b6292c4c5f8e"",""type"":""text"",""width"":0,""height"":0,""fontSize"":0.019704433497536946,""fontType"":""Calibri"",""rotation"":0,""fontColor"":""#c1121f"",""textContent"":""同問+1""},{""x"":0.7484444580078125,""y"":0.27627259052445735,""z"":2,""id"":""33c21f41-32e7-4bc6-8bf3-f46526de622f"",""type"":""text"",""width"":0,""height"":0,""fontSize"":0.04926108374384237,""fontType"":""Calibri"",""rotation"":0,""fontColor"":""#669bbc"",""textContent"":""卡""}]}","632e3d17-8713-46e9-ab1b-604bfa3ce11f"
"64cf3de0-47dd-4683-8b5a-4429d16ba706","2024-12-29T02:42:29.227982+00:00","2024-12-29T02:42:29.227982+00:00",false,"45844e12-161c-4851-a97a-06f8fcdb8097","{""items"":[{""x"":0.07413194444444444,""y"":0.7541171088746569,""z"":1,""id"":""c68823c3-6be4-4fd3-b09f-95df31957154"",""type"":""text"",""width"":0,""height"":0,""fontSize"":0.014409881061299175,""fontType"":""Calibri"",""rotation"":0,""fontColor"":""#669bbc"",""textContent"":""最喜歡當被照顧的寶貝\n我也好喜歡我主管照顧我的感覺""}]}","a6300bac-4d56-49f3-9e9e-a3919a9bd8cf"
"48edc30b-ae5b-4908-838d-8cf2b98d8b8a","2024-12-24T01:04:38.264771+00:00","2024-12-26T04:59:20.41946+00:00",false,"db197d86-af93-4c2f-8211-c526890e320d","{""items"":[{""x"":0.22094018398187104,""y"":0.33886255924170616,""z"":4,""id"":""01d3649f-631b-4c78-8ad7-8ee60574acdb"",""type"":""text"",""width"":0,""height"":0,""fontSize"":0.017772511848341232,""fontType"":""Calibri"",""rotation"":0,""fontColor"":""#000"",""textContent"":""好喜歡今年到處可以看到快喪命的老公公""},{""x"":0.046581209622896635,""y"":0.6548183133816832,""z"":5,""id"":""56cc52d5-bcb5-453d-a1d7-aee0fc97aad4"",""type"":""text"",""width"":0,""height"":0,""fontSize"":0.015402843601895734,""fontType"":""Calibri"",""rotation"":0,""fontColor"":""#fdf0d5"",""textContent"":""我希望不是真實事件然後沒收乾淨而已""}]}","a6300bac-4d56-49f3-9e9e-a3919a9bd8cf"
"5c0da5b6-8e80-47d8-b7ac-eeb1134bc2d0","2024-12-26T14:25:26.756065+00:00","2024-12-26T14:25:26.756065+00:00",false,"c81b31e1-5275-40ce-8487-2824c31fa45e","{""items"":[{""x"":0.26025644938151044,""y"":0.39810424732370964,""z"":4,""id"":""e1595a8d-2758-4e75-959e-0a623e8e1ffe"",""type"":""text"",""width"":0,""height"":0,""fontSize"":0.017772511848341232,""fontType"":""Calibri"",""rotation"":0,""fontColor"":""#000"",""textContent"":""🍊""},{""x"":0.19188032883864184,""y"":0.36255924170616116,""z"":2,""id"":""d1e7ec37-0a4e-4652-92e8-219bc984f0b3"",""type"":""text"",""width"":0,""height"":0,""fontSize"":0.011848341232227487,""fontType"":""Calibri"",""rotation"":0,""fontColor"":""#000"",""textContent"":""👶""},{""x"":0.26282051282051283,""y"":0.35979461669921875,""z"":3,""id"":""559e41f0-e730-4e07-b2ff-56a116ffd37e"",""type"":""text"",""width"":0,""height"":0,""fontSize"":0.02132701421800948,""fontType"":""Calibri"",""rotation"":0,""fontColor"":""#000"",""textContent"":""🧧""}]}","2bdbc127-920a-432e-b1b6-1fa1ed6687a1"
"990bf075-a816-46bc-ae56-022ce678a963","2024-12-26T15:26:31.872284+00:00","2024-12-26T15:26:31.872284+00:00",false,"84962768-5e46-45e6-8ceb-c1d4f8ec6227","{""items"":[{""x"":0.6071111246744791,""y"":0.45320197044334976,""z"":1,""id"":""9fa1c797-5408-4904-8704-2af98b8ec879"",""type"":""text"",""width"":0,""height"":0,""fontSize"":0.03694581280788178,""fontType"":""Calibri"",""rotation"":0,""fontColor"":""#c1121f"",""textContent"":""很會約""}]}","632e3d17-8713-46e9-ab1b-604bfa3ce11f"
"f935d106-ed6c-4db5-934b-a1f6cd98a7fc","2024-12-26T15:28:54.490482+00:00","2024-12-26T15:28:54.490482+00:00",false,"34573810-5058-4d0b-a994-e225d957cc57","{""items"":[{""x"":0.4961832061068702,""y"":0.4953051643192488,""z"":1,""id"":""7dec0dc3-79a5-429a-9cc0-6a3b73abfca5"",""type"":""text"",""width"":0,""height"":0,""fontSize"":0.035211267605633804,""fontType"":""Calibri"",""rotation"":0,""fontColor"":""#000"",""textContent"":""""},{""x"":0.6221374239933704,""y"":0.30829420671776425,""z"":2,""id"":""36690b84-d78c-4893-bf71-700b240eb8c1"",""type"":""text"",""width"":0,""height"":0,""fontSize"":0.014084507042253521,""fontType"":""Calibri"",""rotation"":0,""fontColor"":""#c1121f"",""textContent"":""25歲真的不要鬧了\n高齡族群了🥲""}]}","632e3d17-8713-46e9-ab1b-604bfa3ce11f"
"79440bb0-b5ed-4fc2-9cac-9710c71e0b53","2024-12-26T15:27:54.976069+00:00","2024-12-26T15:32:33.042222+00:00",false,"0e22794a-73c8-4751-aa41-9473a67e09a2","{""items"":[{""x"":0.7742222493489583,""y"":0.32676518257028364,""z"":1,""id"":""0c645b92-5d7e-4465-9094-ec71c20e431d"",""type"":""text"",""width"":0,""height"":0,""fontSize"":0.03694581280788178,""fontType"":""Calibri"",""rotation"":0,""fontColor"":""#000"",""textContent"":""😍""},{""x"":0.52,""y"":0.5197044334975369,""z"":2,""id"":""8dc65995-c5a6-45f3-aa04-64acfef026c0"",""type"":""text"",""width"":0,""height"":0,""fontSize"":0.03694581280788178,""fontType"":""Calibri"",""rotation"":0,""fontColor"":""#000"",""textContent"":""""},{""x"":0.48177775065104167,""y"":0.5287356259200373,""z"":3,""id"":""2c4e56a7-5a5d-479d-9532-459a583e67b8"",""type"":""text"",""width"":0,""height"":0,""fontSize"":0.014069085808148536,""fontType"":""Calibri"",""rotation"":0,""fontColor"":""#FFC300"",""textContent"":""雖然男的渣但你們站一起很可愛😔""},{""x"":0.5493333333333333,""y"":0.44252872936831317,""z"":4,""id"":""a8a00397-67f7-4661-9eaa-13b2226e7922"",""type"":""text"",""width"":0,""height"":0,""fontSize"":0.012315270935960592,""fontType"":""Calibri-Bold"",""rotation"":0,""fontColor"":""#FFC300"",""textContent"":""喜歡妳的穿搭\n渣男不暈我先暈了""}]}","632e3d17-8713-46e9-ab1b-604bfa3ce11f"
"3e720cd9-bb7e-4902-b02f-d107fbbd650d","2024-12-26T16:03:29.292907+00:00","2024-12-26T16:03:50.045969+00:00",false,"34573810-5058-4d0b-a994-e225d957cc57","{""items"":[{""x"":0.4770992366412214,""y"":0.4765258215962441,""z"":1,""id"":""92ce5d3f-1462-44fc-b766-eece8337a805"",""type"":""text"",""width"":0,""height"":0,""fontSize"":0.014084507042253521,""fontType"":""Calibri-Bold"",""rotation"":0,""fontColor"":""#FFF"",""textContent"":""我昨天起床腰超痛\n我覺得年紀真的起來了""},{""x"":0.419423227091782,""y"":0.7582159624413145,""z"":2,""id"":""6e3b3746-ac44-47d8-9ee0-ccf889644e2a"",""type"":""text"",""width"":0,""height"":0,""fontSize"":0.011737089201877934,""fontType"":""Calibri"",""rotation"":0,""fontColor"":""#000"",""textContent"":""我也是分心鬼\n分心到我應該把手機丟垃圾桶""}]}","a6300bac-4d56-49f3-9e9e-a3919a9bd8cf"
"73422822-a314-4e3c-bd4f-2c1667ccb63e","2024-12-26T16:52:40.085604+00:00","2024-12-26T16:52:40.085604+00:00",false,"127e7356-5cee-4831-a5c7-eca38f22e352","{""items"":[{""x"":0.5013333333333333,""y"":0.47372740947554265,""z"":1,""id"":""735e4f50-5a47-438d-95f6-8bd146962528"",""type"":""text"",""width"":0,""height"":0,""fontSize"":0.012315270935960592,""fontType"":""Calibri"",""rotation"":0,""fontColor"":""#c1121f"",""textContent"":""咦不是才剛看完""},{""x"":0.14933333333333335,""y"":0.6403940886699507,""z"":2,""id"":""1620fdf8-74ef-4894-be25-e764f518e0cc"",""type"":""text"",""width"":0,""height"":0,""fontSize"":0.012315270935960592,""fontType"":""Calibri"",""rotation"":0,""fontColor"":""#c1121f"",""textContent"":""他是不是自己不想換""}]}","632e3d17-8713-46e9-ab1b-604bfa3ce11f"
"75f09e15-648b-4136-bb36-7db1ee3eaafc","2024-12-26T17:26:17.213596+00:00","2024-12-26T17:26:21.329836+00:00",false,"127e7356-5cee-4831-a5c7-eca38f22e352","{""items"":[{""x"":0.22004235549200152,""y"":0.6710994849315753,""z"":1,""id"":""df6e338d-c17c-401e-b449-e84936c6a601"",""type"":""text"",""width"":0,""height"":0,""fontSize"":0.014778325123152709,""fontType"":""Calibri-Bold"",""rotation"":0,""fontColor"":""#669bbc"",""textContent"":""是 我也不喜歡玩交換禮物也會這樣說""}]}","6eea90f5-325a-4ccf-aceb-3471c02914c0"
"626aef26-2159-4416-bc4a-b6ca5c01a310","2024-12-26T17:30:42.840689+00:00","2024-12-26T17:30:42.840689+00:00",false,"c81b31e1-5275-40ce-8487-2824c31fa45e","{""items"":[{""x"":0.40957389087467405,""y"":0.3932889536900866,""z"":1,""id"":""711c86de-f474-4b11-b9f8-22b1a51da049"",""type"":""text"",""width"":0,""height"":0,""fontSize"":0.02014218009478673,""fontType"":""Calibri"",""rotation"":0,""fontColor"":""#000"",""textContent"":""🌼""},{""x"":0.23313830352964857,""y"":0.3192440413427902,""z"":2,""id"":""a23fb714-bd16-4f03-b1bc-937e68389564"",""type"":""text"",""width"":0,""height"":0,""fontSize"":0.016587677725118485,""fontType"":""Calibri"",""rotation"":0,""fontColor"":""#000"",""textContent"":""🌟""}]}","6eea90f5-325a-4ccf-aceb-3471c02914c0"
"ba1e73ca-eec0-4d52-8119-4d9f6a2510dd","2024-12-26T17:41:48.579837+00:00","2024-12-26T17:41:48.579837+00:00",false,"cd3ba847-b1d7-408a-ab30-7853279b66bf","{""items"":[{""x"":0.13206017282274035,""y"":0.4635178408051235,""z"":1,""id"":""77d944b6-7cc9-4942-8c60-19a10d686195"",""type"":""text"",""width"":0,""height"":0,""fontSize"":0.021614821591948764,""fontType"":""Calibri"",""rotation"":0,""fontColor"":""#FFC300"",""textContent"":""看起來好健康的早餐""}]}","632e3d17-8713-46e9-ab1b-604bfa3ce11f"
"2900d52d-cd90-4999-a40f-bb0a4228a417","2024-12-27T15:36:07.680123+00:00","2024-12-27T15:36:07.680123+00:00",false,"15e85a15-d88d-442d-a20a-a5d7cec537c5","{""items"":[{""x"":0.13846157758663863,""y"":0.4976303317535545,""z"":1,""id"":""b6328871-b918-4229-ade8-02d643cb3d2c"",""type"":""text"",""width"":0,""height"":0,""fontSize"":0.017772511848341232,""fontType"":""Calibri"",""rotation"":0,""fontColor"":""#FFC300"",""textContent"":""這個看起來好好吃…""},{""x"":0.3863247993664864,""y"":0.6674565500557705,""z"":2,""id"":""9407c183-2bf6-40c1-80b3-7b16f33a2f6f"",""type"":""text"",""width"":0,""height"":0,""fontSize"":0.023696682464454975,""fontType"":""Calibri"",""rotation"":0,""fontColor"":""#FFC300"",""textContent"":""這個看起來也好好吃…..""}]}","632e3d17-8713-46e9-ab1b-604bfa3ce11f"
"552a1ea4-ae46-455a-98bb-0903cfb3b668","2024-12-27T15:36:53.477567+00:00","2024-12-27T15:36:53.477567+00:00",false,"5f561048-0f50-45fa-a8cc-04bf8b7ff8bb","{""items"":[{""x"":0.1289228288878618,""y"":0.7237871734189315,""z"":1,""id"":""1ed59442-2947-491f-b504-1c1b13832930"",""type"":""text"",""width"":0,""height"":0,""fontSize"":0.01995305164319249,""fontType"":""Calibri"",""rotation"":0,""fontColor"":""#669bbc"",""textContent"":""是Pingu!!!""},{""x"":0.6030534351145038,""y"":0.3892801132560336,""z"":2,""id"":""1b3fc1e9-235e-4662-ba05-ab9cd36234f9"",""type"":""text"",""width"":0,""height"":0,""fontSize"":0.023474178403755867,""fontType"":""Calibri"",""rotation"":0,""fontColor"":""#c1121f"",""textContent"":""喜歡""}]}","632e3d17-8713-46e9-ab1b-604bfa3ce11f"
"38a01039-73c5-4b5f-9891-6ef3516d89d2","2024-12-27T15:38:21.401177+00:00","2024-12-27T15:38:21.401177+00:00",false,"0871ed6c-b79b-43a6-84ab-77b279d7361f","{""items"":[{""x"":0.517093991010617,""y"":0.2646129481600359,""z"":1,""id"":""33219079-06c5-4d52-a4a3-a64b32c7128d"",""type"":""text"",""width"":0,""height"":0,""fontSize"":0.022511848341232227,""fontType"":""Calibri"",""rotation"":0,""fontColor"":""#FFC300"",""textContent"":""🎤雞歪巴巴歪🎵""},{""x"":0.11709403013571715,""y"":0.7432859520211604,""z"":2,""id"":""91eb19ed-dd92-443f-bdec-8d14ad2d03e9"",""type"":""text"",""width"":0,""height"":0,""fontSize"":0.024881516587677725,""fontType"":""Calibri"",""rotation"":0,""fontColor"":""#c1121f"",""textContent"":""我投跨起來""}]}","632e3d17-8713-46e9-ab1b-604bfa3ce11f"
"71608356-4242-43b6-a9cc-a63c9788c277","2024-12-27T16:04:06.472308+00:00","2024-12-27T16:04:06.971006+00:00",false,"1b7a8470-e3af-46e2-a405-ce4744839492","{""items"":[{""x"":0.4230769230769231,""y"":0.8404423501254258,""z"":1,""id"":""d6c2db3d-d42b-469e-92ed-1b34496d3710"",""type"":""text"",""width"":0,""height"":0,""fontSize"":0.016587677725118485,""fontType"":""Calibri"",""rotation"":0,""fontColor"":""#000"",""textContent"":""我會去偷狗狗""}]}","eecd2083-81ee-4e52-a4cf-fd6687bd002d"
"f9c11e04-0f80-40c9-8e47-5b9e235a1fdb","2024-12-27T19:12:45.17942+00:00","2024-12-27T19:12:45.17942+00:00",false,"15e85a15-d88d-442d-a20a-a5d7cec537c5","{""items"":[{""x"":0.49017091408754004,""y"":0.4466824644549763,""z"":1,""id"":""71bad431-412e-49c6-a5a5-5d401ff8b6e9"",""type"":""text"",""width"":0,""height"":0,""fontSize"":0.014218009478672985,""fontType"":""Calibri"",""rotation"":0,""fontColor"":""#c1121f"",""textContent"":""我之前也被大推！\n太好吃捨不得吃放到過期""},{""x"":0.20299142690805289,""y"":0.6425750334680927,""z"":2,""id"":""be2c71ce-13fc-4cb1-899f-24ea3cecca10"",""type"":""text"",""width"":0,""height"":0,""fontSize"":0.018957345971563982,""fontType"":""Calibri"",""rotation"":0,""fontColor"":""#000"",""textContent"":""求求店""}]}","a6300bac-4d56-49f3-9e9e-a3919a9bd8cf"
"cbe693a2-a2d7-41ab-942e-88e512baf461","2024-12-27T19:13:08.656007+00:00","2024-12-27T19:13:09.182024+00:00",false,"cd3ba847-b1d7-408a-ab30-7853279b66bf","{""items"":[{""x"":0.33582177162170407,""y"":0.5687900152319849,""z"":1,""id"":""802d4d57-f32d-4dc0-8d5b-1a6fc9cdf813"",""type"":""text"",""width"":0,""height"":0,""fontSize"":0.0192131747483989,""fontType"":""Calibri"",""rotation"":0,""fontColor"":""#000"",""textContent"":""恭喜你\n好可惜不能一起看LSS""}]}","a6300bac-4d56-49f3-9e9e-a3919a9bd8cf"
"7ad3eb88-571e-43ac-b5b9-16ac39e55765","2024-12-27T19:13:51.71625+00:00","2024-12-27T19:13:52.457407+00:00",false,"1b7a8470-e3af-46e2-a405-ce4744839492","{""items"":[{""x"":0.20897435897435898,""y"":0.12756712854755997,""z"":1,""id"":""82ddc323-80af-441f-80e0-c7ca36b5ebd9"",""type"":""text"",""width"":0,""height"":0,""fontSize"":0.016587677725118485,""fontType"":""Calibri"",""rotation"":0,""fontColor"":""#669bbc"",""textContent"":""突然覺得楊毓晴的早餐很厲害\n但你的看起來有家的味道（褒義）""},{""x"":0.5149572519155649,""y"":0.8009478672985783,""z"":2,""id"":""05643dbb-d2c3-4179-b7bc-0e34b03d7dcb"",""type"":""text"",""width"":0,""height"":0,""fontSize"":0.011848341232227487,""fontType"":""Calibri"",""rotation"":0,""fontColor"":""#000"",""textContent"":""我愛狗狗""}]}","a6300bac-4d56-49f3-9e9e-a3919a9bd8cf"
"e3d64d99-75c2-42e6-8ffb-cf5a51e79a64","2024-12-28T18:34:51.0424+00:00","2024-12-28T18:34:51.0424+00:00",false,"7949a7a2-c31a-4a98-8f6f-a9a8b88786c0","{""items"":[{""x"":0.646856217157273,""y"":0.24886619035828011,""z"":1,""id"":""aadb2ad0-1405-48c3-b5f0-23b8b1d14bea"",""type"":""text"",""width"":0,""height"":0,""fontSize"":0.017772511848341232,""fontType"":""Calibri"",""rotation"":0,""fontColor"":""#669bbc"",""textContent"":""很好看很適合！""}]}","6eea90f5-325a-4ccf-aceb-3471c02914c0"
"5f054683-463c-4ca0-9c47-3a263102c836","2024-12-28T18:37:40.430538+00:00","2024-12-28T18:37:40.430538+00:00",false,"a449c4b2-b5dc-475e-bceb-3335ebaae907","{""items"":[{""x"":0.4515214201294896,""y"":0.5628830984631427,""z"":1,""id"":""4d622f4e-0165-4ccc-b57f-03fd46becca4"",""type"":""text"",""width"":0,""height"":0,""fontSize"":0.017772511848341232,""fontType"":""Calibri-Bold"",""rotation"":0,""fontColor"":""#FFC300"",""textContent"":""麥克可以跟爬山男交朋友""}]}","6eea90f5-325a-4ccf-aceb-3471c02914c0"
"5fa346ae-808c-4d01-9550-88b2bb50561f","2024-12-28T20:53:22.69848+00:00","2024-12-28T20:53:22.69848+00:00",false,"45844e12-161c-4851-a97a-06f8fcdb8097","{""items"":[{""x"":0.11261572837829589,""y"":0.8049519609554252,""z"":1,""id"":""45ae491c-5229-4443-a35f-9bdb6790621c"",""type"":""text"",""width"":0,""height"":0,""fontSize"":0.01681152790484904,""fontType"":""Calibri"",""rotation"":0,""fontColor"":""#c1121f"",""textContent"":""危機來時有挺過最重要""}]}","632e3d17-8713-46e9-ab1b-604bfa3ce11f"
"5c69f57a-3f23-4ff3-9601-ebb6880fb00e","2024-12-29T02:41:56.212927+00:00","2024-12-29T02:41:56.212927+00:00",false,"7949a7a2-c31a-4a98-8f6f-a9a8b88786c0","{""items"":[{""x"":0.6474358974358975,""y"":0.3684834123222749,""z"":1,""id"":""f3954997-7aee-4b75-99c6-73ba35a0933e"",""type"":""text"",""width"":0,""height"":0,""fontSize"":0.016587677725118485,""fontType"":""Calibri"",""rotation"":0,""fontColor"":""#c1121f"",""textContent"":""可以親我嗎""}]}","a6300bac-4d56-49f3-9e9e-a3919a9bd8cf"
"49b9de82-0ac9-4ff4-8d2d-ed86fd72f261","2024-12-29T02:42:51.265245+00:00","2024-12-29T02:42:51.265245+00:00",false,"b2204bf3-5b98-46a2-98f0-256264d4988b","{""items"":[{""x"":0.37307696220202324,""y"":0.4877567020072756,""z"":1,""id"":""76a8fa7f-9cdb-4322-9b92-dbd83a738e86"",""type"":""text"",""width"":0,""height"":0,""fontSize"":0.017772511848341232,""fontType"":""Calibri"",""rotation"":0,""fontColor"":""#c1121f"",""textContent"":""美國的商品實在是千變萬化""}]}","a6300bac-4d56-49f3-9e9e-a3919a9bd8cf"
"b1ea30ae-f613-4b6e-b662-8276cdd9d52a","2025-01-01T15:18:55.835695+00:00","2025-01-01T15:18:55.835695+00:00",false,"0c9cbe45-7a95-42ba-9462-df082abce961","{""items"":[{""x"":0.6043256997455471,""y"":0.23865415904443588,""z"":1,""id"":""900e375d-ce03-4ee9-b575-aea87e4954b2"",""type"":""text"",""width"":0,""height"":0,""fontSize"":0.01995305164319249,""fontType"":""Calibri"",""rotation"":0,""fontColor"":""#fdf0d5"",""textContent"":""可愛的米納桑""},{""x"":0.028413884209009223,""y"":0.6905320933167364,""z"":2,""id"":""6d1eb26e-1f5f-40db-816d-9ff6473ed76f"",""type"":""text"",""width"":0,""height"":0,""fontSize"":0.02112676056338028,""fontType"":""Calibri"",""rotation"":0,""fontColor"":""#fdf0d5"",""textContent"":""喜歡看到你開開心心""}]}","a6300bac-4d56-49f3-9e9e-a3919a9bd8cf"
"15174594-1f4d-4e1c-9cb9-461190ced82f","2024-12-26T04:56:01.775181+00:00","2024-12-27T19:17:06.632596+00:00",false,"c81b31e1-5275-40ce-8487-2824c31fa45e","{""items"":[{""x"":0.23803417499248797,""y"":0.25789888210206235,""z"":1,""id"":""11db8d66-b7ec-48ba-99f9-e6933c2f9b9a"",""type"":""text"",""width"":0,""height"":0,""fontSize"":0.035545023696682464,""fontType"":""Calibri"",""rotation"":0,""fontColor"":""#000"",""textContent"":""🪐""},{""x"":0.2944444314027444,""y"":0.3124012698494428,""z"":2,""id"":""e817eaf8-f875-47b6-bf63-d40d0189b425"",""type"":""text"",""width"":0,""height"":0,""fontSize"":0.035545023696682464,""fontType"":""Calibri"",""rotation"":0,""fontColor"":""#000"",""textContent"":""🧑🏻‍🎄""},{""x"":0.12435897435897436,""y"":0.44154818928072237,""z"":3,""id"":""9cde67f5-3a5b-4ba7-bb8a-57ae20f610c0"",""type"":""text"",""width"":0,""height"":0,""fontSize"":0.035545023696682464,""fontType"":""Calibri"",""rotation"":0,""fontColor"":""#000"",""textContent"":""🎁""},{""x"":0.3243589743589744,""y"":0.4379936869110541,""z"":4,""id"":""2703129b-3f36-43d6-8bc2-5ac23c57493a"",""type"":""text"",""width"":0,""height"":0,""fontSize"":0.045023696682464455,""fontType"":""Calibri"",""rotation"":0,""fontColor"":""#000"",""textContent"":""🎁""},{""x"":0.15512820512820513,""y"":0.4032385405770975,""z"":9,""id"":""80570988-1050-42ef-80cc-bdcffa700a34"",""type"":""text"",""width"":0,""height"":0,""fontSize"":0.02014218009478673,""fontType"":""Calibri"",""rotation"":0,""fontColor"":""#000"",""textContent"":""""},{""x"":0.332906008989383,""y"":0.4241705980346101,""z"":12,""id"":""e9c7a5e0-a9f0-4b60-9935-367ed7e79327"",""type"":""text"",""width"":0,""height"":0,""fontSize"":0.024881516587677725,""fontType"":""Calibri"",""rotation"":0,""fontColor"":""#000"",""textContent"":""""},{""x"":0.14829058524889824,""y"":0.38388625592417064,""z"":10,""id"":""462f4b0b-7cf4-4f02-ac4c-8d116944fa06"",""type"":""text"",""width"":0,""height"":0,""fontSize"":0.018957345971563982,""fontType"":""Calibri"",""rotation"":0,""fontColor"":""#000"",""textContent"":""🍥""},{""x"":0.33119659423828124,""y"":0.3807266922358653,""z"":11,""id"":""5215bd40-9339-428f-aac9-4ca1fff121f6"",""type"":""text"",""width"":0,""height"":0,""fontSize"":0.015402843601895734,""fontType"":""Calibri"",""rotation"":0,""fontColor"":""#000"",""textContent"":""🍤""},{""x"":0.4551282051282051,""y"":0.54739336492891,""z"":13,""id"":""0e86b026-395a-4e73-803d-87426672f233"",""type"":""text"",""width"":0,""height"":0,""fontSize"":0.023696682464454975,""fontType"":""Calibri"",""rotation"":0,""fontColor"":""#c1121f"",""textContent"":""想看有沒有開到PS5""},{""x"":0.2619657858824119,""y"":0.8471563981042654,""z"":14,""id"":""fb1b9511-29c1-42e1-bcac-200fd7427b40"",""type"":""text"",""width"":0,""height"":0,""fontSize"":0.018957345971563982,""fontType"":""Calibri"",""rotation"":0,""fontColor"":""#c1121f"",""textContent"":""震驚的是麥可竟然還沒刮鬍子""},{""x"":0.16367523975861378,""y"":0.5703001519515051,""z"":15,""id"":""6f17d0a8-908e-4440-8409-4913427b65cb"",""type"":""text"",""width"":0,""height"":0,""fontSize"":0.015402843601895734,""fontType"":""Calibri"",""rotation"":0,""fontColor"":""#c1121f"",""textContent"":""有人愛你🥳""},{""x"":0.48589739677233573,""y"":0.3368878296766236,""z"":20,""id"":""c85e7097-5e0e-4d32-b56a-ba305d63676e"",""type"":""text"",""width"":0,""height"":0,""fontSize"":0.07701421800947868,""fontType"":""Calibri"",""rotation"":0,""fontColor"":""#000"",""textContent"":""""},{""x"":0.12051278138772048,""y"":0.3155607973794802,""z"":19,""id"":""dc08c1ec-d8b0-46c8-baad-4060cda267dd"",""type"":""text"",""width"":0,""height"":0,""fontSize"":0.027251184834123223,""fontType"":""Calibri"",""rotation"":-0.4498881118883301,""fontColor"":""#000"",""textContent"":""🎅🏼""},{""x"":0.020940144856770832,""y"":0.2531595275300374,""z"":24,""id"":""e144a7e1-5562-4304-b2c7-289691102304"",""type"":""text"",""width"":0,""height"":0,""fontSize"":0.0924170616113744,""fontType"":""Calibri"",""rotation"":0,""fontColor"":""#000"",""textContent"":""🪟""},{""x"":0.12606834998497596,""y"":0.2764612893922634,""z"":22,""id"":""3ff3c25c-e8ca-4f26-ace2-449479234dba"",""type"":""text"",""width"":0,""height"":0,""fontSize"":0.015402843601895734,""fontType"":""Calibri"",""rotation"":0,""fontColor"":""#000"",""textContent"":""❄️""},{""x"":0.07649571345402645,""y"":0.32109004739336494,""z"":23,""id"":""a91615b1-3ae0-42f2-816d-d09ee3f02bce"",""type"":""text"",""width"":0,""height"":0,""fontSize"":0.011848341232227487,""fontType"":""Calibri"",""rotation"":0,""fontColor"":""#000"",""textContent"":""❄️""},{""x"":0.3354700724283854,""y"":0.22630331753554503,""z"":25,""id"":""749d7108-bb3a-4f98-855d-5ebb3c360f4e"",""type"":""text"",""width"":0,""height"":0,""fontSize"":0.05687203791469194,""fontType"":""Calibri"",""rotation"":0,""fontColor"":""#000"",""textContent"":""🪩""},{""x"":0.004700880784254808,""y"":0.3909952606635071,""z"":26,""id"":""e9f18226-6eca-49ab-81cb-f5b3eb9d5a0d"",""type"":""text"",""width"":0,""height"":0,""fontSize"":0.10071090047393365,""fontType"":""Calibri"",""rotation"":0,""fontColor"":""#000"",""textContent"":""💃🏻""},{""x"":0.29102564102564105,""y"":0.45339653051294987,""z"":27,""id"":""2b01e1ae-2be9-4feb-a1cb-9bffe7cc3361"",""type"":""text"",""width"":0,""height"":0,""fontSize"":0.013033175355450236,""fontType"":""Calibri"",""rotation"":0,""fontColor"":""#000"",""textContent"":""🎁""},{""x"":0.22521366217197517,""y"":0.4462875076944794,""z"":28,""id"":""f934e1c6-e5a8-420e-a9a3-c34851b902de"",""type"":""text"",""width"":0,""height"":0,""fontSize"":0.035545023696682464,""fontType"":""Calibri"",""rotation"":0,""fontColor"":""#000"",""textContent"":""🎁""},{""x"":0.35341882950220355,""y"":0.4395734597156398,""z"":29,""id"":""7cb94c27-5cdf-4d70-88b8-b4061eac7702"",""type"":""text"",""width"":0,""height"":0,""fontSize"":0.06042654028436019,""fontType"":""Calibri"",""rotation"":0,""fontColor"":""#000"",""textContent"":""🎸""}]}","a6300bac-4d56-49f3-9e9e-a3919a9bd8cf"
"7580d41b-b0c0-45ee-9808-e105135d5e35","2024-12-27T19:19:40.910697+00:00","2024-12-27T19:19:40.910697+00:00",false,"52fd9822-5b73-429a-858d-fe1ace6fdd93","{""items"":[{""x"":0.2612847222222222,""y"":0.585201293093724,""z"":1,""id"":""40fbabb7-2f83-4ab6-9144-b2c99981143d"",""type"":""text"",""width"":0,""height"":0,""fontSize"":0.021614821591948764,""fontType"":""Calibri"",""rotation"":0,""fontColor"":""#c1121f"",""textContent"":""我愛薯餅蔬菜蛋餅""}]}","a6300bac-4d56-49f3-9e9e-a3919a9bd8cf"
"1ae60e38-03b7-427b-8118-d613c6ac898d","2024-12-27T19:20:25.109307+00:00","2024-12-27T19:20:25.109307+00:00",false,"5f561048-0f50-45fa-a8cc-04bf8b7ff8bb","{""items"":[{""x"":0.3159457296512206,""y"":0.4890453893813729,""z"":1,""id"":""b7c57823-a269-449a-96f0-b9e5876d7734"",""type"":""text"",""width"":0,""height"":0,""fontSize"":0.018779342723004695,""fontType"":""Calibri"",""rotation"":0,""fontColor"":""#669bbc"",""textContent"":""這個是什麼好可愛""},{""x"":0.19889734476880566,""y"":0.5798121886633931,""z"":2,""id"":""9be5dd74-88dc-4ce9-91a9-11be0bdd35c6"",""type"":""text"",""width"":0,""height"":0,""fontSize"":0.015258215962441314,""fontType"":""Calibri"",""rotation"":0,""fontColor"":""#000"",""textContent"":""我希望他出現在我明天抽到的聖誕禮物裡""}]}","a6300bac-4d56-49f3-9e9e-a3919a9bd8cf"
"0edd4dec-2db8-420a-9bec-cb28bd074abc","2024-12-27T19:21:21.057881+00:00","2024-12-27T19:21:21.057881+00:00",false,"0871ed6c-b79b-43a6-84ab-77b279d7361f","{""items"":[{""x"":0.1431623801206931,""y"":0.6587677725118484,""z"":1,""id"":""78e176e8-2130-4bae-bd7b-1f44bb6e5549"",""type"":""text"",""width"":0,""height"":0,""fontSize"":0.014218009478672985,""fontType"":""Calibri"",""rotation"":0,""fontColor"":""#669bbc"",""textContent"":""跨起來\n來淡水也可以（但我們有13個人）""},{""x"":0.4858974358974359,""y"":0.31635071090047395,""z"":2,""id"":""a70015d9-6e29-42be-925f-1a5354370383"",""type"":""text"",""width"":0,""height"":0,""fontSize"":0.04739336492890995,""fontType"":""Calibri"",""rotation"":0,""fontColor"":""#FFF"",""textContent"":""GAY88Y""}]}","a6300bac-4d56-49f3-9e9e-a3919a9bd8cf"
"371c868e-ad87-42d2-a707-5f1da862249a","2024-12-27T22:27:36.736605+00:00","2024-12-27T22:28:18.583009+00:00",false,"bc935ec0-334a-47bc-a978-2a630bdc1ecf","{""items"":[{""x"":0.5271111246744792,""y"":0.8464696348594327,""z"":1,""id"":""50fac25a-aacc-4457-83e9-28e7ca5bb3a0"",""type"":""text"",""width"":0,""height"":0,""fontSize"":0.012315270935960592,""fontType"":""Calibri-Bold"",""rotation"":0,""fontColor"":""#669bbc"",""textContent"":""今天的拒絕是為了明天的上榜做準備⭐️\n不要氣餒 有努力就有回報！""},{""x"":0.52,""y"":0.5197044334975369,""z"":2,""id"":""577eff76-b3b5-47e7-841b-ea8bcff81715"",""type"":""text"",""width"":0,""height"":0,""fontSize"":0.03694581280788178,""fontType"":""Calibri"",""rotation"":0,""fontColor"":""#000"",""textContent"":""""},{""x"":0.0835555419921875,""y"":0.2902298725297298,""z"":3,""id"":""bb5aaddb-806f-422c-8d2b-015d35b072bf"",""type"":""text"",""width"":0,""height"":0,""fontSize"":0.01600985221674877,""fontType"":""Calibri"",""rotation"":0,""fontColor"":""#FFC300"",""textContent"":""我這幾天整個珍奶隱大發作\n好想喝😡😡""}]}","632e3d17-8713-46e9-ab1b-604bfa3ce11f"
"a2f374ce-229d-44c6-8f1b-ec0383cd4e2c","2024-12-27T22:29:02.382469+00:00","2024-12-27T22:29:02.382469+00:00",false,"52fd9822-5b73-429a-858d-fe1ace6fdd93","{""items"":[{""x"":0.23009260495503742,""y"":0.6196248856358646,""z"":1,""id"":""bad73502-83b0-444d-be29-8b8d9a9f08ad"",""type"":""text"",""width"":0,""height"":0,""fontSize"":0.021614821591948764,""fontType"":""Calibri"",""rotation"":0,""fontColor"":""#FFC300"",""textContent"":""鮪魚玉米蛋餅唯一真理\n（可加起司）""}]}","632e3d17-8713-46e9-ab1b-604bfa3ce11f"
"65876914-9bcb-4224-a4de-3097d160b1f7","2024-12-28T12:42:20.959205+00:00","2024-12-28T12:42:20.959205+00:00",false,"a449c4b2-b5dc-475e-bceb-3335ebaae907","{""items"":[{""x"":0.3871794871794872,""y"":0.5150078868413989,""z"":1,""id"":""4f010b99-efd6-4149-a81e-fcd42bd1ed52"",""type"":""text"",""width"":0,""height"":0,""fontSize"":0.015402843601895734,""fontType"":""Calibri"",""rotation"":0,""fontColor"":""#000"",""textContent"":""為甚麼外國人都好像內建爬山技能？""}]}","eecd2083-81ee-4e52-a4cf-fd6687bd002d"
"2af301d8-1811-4a79-9788-bad115ba6c89","2024-12-28T12:45:43.24247+00:00","2024-12-28T12:45:43.24247+00:00",false,"bc935ec0-334a-47bc-a978-2a630bdc1ecf","{""items"":[{""x"":0.22577775065104166,""y"":0.14942528109245112,""z"":1,""id"":""d39c6f89-0bb5-421f-8cba-4b568517ece6"",""type"":""text"",""width"":0,""height"":0,""fontSize"":0.012315270935960592,""fontType"":""Calibri"",""rotation"":0,""fontColor"":""#fdf0d5"",""textContent"":""幹妳娘 超好笑""},{""x"":0.5484444173177083,""y"":0.9683908171254426,""z"":2,""id"":""b07530a5-2250-454c-ad2c-06dde85ab323"",""type"":""text"",""width"":0,""height"":0,""fontSize"":0.012315270935960592,""fontType"":""Calibri"",""rotation"":0,""fontColor"":""#669bbc"",""textContent"":""加油寶寶 天才衝衝衝\n可以找我一起辦公""}]}","eecd2083-81ee-4e52-a4cf-fd6687bd002d"
"f73f4148-117a-4f36-b2e7-00c9b8027558","2024-12-27T19:19:16.235684+00:00","2024-12-29T02:43:22.926822+00:00",false,"a449c4b2-b5dc-475e-bceb-3335ebaae907","{""items"":[{""x"":0.04572648268479567,""y"":0.21011057849178946,""z"":3,""id"":""d5f16331-a29e-497d-8322-e09087b3a1cf"",""type"":""text"",""width"":0,""height"":0,""fontSize"":0.07582938388625593,""fontType"":""Calibri"",""rotation"":0,""fontColor"":""#669bbc"",""textContent"":""麥可生日快樂！！""},{""x"":0.4491453121869992,""y"":0.27014218009478674,""z"":4,""id"":""21356aa7-a8ae-4578-9e40-10c3460aa0e3"",""type"":""text"",""width"":0,""height"":0,""fontSize"":0.11848341232227488,""fontType"":""Calibri"",""rotation"":0,""fontColor"":""#000"",""textContent"":""🎁""},{""x"":0.4807692307692308,""y"":0.48104265402843605,""z"":5,""id"":""447b0152-32e8-4346-8726-02a50afe5de2"",""type"":""text"",""width"":0,""height"":0,""fontSize"":0.023696682464454975,""fontType"":""Calibri-Bold"",""rotation"":0,""fontColor"":""#FFC300"",""textContent"":""想看爬山合體""}]}","a6300bac-4d56-49f3-9e9e-a3919a9bd8cf"
"dfa9c539-8c48-4f65-8719-3bca5f7a2f2c","2024-12-29T02:52:31.5419+00:00","2024-12-29T02:52:31.5419+00:00",false,"42c55d89-a368-4048-ada5-707c35637f66","{""items"":[{""x"":0.5351111246744792,""y"":0.9478653593016375,""z"":1,""id"":""bbd1678f-134a-4e52-9cb6-57704f73d482"",""type"":""text"",""width"":0,""height"":0,""fontSize"":0.014778325123152709,""fontType"":""Calibri"",""rotation"":0,""fontColor"":""#fdf0d5"",""textContent"":""不會啊我覺得看起來很笑連\n但感覺脖子很冷哈哈哈""}]}","eecd2083-81ee-4e52-a4cf-fd6687bd002d"
"8e98c38f-76ef-413b-b29e-580fd6c99595","2024-12-29T13:03:06.289881+00:00","2024-12-29T13:03:06.289881+00:00",false,"b2204bf3-5b98-46a2-98f0-256264d4988b","{""items"":[{""x"":0.046153846153846156,""y"":0.792654028436019,""z"":1,""id"":""bbf1e08b-5ef1-4fd7-b0ca-acd2c6520541"",""type"":""text"",""width"":0,""height"":0,""fontSize"":0.02132701421800948,""fontType"":""Calibri"",""rotation"":0,""fontColor"":""#000"",""textContent"":""麥摳頭上那個甚至是立體的！！""}]}","eecd2083-81ee-4e52-a4cf-fd6687bd002d"
"55df1b39-a0d0-46f6-9d46-51b51814011f","2024-12-29T13:03:51.243005+00:00","2024-12-29T13:03:51.243005+00:00",false,"fe3ce6e7-80c3-418a-a8ef-696b6e045bb7","{""items"":[{""x"":0.47022220865885417,""y"":0.38505747752823855,""z"":1,""id"":""2caea030-0fe4-4a03-b7e0-5b9e2e5d89c9"",""type"":""text"",""width"":0,""height"":0,""fontSize"":0.014778325123152709,""fontType"":""Calibri"",""rotation"":0,""fontColor"":""#c1121f"",""textContent"":""好可愛 我可以跟你一起濕髮^^\n有點想買髮蠟""}]}","eecd2083-81ee-4e52-a4cf-fd6687bd002d"
"465d35e0-907d-433a-a178-eab3c5652bf3","2024-12-29T17:10:51.609116+00:00","2024-12-29T17:10:51.609116+00:00",false,"fe3ce6e7-80c3-418a-a8ef-696b6e045bb7","{""items"":[{""x"":0.4897777506510417,""y"":0.4277504042451605,""z"":1,""id"":""f079e016-9fee-4f64-a749-a55d491a6cc4"",""type"":""text"",""width"":0,""height"":0,""fontSize"":0.020935960591133004,""fontType"":""Calibri"",""rotation"":0,""fontColor"":""#000"",""textContent"":""好齊好可愛""}]}","632e3d17-8713-46e9-ab1b-604bfa3ce11f"
"9bd158fa-cf09-43e6-aa40-1267fac18cd7","2024-12-29T17:11:40.048045+00:00","2024-12-29T17:11:40.048045+00:00",false,"dd378e32-26ae-48ce-9710-5d68e340bf35","{""items"":[{""x"":0.45042732434395033,""y"":0.6350710900473934,""z"":1,""id"":""df1acae7-de75-4ed9-9407-051334ebc4d1"",""type"":""text"",""width"":0,""height"":0,""fontSize"":0.018957345971563982,""fontType"":""Calibri"",""rotation"":0,""fontColor"":""#FFC300"",""textContent"":""興趣愛好：放假""}]}","632e3d17-8713-46e9-ab1b-604bfa3ce11f"
"52f546d0-f998-41ba-932c-0ee70d0732ab","2024-12-30T15:52:07.876124+00:00","2024-12-30T15:52:07.876124+00:00",false,"dd378e32-26ae-48ce-9710-5d68e340bf35","{""items"":[{""x"":0.20299142690805289,""y"":0.6631121703233764,""z"":1,""id"":""863f6602-60dc-4bb8-8620-bbbbd82ed6a7"",""type"":""text"",""width"":0,""height"":0,""fontSize"":0.014218009478672985,""fontType"":""Calibri"",""rotation"":0,""fontColor"":""#000"",""textContent"":""我覺得他演的劇都還不錯耶！！\n上次看一個法國菜的 本來以為是以前的好劇\n結果根本是最近的\n我打算繼續看完第一集蠻好看""}]}","a6300bac-4d56-49f3-9e9e-a3919a9bd8cf"
"6c139aa6-0c15-457a-a997-c50d39f3f75d","2024-12-30T16:02:50.035784+00:00","2024-12-30T16:02:50.035784+00:00",false,"582a9aea-acf9-4a2d-89c3-839f5b1b3641","{""items"":[{""x"":0.379059816018129,""y"":0.7022116963897271,""z"":1,""id"":""35178f39-8dfa-4173-a68a-152a1537d31c"",""type"":""text"",""width"":0,""height"":0,""fontSize"":0.016587677725118485,""fontType"":""Calibri"",""rotation"":0,""fontColor"":""#000"",""textContent"":""變焦真的好重不喜""}]}","a6300bac-4d56-49f3-9e9e-a3919a9bd8cf"
"857e8192-6d7a-48e0-86aa-476b111c0da3","2024-12-30T16:07:22.976476+00:00","2024-12-30T16:07:22.976476+00:00",false,"3ddb1dab-fa42-40d0-a853-d39569005d83","{""items"":[{""x"":0.328,""y"":0.9347290640394089,""z"":1,""id"":""3a2bc4c7-72dc-4e07-be3a-ebb82983b33d"",""type"":""text"",""width"":0,""height"":0,""fontSize"":0.014778325123152709,""fontType"":""Calibri"",""rotation"":0,""fontColor"":""#669bbc"",""textContent"":""超像 笑死""}]}","eecd2083-81ee-4e52-a4cf-fd6687bd002d"
"b166feeb-bb9d-47de-9e76-f8611ddf56ff","2024-12-30T16:37:52.877931+00:00","2024-12-30T16:37:52.877931+00:00",false,"582a9aea-acf9-4a2d-89c3-839f5b1b3641","{""items"":[{""x"":0.2449498270894145,""y"":0.7622862591804809,""z"":1,""id"":""4fffa186-fdb5-4a50-a1f5-3b769bd4e511"",""type"":""text"",""width"":0,""height"":0,""fontSize"":0.015402843601895734,""fontType"":""Calibri"",""rotation"":0,""fontColor"":""#669bbc"",""textContent"":""好長的鏡頭真的看起來好像攝影大哥""}]}","6eea90f5-325a-4ccf-aceb-3471c02914c0"
"94d495b6-05e1-495e-9967-d39e5961da39","2024-12-30T16:38:53.792856+00:00","2024-12-30T16:38:53.792856+00:00",false,"dd378e32-26ae-48ce-9710-5d68e340bf35","{""items"":[{""x"":0.44748645405192955,""y"":0.7795420151428346,""z"":1,""id"":""31c6eebb-0e6f-4275-867c-dd6e0b92b769"",""type"":""text"",""width"":0,""height"":0,""fontSize"":0.017772511848341232,""fontType"":""Calibri-Bold"",""rotation"":0,""fontColor"":""#c1121f"",""textContent"":""謝謝推薦 我也要來看""}]}","6eea90f5-325a-4ccf-aceb-3471c02914c0"
"a12684e2-caa7-4555-bcb4-aad770386415","2024-12-30T16:44:23.674943+00:00","2024-12-30T16:44:23.674943+00:00",false,"b2204bf3-5b98-46a2-98f0-256264d4988b","{""items"":[{""x"":0.11458221547332878,""y"":0.8703464360840835,""z"":1,""id"":""0806bb87-e251-4039-87d6-a177c1059df5"",""type"":""text"",""width"":0,""height"":0,""fontSize"":0.02014218009478673,""fontType"":""Calibri"",""rotation"":0,""fontColor"":""#c1121f"",""textContent"":""美國商品越看越愛""}]}","6eea90f5-325a-4ccf-aceb-3471c02914c0"
"7b8986f3-005c-4b51-80df-62efdf65daf8","2024-12-30T16:50:46.357445+00:00","2024-12-30T16:50:46.357445+00:00",false,"3ddb1dab-fa42-40d0-a853-d39569005d83","{""items"":[{""x"":0.439111083984375,""y"":0.5706075471023033,""z"":1,""id"":""a6c8c7a1-9c5d-4820-bad4-1ceaabc2cb0b"",""type"":""text"",""width"":0,""height"":0,""fontSize"":0.022167487684729065,""fontType"":""Calibri"",""rotation"":0,""fontColor"":""#669bbc"",""textContent"":""有志者事竟成""},{""x"":0.52,""y"":0.5197044334975369,""z"":2,""id"":""0fcfb46c-1e03-410a-b3f5-0ab3ffe02c5a"",""type"":""text"",""width"":0,""height"":0,""fontSize"":0.03694581280788178,""fontType"":""Calibri"",""rotation"":0,""fontColor"":""#000"",""textContent"":""""},{""x"":0.12977779134114584,""y"":0.79351395104319,""z"":3,""id"":""aafebcdc-0121-4d5b-9540-786c7d3aeee5"",""type"":""text"",""width"":0,""height"":0,""fontSize"":0.017241379310344827,""fontType"":""Calibri"",""rotation"":0,""fontColor"":""#c1121f"",""textContent"":""姿勢沒擺一下可以嗎""}]}","632e3d17-8713-46e9-ab1b-604bfa3ce11f"
"1d5684d6-25df-411d-ac76-56b7079eaca3","2025-01-01T15:18:15.857049+00:00","2025-01-01T15:18:15.857049+00:00",false,"9867e437-f374-4bcb-ad44-e324a7df2f43","{""items"":[{""x"":0.2734375,""y"":0.5219579201058739,""z"":1,""id"":""77dee2b4-9fc6-4401-8a33-401670b7cfa5"",""type"":""text"",""width"":0,""height"":0,""fontSize"":0.03602470265324794,""fontType"":""Calibri-Bold"",""rotation"":0,""fontColor"":""#c1121f"",""textContent"":""新年快樂！！""}]}","a6300bac-4d56-49f3-9e9e-a3919a9bd8cf"
"639533f6-dbc5-4ecf-9860-c6f719ac048d","2024-12-30T16:53:15.683406+00:00","2024-12-30T16:53:15.683406+00:00",false,"eb4a9702-3b4a-41d7-a9e4-6a614b723d64","{""items"":[{""x"":0.6765046172671848,""y"":0.8569876547810797,""z"":1,""id"":""17133a8a-8cd6-426c-ad93-32094e030c9f"",""type"":""text"",""width"":0,""height"":0,""fontSize"":0.01681152790484904,""fontType"":""Calibri"",""rotation"":0,""fontColor"":""#c1121f"",""textContent"":""尬聊尬起來""},{""x"":0.4484375,""y"":0.799548255557438,""z"":2,""id"":""83bb292d-a2e5-4504-a3aa-6ca9da921b54"",""type"":""text"",""width"":0,""height"":0,""fontSize"":0.012756084879124505,""fontType"":""Calibri"",""rotation"":0,""fontColor"":""#c1121f"",""textContent"":""「好無聊喔要不要來吃咳嗽藥」""},{""x"":0.17135418521033396,""y"":0.17852241231668795,""z"":3,""id"":""292be314-083e-43fa-99c3-4f36a3a8eb2f"",""type"":""text"",""width"":0,""height"":0,""fontSize"":0.03002058554437328,""fontType"":""Calibri"",""rotation"":1.7667212164631105,""fontColor"":""#000"",""textContent"":""🌶️""},{""x"":0.2997684876124063,""y"":0.1709171942582615,""z"":4,""id"":""4086974c-bf3a-4197-8a0e-77440d1ee0c0"",""type"":""text"",""width"":0,""height"":0,""fontSize"":0.03242223238792315,""fontType"":""Calibri"",""rotation"":3.206888053494171,""fontColor"":""#000"",""textContent"":""🌶️""}]}","632e3d17-8713-46e9-ab1b-604bfa3ce11f"
"af74991a-821d-471d-aa7a-ea4a5a15cf20","2024-12-30T16:54:17.638313+00:00","2024-12-30T16:54:17.638313+00:00",false,"582a9aea-acf9-4a2d-89c3-839f5b1b3641","{""items"":[{""x"":0.35384615384615387,""y"":0.7255134220936852,""z"":1,""id"":""eba3fdf4-472a-4a57-9965-c9c5aeb1196a"",""type"":""text"",""width"":0,""height"":0,""fontSize"":0.013033175355450236,""fontType"":""Calibri"",""rotation"":0,""fontColor"":""#c1121f"",""textContent"":""記得攝影課借單眼拍作業\n回來脖子快斷""}]}","632e3d17-8713-46e9-ab1b-604bfa3ce11f"
"c8a95b37-9c48-4ea6-bc8e-d5041d0fad6b","2024-12-31T01:31:48.106294+00:00","2024-12-31T01:31:48.106294+00:00",false,"b5c2560e-95e1-4332-b612-c49e99248cc4","{""items"":[{""x"":0.24850415414942928,""y"":0.198004379737353,""z"":1,""id"":""26d58e89-a187-46e1-999e-5f1292c84263"",""type"":""text"",""width"":0,""height"":0,""fontSize"":0.015402843601895734,""fontType"":""Calibri"",""rotation"":0,""fontColor"":""#c1121f"",""textContent"":""美國人竟然會唱卡拉ok 嗎 好不美國（刻板印象""}]}","6eea90f5-325a-4ccf-aceb-3471c02914c0"
"0cbe7810-685f-4bfe-8ef5-ee5679188fe6","2024-12-31T01:36:03.708486+00:00","2024-12-31T01:36:03.708486+00:00",false,"3ddb1dab-fa42-40d0-a853-d39569005d83","{""items"":[{""x"":0.10141977273850217,""y"":0.9549097563497286,""z"":1,""id"":""6b3c9df2-54b1-42d5-8606-a101c4a95edf"",""type"":""text"",""width"":0,""height"":0,""fontSize"":0.020935960591133004,""fontType"":""Calibri"",""rotation"":0,""fontColor"":""#c1121f"",""textContent"":""他的手機鍊怎麼會是珠珠鍊\n更像佛朗明哥了""}]}","6eea90f5-325a-4ccf-aceb-3471c02914c0"
"aa9c1b4b-441c-4bb8-9c5e-5c7575c2fe67","2025-01-01T04:37:54.122364+00:00","2025-01-01T04:38:19.126501+00:00",false,"9867e437-f374-4bcb-ad44-e324a7df2f43","{""items"":[{""x"":0.28883100615607366,""y"":0.6932754193765792,""z"":1,""id"":""56cd08a4-f498-4a04-ad3e-3dfdcc651dce"",""type"":""text"",""width"":0,""height"":0,""fontSize"":0.012008234217749313,""fontType"":""Calibri"",""rotation"":0,""fontColor"":""#000"",""textContent"":""💋""},{""x"":0.21753472222222223,""y"":0.5767955291412995,""z"":2,""id"":""87a81d62-4e59-407b-a076-abaccb2fb023"",""type"":""text"",""width"":0,""height"":0,""fontSize"":0.03362305580969808,""fontType"":""Calibri-Bold"",""rotation"":0,""fontColor"":""#c1121f"",""textContent"":""新～年～快～樂～""}]}","2bdbc127-920a-432e-b1b6-1fa1ed6687a1"
"b242ff99-1317-41eb-ab0d-ca9ffdd539b0","2024-12-31T17:57:25.870175+00:00","2024-12-31T17:57:25.870175+00:00",false,"0c9cbe45-7a95-42ba-9462-df082abce961","{""items"":[{""x"":0.5843935279749125,""y"":0.48748043221487125,""z"":1,""id"":""e9ae3a8a-19c5-477e-953b-74d5e6db4467"",""type"":""text"",""width"":0,""height"":0,""fontSize"":0.02112676056338028,""fontType"":""Calibri"",""rotation"":0,""fontColor"":""#FFF"",""textContent"":""超會跨年""}]}","eecd2083-81ee-4e52-a4cf-fd6687bd002d"
"f79ddefb-63e8-4419-a4a6-4683403adce4","2024-12-31T19:36:22.705859+00:00","2024-12-31T19:36:22.705859+00:00",false,"0c9cbe45-7a95-42ba-9462-df082abce961","{""items"":[{""x"":0.6131390162876674,""y"":0.8837429330622406,""z"":1,""id"":""325bdce8-108c-44a7-b87e-e8bfe86cd674"",""type"":""text"",""width"":0,""height"":0,""fontSize"":0.01643192488262911,""fontType"":""Calibri-Bold"",""rotation"":0,""fontColor"":""#669bbc"",""textContent"":""這是什麼不熟的家族照""}]}","6eea90f5-325a-4ccf-aceb-3471c02914c0"
"79ba531c-e64b-4227-a9aa-e1940d2bde04","2025-01-01T11:18:06.427463+00:00","2025-01-01T11:18:06.427463+00:00",false,"a1eb8304-29c8-4cbe-b1f1-ab471519cada","{""items"":[{""x"":0.12383377036368877,""y"":0.6095461778237786,""z"":1,""id"":""5a0858b7-7297-43c1-b4f8-014e6020d222"",""type"":""text"",""width"":0,""height"":0,""fontSize"":0.017605633802816902,""fontType"":""Calibri"",""rotation"":0,""fontColor"":""#669bbc"",""textContent"":""鼎王鴨血好好吃！！我也愛詹記！""}]}","eecd2083-81ee-4e52-a4cf-fd6687bd002d"
"b4c56e4f-5946-43a3-ae6c-cf88b341b639","2025-01-01T04:38:53.327317+00:00","2025-01-01T04:38:53.942861+00:00",false,"b5c2560e-95e1-4332-b612-c49e99248cc4","{""items"":[{""x"":0.791880367963742,""y"":0.6496840562865632,""z"":1,""id"":""740340f6-d18c-4edf-b160-fb0fac10437f"",""type"":""text"",""width"":0,""height"":0,""fontSize"":0.015402843601895734,""fontType"":""Calibri"",""rotation"":0,""fontColor"":""#000"",""textContent"":""好像杰倫""}]}","2bdbc127-920a-432e-b1b6-1fa1ed6687a1"
"1aa9c1e2-7a50-4bbd-bc77-d7c69717b0a0","2025-01-01T13:14:57.704011+00:00","2025-01-01T13:14:57.704011+00:00",false,"f3e85955-9e34-4f21-8d15-cf9775ec906e","{""items"":[{""x"":0.3824786455203325,""y"":0.674565554795107,""z"":1,""id"":""98ac3c12-bab5-4217-a7ac-d05bc82cb21a"",""type"":""text"",""width"":0,""height"":0,""fontSize"":0.018957345971563982,""fontType"":""Calibri"",""rotation"":0,""fontColor"":""#669bbc"",""textContent"":""我也無法我好累""}]}","2bdbc127-920a-432e-b1b6-1fa1ed6687a1"
"84159617-49a8-440b-a219-c9bdf0b415b4","2025-01-01T15:25:59.289401+00:00","2025-01-01T15:25:59.289401+00:00",false,"f3e85955-9e34-4f21-8d15-cf9775ec906e","{""items"":[{""x"":0.3995726756560497,""y"":0.6864138960273345,""z"":1,""id"":""58fad1cb-4f18-4a77-ba07-ae26feec5e47"",""type"":""text"",""width"":0,""height"":0,""fontSize"":0.013033175355450236,""fontType"":""Calibri"",""rotation"":0,""fontColor"":""#FFF"",""textContent"":""我也🈚️ㄏㄨㄚˇ\n想休假了""}]}","a6300bac-4d56-49f3-9e9e-a3919a9bd8cf"
"babd3daf-f87e-47c8-a6bd-1b671575af99","2025-01-01T15:26:21.657328+00:00","2025-01-01T15:26:21.657328+00:00",false,"a1eb8304-29c8-4cbe-b1f1-ab471519cada","{""items"":[{""x"":0.15224765457269798,""y"":0.675665107691232,""z"":1,""id"":""9526da81-6d49-47ef-9096-952845c026e8"",""type"":""text"",""width"":0,""height"":0,""fontSize"":0.018779342723004695,""fontType"":""Calibri"",""rotation"":0,""fontColor"":""#000"",""textContent"":""昨天去鼎王說不定會遇到始源""}]}","a6300bac-4d56-49f3-9e9e-a3919a9bd8cf"
"a2ebe9a2-2b84-433a-a97e-50e5c2c6b212","2025-01-01T15:47:55.194126+00:00","2025-01-01T15:47:55.194126+00:00",false,"58928888-5023-4ebb-8e8e-6352241fef91","{""items"":[{""x"":0.13155558268229167,""y"":0.9511494378150978,""z"":1,""id"":""615c9b50-db82-4e22-b7e2-f0558a5783b6"",""type"":""text"",""width"":0,""height"":0,""fontSize"":0.017241379310344827,""fontType"":""Calibri"",""rotation"":0,""fontColor"":""#669bbc"",""textContent"":""你們這團的組成已經太多元""}]}","eecd2083-81ee-4e52-a4cf-fd6687bd002d"
"59212b88-3aef-4537-b2c6-e649c1c182dc","2025-01-01T17:12:42.987097+00:00","2025-01-01T17:12:42.987097+00:00",false,"0c9cbe45-7a95-42ba-9462-df082abce961","{""items"":[{""x"":0.35029683586295324,""y"":0.5438184782932621,""z"":1,""id"":""788a6a00-8eb0-4716-a36c-d9b1e0fd7ee2"",""type"":""text"",""width"":0,""height"":0,""fontSize"":0.018779342723004695,""fontType"":""Calibri"",""rotation"":0,""fontColor"":""#c1121f"",""textContent"":""你們好可愛🫶""}]}","632e3d17-8713-46e9-ab1b-604bfa3ce11f"
"564f08cc-2ef2-40bc-892f-c90e8a39785c","2025-01-01T17:14:03.764593+00:00","2025-01-01T17:14:03.764593+00:00",false,"9867e437-f374-4bcb-ad44-e324a7df2f43","{""items"":[{""x"":0.4784143209457397,""y"":0.3274245074552237,""z"":1,""id"":""70343029-273c-41e7-97e4-9a3f79348970"",""type"":""text"",""width"":0,""height"":0,""fontSize"":0.02134073191773144,""fontType"":""Calibri"",""rotation"":0,""fontColor"":""#669bbc"",""textContent"":""跨年加班寶辛苦了💦💦""}]}","632e3d17-8713-46e9-ab1b-604bfa3ce11f"
"e74dee95-5a2a-4d94-8c5c-dd9ac9104258","2025-01-01T17:14:50.70521+00:00","2025-01-01T17:14:50.70521+00:00",false,"d19abdf6-aaa9-479d-ba21-7983ab293efc","{""items"":[{""x"":0.6115555419921875,""y"":0.24958949723267204,""z"":1,""id"":""293cf802-db08-4b80-a551-f8a6f1638438"",""type"":""text"",""width"":0,""height"":0,""fontSize"":0.027093596059113302,""fontType"":""Calibri"",""rotation"":0,""fontColor"":""#c1121f"",""textContent"":""新帽子可愛""},{""x"":0.35555558268229165,""y"":0.6395730643436827,""z"":2,""id"":""31730522-8bfb-4393-b1e3-5d5f077c0ac6"",""type"":""text"",""width"":0,""height"":0,""fontSize"":0.022167487684729065,""fontType"":""Calibri"",""rotation"":0,""fontColor"":""#FFC300"",""textContent"":""新年快樂🎆🍾🎉🥰""}]}","632e3d17-8713-46e9-ab1b-604bfa3ce11f"
"cf375d72-4ed1-4e80-8ca3-378b9c098883","2025-01-01T17:16:41.556869+00:00","2025-01-01T17:16:42.093153+00:00",false,"f3e85955-9e34-4f21-8d15-cf9775ec906e","{""items"":[{""x"":0.24444447052784454,""y"":0.7298578199052133,""z"":1,""id"":""5254acdd-de72-4c91-a1ed-4c2558e9a725"",""type"":""text"",""width"":0,""height"":0,""fontSize"":0.016587677725118485,""fontType"":""Calibri"",""rotation"":0,""fontColor"":""#fdf0d5"",""textContent"":""明天上班加油 今天就好好休息🥺""}]}","632e3d17-8713-46e9-ab1b-604bfa3ce11f"
"8a345938-191d-4eb3-ba96-2d8bcbaa745e","2025-01-01T17:17:07.872313+00:00","2025-01-01T17:17:08.78986+00:00",false,"a1eb8304-29c8-4cbe-b1f1-ab471519cada","{""items"":[{""x"":0.15521628498727735,""y"":0.710093896713615,""z"":1,""id"":""1dda201f-ac97-432a-b888-2fee0c20ab6a"",""type"":""text"",""width"":0,""height"":0,""fontSize"":0.02112676056338028,""fontType"":""Calibri"",""rotation"":0,""fontColor"":""#c1121f"",""textContent"":""餓了 我也想吃火鍋""}]}","632e3d17-8713-46e9-ab1b-604bfa3ce11f"
"085fbe91-e0c3-4ca3-b3b3-b696ecd53987","2025-01-01T17:20:40.543799+00:00","2025-01-01T17:20:40.543799+00:00",false,"58928888-5023-4ebb-8e8e-6352241fef91","{""items"":[{""x"":0.25333333333333335,""y"":0.1362890046218346,""z"":1,""id"":""f894abc3-fd70-468a-bf97-a344c57f0423"",""type"":""text"",""width"":0,""height"":0,""fontSize"":0.023399014778325122,""fontType"":""Calibri"",""rotation"":0,""fontColor"":""#FFC300"",""textContent"":""水水認證🈶""},{""x"":0.12,""y"":0.6494252998840633,""z"":2,""id"":""4448322a-eabb-4de2-b102-5c3d4a18b369"",""type"":""text"",""width"":0,""height"":0,""fontSize"":0.019704433497536946,""fontType"":""Calibri"",""rotation"":0,""fontColor"":""#c1121f"",""textContent"":""好迷惑的一張照片""}]}","632e3d17-8713-46e9-ab1b-604bfa3ce11f"
"24f29f41-9338-4b83-865f-5465866e9e84","2025-01-01T17:42:20.226849+00:00","2025-01-01T17:42:20.226849+00:00",false,"f3e85955-9e34-4f21-8d15-cf9775ec906e","{""items"":[{""x"":0.39592175326504553,""y"":0.7708817122349,""z"":1,""id"":""fd593a3c-409c-4dc6-aa8d-71c583dee48e"",""type"":""text"",""width"":0,""height"":0,""fontSize"":0.017772511848341232,""fontType"":""Calibri"",""rotation"":0,""fontColor"":""#FFC300"",""textContent"":""好辛苦的大家 加油加油""}]}","6eea90f5-325a-4ccf-aceb-3471c02914c0"
"246e162d-a345-413f-8f54-38db265b215f","2025-01-01T17:43:56.399583+00:00","2025-01-01T17:43:56.399583+00:00",false,"58928888-5023-4ebb-8e8e-6352241fef91","{""items"":[{""x"":0.32525194004603797,""y"":0.17921324266169295,""z"":1,""id"":""c3c4eb35-daa4-46b5-9d3a-184da97a95e6"",""type"":""text"",""width"":0,""height"":0,""fontSize"":0.012315270935960592,""fontType"":""Calibri-Bold"",""rotation"":0,""fontColor"":""#FFC300"",""textContent"":""跨年我長痘痘哭""}]}","6eea90f5-325a-4ccf-aceb-3471c02914c0"
"261b9de4-f7b3-47ee-8f52-b5d15dfb85e7","2025-01-01T17:44:55.558515+00:00","2025-01-01T17:44:55.558515+00:00",false,"ce27ab79-353f-43a0-b7ac-bf9609c9b89b","{""items"":[{""x"":0.16060233203482718,""y"":0.368300655522537,""z"":1,""id"":""efe3379d-1a36-41fb-ae4b-d396a68d936b"",""type"":""text"",""width"":0,""height"":0,""fontSize"":0.017772511848341232,""fontType"":""Calibri-Bold"",""rotation"":0,""fontColor"":""#FFC300"",""textContent"":""等你回來🥹🥹\n我從韓國買的紀念品要給你感覺都要放到爛了""}]}","6eea90f5-325a-4ccf-aceb-3471c02914c0"
"424f2680-e1f1-4d15-b720-97fcb3ed2a35","2025-01-02T02:27:19.101759+00:00","2025-01-02T02:27:19.683843+00:00",false,"ce27ab79-353f-43a0-b7ac-bf9609c9b89b","{""items"":[{""x"":0.20042732434395033,""y"":0.4703791469194313,""z"":1,""id"":""aa132a28-e136-43cd-a24b-673b635567ad"",""type"":""text"",""width"":0,""height"":0,""fontSize"":0.017772511848341232,""fontType"":""Calibri-Bold"",""rotation"":0,""fontColor"":""#c1121f"",""textContent"":""我們應該不會又擦肩而過吧😍\n新年快樂！心想事成！健康平安！""}]}","a6300bac-4d56-49f3-9e9e-a3919a9bd8cf"
"368bb627-5fad-4171-a4d8-fb29f071b147","2025-01-02T02:27:43.323791+00:00","2025-01-02T02:27:43.323791+00:00",false,"028f05cc-5700-400a-b73e-1c45de96d047","{""items"":[{""x"":0.20538194444444444,""y"":0.5295631290027447,""z"":1,""id"":""3e3858dc-e1c8-45b7-aff1-c470a400c20c"",""type"":""text"",""width"":0,""height"":0,""fontSize"":0.020413998170173833,""fontType"":""Calibri"",""rotation"":0,""fontColor"":""#c1121f"",""textContent"":""這個交友模式我很喜歡\n看到了當沒看到""}]}","a6300bac-4d56-49f3-9e9e-a3919a9bd8cf"
"9b4eea45-f143-49ab-bebb-04dbab41a160","2025-01-02T02:28:24.991088+00:00","2025-01-02T02:28:32.782713+00:00",false,"957f7b6f-4d1d-45fd-ac67-410f2d5c8240","{""items"":[{""x"":0.42777780386117786,""y"":0.3471563981042654,""z"":1,""id"":""caa31881-394f-4c9e-ac80-b0ece810edc5"",""type"":""text"",""width"":0,""height"":0,""fontSize"":0.035545023696682464,""fontType"":""Calibri"",""rotation"":0,""fontColor"":""#c1121f"",""textContent"":""怎麼有點想去""},{""x"":0.051709414751101766,""y"":0.6180884555617779,""z"":2,""id"":""3f98acd1-910f-418c-be91-8b24d02f049f"",""type"":""text"",""width"":0,""height"":0,""fontSize"":0.02132701421800948,""fontType"":""Calibri"",""rotation"":0,""fontColor"":""#c1121f"",""textContent"":""我看到大家在\n時代廣場的跨年都好濕💧""}]}","a6300bac-4d56-49f3-9e9e-a3919a9bd8cf"
"b583641c-0f2f-4e76-8f79-c3240e3500ee","2025-01-01T15:17:57.327888+00:00","2025-01-02T02:28:56.307672+00:00",false,"b5c2560e-95e1-4332-b612-c49e99248cc4","{""items"":[{""x"":0.6089743589743589,""y"":0.6263822944243372,""z"":1,""id"":""dae73cf1-71c0-47dd-a1bd-65798dedd0cd"",""type"":""text"",""width"":0,""height"":0,""fontSize"":0.014218009478672985,""fontType"":""Calibri"",""rotation"":0,""fontColor"":""#FFF"",""textContent"":""杰倫宇宙""},{""x"":0.09871794871794871,""y"":0.8281990521327014,""z"":2,""id"":""f7968f92-0d0e-477c-a951-ab8bc23ddb40"",""type"":""text"",""width"":0,""height"":0,""fontSize"":0.016587677725118485,""fontType"":""Calibri-Bold"",""rotation"":0,""fontColor"":""#000"",""textContent"":""不可能每位外國人都要學青花瓷好好笑""}]}","a6300bac-4d56-49f3-9e9e-a3919a9bd8cf"
"c2e956ed-0b8a-4018-acb4-d126091ac757","2025-01-02T14:11:39.080618+00:00","2025-01-02T14:11:39.080618+00:00",false,"92932995-d062-4bd0-9c62-622496ab1bf9","{""items"":[{""x"":0.2906666666666667,""y"":0.9495073891625616,""z"":1,""id"":""8d0fefe9-88ee-460a-9193-a17421f28064"",""type"":""text"",""width"":0,""height"":0,""fontSize"":0.012315270935960592,""fontType"":""Calibri"",""rotation"":0,""fontColor"":""#669bbc"",""textContent"":""真的 我還會慢慢拆封 \n回國一年都還有驚喜（蛤）""}]}","eecd2083-81ee-4e52-a4cf-fd6687bd002d"
"9fad4f85-24db-499e-a8f9-621a9a851bce","2025-01-02T14:12:22.942991+00:00","2025-01-02T14:12:22.942991+00:00",false,"ce27ab79-353f-43a0-b7ac-bf9609c9b89b","{""items"":[{""x"":0.26495729104066507,""y"":0.5517377627404381,""z"":1,""id"":""df32c705-cd93-4b17-b6d1-b0a3f585403d"",""type"":""text"",""width"":0,""height"":0,""fontSize"":0.017772511848341232,""fontType"":""Calibri"",""rotation"":0,""fontColor"":""#669bbc"",""textContent"":""愛鄧🪑 今年得見面了吧""}]}","eecd2083-81ee-4e52-a4cf-fd6687bd002d"
"3e6abc66-2cc1-484e-aa7d-beaf36ab4466","2025-01-02T17:06:02.484158+00:00","2025-01-02T17:06:02.484158+00:00",false,"767267bb-ac03-4c20-9462-38c6adc8d95d","{""items"":[{""x"":0.11196578588241186,""y"":0.603475507401742,""z"":1,""id"":""47ca6f2a-3aac-40d1-a320-d9af716c6dce"",""type"":""text"",""width"":0,""height"":0,""fontSize"":0.014218009478672985,""fontType"":""Calibri"",""rotation"":0,""fontColor"":""#c1121f"",""textContent"":""期待看你變成辣富婆😍🤑""}]}","632e3d17-8713-46e9-ab1b-604bfa3ce11f"
"a76382c2-1fda-40c2-917c-05b636056c26","2025-01-02T17:07:20.560876+00:00","2025-01-02T17:07:20.560876+00:00",false,"92932995-d062-4bd0-9c62-622496ab1bf9","{""items"":[{""x"":0.055111083984375,""y"":0.8029556650246306,""z"":1,""id"":""2a21c4ca-e977-46fb-a753-229e8cd14762"",""type"":""text"",""width"":0,""height"":0,""fontSize"":0.013546798029556651,""fontType"":""Calibri"",""rotation"":0,""fontColor"":""#FFC300"",""textContent"":""牛奶果醬聽起來很好吃\n但到底有沒有果""}]}","632e3d17-8713-46e9-ab1b-604bfa3ce11f"
"c32a4fe2-a83e-48ab-88ae-a23fea71a4ab","2025-01-03T07:56:46.294726+00:00","2025-01-03T07:56:46.294726+00:00",false,"13f6587d-5f40-42b1-bdd4-2ee2f80cddc2","{""items"":[{""x"":0.5453051673623669,""y"":0.5057691246089535,""z"":1,""id"":""05ee5e7b-9825-449a-8a4e-97a683ad0507"",""type"":""text"",""width"":0,""height"":0,""fontSize"":0.017772511848341232,""fontType"":""Calibri-Bold"",""rotation"":0,""fontColor"":""#c1121f"",""textContent"":""情侶的情趣好難懂""}]}","6eea90f5-325a-4ccf-aceb-3471c02914c0"
"8eb8c45c-d2fb-4bd2-a8f2-480749c83548","2025-01-03T07:59:14.353065+00:00","2025-01-03T07:59:14.353065+00:00",false,"92932995-d062-4bd0-9c62-622496ab1bf9","{""items"":[{""x"":0.5624768723987398,""y"":0.3078627240733309,""z"":1,""id"":""d1cc7860-0607-4a56-940f-3c362f452f40"",""type"":""text"",""width"":0,""height"":0,""fontSize"":0.014778325123152709,""fontType"":""Calibri"",""rotation"":0,""fontColor"":""#FFC300"",""textContent"":""非常優美的文字""}]}","6eea90f5-325a-4ccf-aceb-3471c02914c0"
"3bffb043-8666-45f7-b1bf-64a23887b4be","2025-01-04T02:25:16.797159+00:00","2025-01-04T02:25:16.797159+00:00",false,"4036a040-d049-4e28-9e85-218c89866698","{""items"":[{""x"":0.5209490987989638,""y"":0.5199565416285452,""z"":1,""id"":""143b2cad-df36-400d-8778-5bdfe4cc196c"",""type"":""text"",""width"":0,""height"":0,""fontSize"":0.022815645013723695,""fontType"":""Calibri"",""rotation"":0,""fontColor"":""#000"",""textContent"":""五小時啞了啦😍""}]}","632e3d17-8713-46e9-ab1b-604bfa3ce11f"
"225324dc-eec6-481f-a6bd-055afe2fc570","2025-01-04T15:29:16.869572+00:00","2025-01-04T15:29:16.869572+00:00",false,"57515227-4e59-4166-8b10-92e91a7d84aa","{""items"":[{""x"":0.22777776473607772,""y"":0.6650868998884589,""z"":1,""id"":""4900e71e-914e-4165-a86e-c2c4ff5d6bb3"",""type"":""text"",""width"":0,""height"":0,""fontSize"":0.017772511848341232,""fontType"":""Calibri"",""rotation"":0,""fontColor"":""#c1121f"",""textContent"":""我今天也有好好做事\n希望你不要感冒\n在國外要照顧好自己唷""}]}","a6300bac-4d56-49f3-9e9e-a3919a9bd8cf"
"4920ef1e-1d5b-4c8b-8a1e-0507367c66b7","2025-01-04T15:30:44.361609+00:00","2025-01-04T15:30:44.361609+00:00",false,"4036a040-d049-4e28-9e85-218c89866698","{""items"":[{""x"":0.05792826546563042,""y"":0.3466377005267339,""z"":1,""id"":""baaf867d-b306-4c72-87aa-f2c290dcfbb7"",""type"":""text"",""width"":0,""height"":0,""fontSize"":0.01681152790484904,""fontType"":""Calibri"",""rotation"":0,""fontColor"":""#FFF"",""textContent"":""好喜歡他還很會自己加入的部分""},{""x"":0.5480902406904432,""y"":0.5579826044360106,""z"":2,""id"":""9ea5ee52-b767-43cc-899b-242d02c330c1"",""type"":""text"",""width"":0,""height"":0,""fontSize"":0.01681152790484904,""fontType"":""Calibri"",""rotation"":0,""fontColor"":""#FFF"",""textContent"":""好久沒唱歌""}]}","a6300bac-4d56-49f3-9e9e-a3919a9bd8cf"
"e3030796-ee9a-4c99-84f8-41e7464ff029","2025-01-04T15:30:55.531917+00:00","2025-01-04T15:30:55.531917+00:00",false,"13f6587d-5f40-42b1-bdd4-2ee2f80cddc2","{""items"":[{""x"":0.5491452730618991,""y"":0.43443918454138586,""z"":1,""id"":""072763f0-485a-489a-a338-4be076f4140e"",""type"":""text"",""width"":0,""height"":0,""fontSize"":0.023696682464454975,""fontType"":""Calibri"",""rotation"":0,""fontColor"":""#669bbc"",""textContent"":""男人我不懂""}]}","a6300bac-4d56-49f3-9e9e-a3919a9bd8cf"
"1f79fd09-970f-4a6d-a5c3-62adad2927ed","2025-01-04T15:37:20.171282+00:00","2025-01-04T15:37:20.171282+00:00",false,"9a4510a2-db8f-4e67-bee7-6e8d803abd8d","{""items"":[{""x"":0.31849025891330707,""y"":0.5532081317453877,""z"":1,""id"":""eb4da005-d9a0-4160-90e6-96f983f66cb7"",""type"":""text"",""width"":0,""height"":0,""fontSize"":0.02112676056338028,""fontType"":""Calibri-Bold"",""rotation"":0,""fontColor"":""#c1121f"",""textContent"":""哈嚕你好嗎 衷心感謝""}]}","a6300bac-4d56-49f3-9e9e-a3919a9bd8cf"
"940dbac0-cc7b-4775-bd01-849b27b7befd","2025-01-04T15:42:58.634269+00:00","2025-01-04T15:42:58.634269+00:00",false,"9a4510a2-db8f-4e67-bee7-6e8d803abd8d","{""items"":[{""x"":0.3240033797635377,""y"":0.5895931261805861,""z"":1,""id"":""4391a185-db22-4610-aece-fa0191b134b3"",""type"":""text"",""width"":0,""height"":0,""fontSize"":0.01995305164319249,""fontType"":""Calibri"",""rotation"":0,""fontColor"":""#c1121f"",""textContent"":""珍重再見""}]}","632e3d17-8713-46e9-ab1b-604bfa3ce11f"
"14902dd2-86d8-4828-8e72-5763adfece24","2025-01-08T03:31:05.433018+00:00","2025-01-08T03:31:05.433018+00:00",false,"b55d0bdb-0e6d-4d62-8fdb-5b72c610030b","{""items"":[{""x"":0.6470085730919471,""y"":0.5410742556314333,""z"":1,""id"":""d5b7ca25-e0dc-4dbe-a39c-147e1edfd700"",""type"":""text"",""width"":0,""height"":0,""fontSize"":0.014218009478672985,""fontType"":""Calibri"",""rotation"":0,""fontColor"":""#c1121f"",""textContent"":""吉普力居然沒流量\n台灣人怎麼了""}]}","632e3d17-8713-46e9-ab1b-604bfa3ce11f"
"0ff314aa-3f1c-4b8b-beeb-376558d3271c","2025-01-04T15:47:17.57539+00:00","2025-01-04T15:47:17.57539+00:00",false,"4ac670e6-f118-4acf-91ca-983e28dd5356","{""items"":[{""x"":0.6337777913411459,""y"":0.2229064039408867,""z"":5,""id"":""e36f430a-b59a-467f-a383-94b085467a27"",""type"":""text"",""width"":0,""height"":0,""fontSize"":0.07512315270935961,""fontType"":""Calibri"",""rotation"":0,""fontColor"":""#000"",""textContent"":""🦕""},{""x"":0.52,""y"":0.5197044334975369,""z"":2,""id"":""8e7e15dd-55db-4349-9e40-86aad10a54de"",""type"":""text"",""width"":0,""height"":0,""fontSize"":0.03694581280788178,""fontType"":""Calibri"",""rotation"":0,""fontColor"":""#000"",""textContent"":""""},{""x"":0.039111083984375,""y"":0.6814449855259487,""z"":3,""id"":""09f8fc95-e014-43be-bf8b-b594f9ce1005"",""type"":""text"",""width"":0,""height"":0,""fontSize"":0.012315270935960592,""fontType"":""Calibri-Bold"",""rotation"":0,""fontColor"":""#c1121f"",""textContent"":""我當初剛來紐約時吃一家拉麵\n被鹹到快發瘋\n但我朋友也是覺得剛剛好很好吃\n所以你不孤單""},{""x"":0.6186666666666667,""y"":0.8489326890466249,""z"":6,""id"":""62e46992-4143-4771-810d-788e3523bfec"",""type"":""text"",""width"":0,""height"":0,""fontSize"":0.01847290640394089,""fontType"":""Calibri"",""rotation"":0,""fontColor"":""#c1121f"",""textContent"":""好棒！祝你順利🥰""}]}","632e3d17-8713-46e9-ab1b-604bfa3ce11f"
"df5b7b77-328b-4fec-8b2d-c02d2e824460","2025-01-05T16:00:55.790393+00:00","2025-01-05T16:00:55.790393+00:00",false,"86794e08-e291-4b1d-beb9-c45414556411","{""items"":[{""x"":0.6196176220121838,""y"":0.7527696259167729,""z"":1,""id"":""d9258343-a032-4b81-a3e6-ba0c7d4cfe81"",""type"":""text"",""width"":0,""height"":0,""fontSize"":0.017241379310344827,""fontType"":""Calibri"",""rotation"":0,""fontColor"":""#c1121f"",""textContent"":""給我偷約😍""}]}","6eea90f5-325a-4ccf-aceb-3471c02914c0"
"2228d204-239a-44a3-a340-ab219731e2a2","2025-01-05T16:03:22.109283+00:00","2025-01-05T16:03:22.746953+00:00",false,"9a4510a2-db8f-4e67-bee7-6e8d803abd8d","{""items"":[{""x"":0.48724741573465474,""y"":0.6292140277578557,""z"":1,""id"":""e849b594-f983-45b3-abb3-26a8e835057b"",""type"":""text"",""width"":0,""height"":0,""fontSize"":0.022300469483568074,""fontType"":""Calibri-Bold"",""rotation"":0,""fontColor"":""#FFC300"",""textContent"":""期待再相逢""}]}","6eea90f5-325a-4ccf-aceb-3471c02914c0"
"5e37c544-af9c-4cc7-aaa5-1eca5dbd8010","2025-01-05T16:03:50.728737+00:00","2025-01-05T16:03:55.074757+00:00",false,"fcf0abc7-55e5-4c88-9058-6802e3c21df0","{""items"":[{""x"":0.5403935432434082,""y"":0.8954140042778775,""z"":1,""id"":""a63f584e-84ef-40ae-b08f-263978638528"",""type"":""text"",""width"":0,""height"":0,""fontSize"":0.01801235132662397,""fontType"":""Calibri"",""rotation"":0,""fontColor"":""#FFC300"",""textContent"":""你是五迷""}]}","eecd2083-81ee-4e52-a4cf-fd6687bd002d"
"7b8ba39c-9dca-4c8c-b8c5-ed53f24692da","2025-01-05T16:04:32.767673+00:00","2025-01-05T16:04:33.545526+00:00",false,"66733d44-8ca6-4cb4-a88a-d15057602f99","{""items"":[{""x"":0.19154702956266295,""y"":0.5635051595995464,""z"":1,""id"":""6fa69164-cc14-4bcf-a093-0e095f578e83"",""type"":""text"",""width"":0,""height"":0,""fontSize"":0.017772511848341232,""fontType"":""Calibri-Bold"",""rotation"":0,""fontColor"":""#FFC300"",""textContent"":""這張照片看起來好像眉毛連起來（亂講）""}]}","6eea90f5-325a-4ccf-aceb-3471c02914c0"
"b12e19f0-2aea-452b-bf6e-55046fc2ff39","2025-01-05T16:05:58.678806+00:00","2025-01-05T16:05:59.826225+00:00",false,"fcf0abc7-55e5-4c88-9058-6802e3c21df0","{""items"":[{""x"":0.08263888888888889,""y"":0.7381061360253616,""z"":1,""id"":""6f91a8ec-48ff-42c9-ab48-26b37f81970b"",""type"":""text"",""width"":0,""height"":0,""fontSize"":0.0192131747483989,""fontType"":""Calibri"",""rotation"":0,""fontColor"":""#FFC300"",""textContent"":""好可愛 想捏""},{""x"":0.10856479008992513,""y"":0.18692818543066808,""z"":2,""id"":""9dfe2dfe-da2f-456f-89e1-33c820c3ad8f"",""type"":""text"",""width"":0,""height"":0,""fontSize"":0.03602470265324794,""fontType"":""Calibri"",""rotation"":0,""fontColor"":""#FFC300"",""textContent"":""可愛😍""}]}","632e3d17-8713-46e9-ab1b-604bfa3ce11f"
"5755200d-aa0e-4db1-8744-93960157ef28","2025-01-05T16:04:44.466763+00:00","2025-01-05T16:04:52.027158+00:00",false,"4ac670e6-f118-4acf-91ca-983e28dd5356","{""items"":[{""x"":0.568,""y"":0.9548440003042737,""z"":1,""id"":""c48a36b8-60db-4fd4-88eb-0863af2c2c04"",""type"":""text"",""width"":0,""height"":0,""fontSize"":0.020935960591133004,""fontType"":""Calibri"",""rotation"":0,""fontColor"":""#669bbc"",""textContent"":""你hen 厲害""}]}","eecd2083-81ee-4e52-a4cf-fd6687bd002d"
"a31cad09-d977-4b93-a3c9-3c5f340201fe","2025-01-08T01:15:05.841823+00:00","2025-01-08T01:15:06.402856+00:00",false,"3d0427b5-bad8-4f3e-9e62-16068074a513","{""items"":[{""x"":0.19829058524889823,""y"":0.679304891287998,""z"":1,""id"":""789f3c30-6b3d-4f8b-8bbe-b317ea1545dc"",""type"":""text"",""width"":0,""height"":0,""fontSize"":0.02014218009478673,""fontType"":""Calibri"",""rotation"":0,""fontColor"":""#669bbc"",""textContent"":""太幸福了 超讚ㄉ""}]}","eecd2083-81ee-4e52-a4cf-fd6687bd002d"
"516e4487-9fb4-4a11-8230-56fb98fc26a1","2025-01-05T17:06:18.451186+00:00","2025-01-05T17:06:18.451186+00:00",false,"a9955a7f-43b6-405c-b1de-a83ee28ce7d7","{""items"":[{""x"":0.5905983166816907,""y"":0.6050552982854617,""z"":1,""id"":""afcaa05c-03da-4bd3-8bb2-0ce7fce2bc51"",""type"":""text"",""width"":0,""height"":0,""fontSize"":0.018957345971563982,""fontType"":""Calibri"",""rotation"":0,""fontColor"":""#c1121f"",""textContent"":""狗勾！！""},{""x"":0.6897435897435897,""y"":0.36176936434343526,""z"":2,""id"":""0e7c26b7-70b2-4dcb-8a0e-090a5535392f"",""type"":""text"",""width"":0,""height"":0,""fontSize"":0.02132701421800948,""fontType"":""Calibri"",""rotation"":0,""fontColor"":""#FFC300"",""textContent"":""結果買哪雙""}]}","632e3d17-8713-46e9-ab1b-604bfa3ce11f"
"bec8b773-d268-4523-ab87-05b2485a0ad5","2025-01-05T20:00:20.696951+00:00","2025-01-05T20:00:20.696951+00:00",false,"66733d44-8ca6-4cb4-a88a-d15057602f99","{""items"":[{""x"":0.4807692307692308,""y"":0.48104265402843605,""z"":1,""id"":""338d33f8-06a2-4ff6-a8b8-94065e75f8a8"",""type"":""text"",""width"":0,""height"":0,""fontSize"":0.035545023696682464,""fontType"":""Calibri"",""rotation"":0,""fontColor"":""#000"",""textContent"":""""},{""x"":0.18846153846153846,""y"":0.5983412322274881,""z"":2,""id"":""760152e5-b49d-41cd-9298-121e05523d73"",""type"":""text"",""width"":0,""height"":0,""fontSize"":0.024881516587677725,""fontType"":""Calibri-Bold"",""rotation"":0,""fontColor"":""#000"",""textContent"":""你太棒了\n我很像直男但還是要跟你說\n多喝熱水""}]}","a6300bac-4d56-49f3-9e9e-a3919a9bd8cf"
"3b7166fa-47d6-464a-9801-6c18c8c6d7b3","2025-01-05T20:01:29.991707+00:00","2025-01-05T20:01:29.991707+00:00",false,"fcf0abc7-55e5-4c88-9058-6802e3c21df0","{""items"":[{""x"":0.22239583333333332,""y"":0.9006175663311985,""z"":1,""id"":""a93a2bb5-1df1-4909-9b35-e13bc5012ea8"",""type"":""text"",""width"":0,""height"":0,""fontSize"":0.013209057639524244,""fontType"":""Calibri"",""rotation"":0,""fontColor"":""#FFF"",""textContent"":""其實蠻可愛的""},{""x"":0.1438078827328152,""y"":0.4058783165599268,""z"":2,""id"":""5b2ad359-eba7-4049-95e9-0274991dda6f"",""type"":""text"",""width"":0,""height"":0,""fontSize"":0.03602470265324794,""fontType"":""Calibri"",""rotation"":0,""fontColor"":""#fdf0d5"",""textContent"":""圖上全部打包回家""}]}","a6300bac-4d56-49f3-9e9e-a3919a9bd8cf"
"2baa1490-f7bc-47f9-bc15-e6f5ae18c3b0","2025-01-09T07:00:17.952769+00:00","2025-01-09T07:00:17.952769+00:00",false,"e04ee120-5a56-414f-9b22-f6142a7a14d3","{""items"":[{""x"":0.5116319444444444,""y"":0.2785910338517841,""z"":1,""id"":""f8084724-4726-4601-8e06-e7da56ad0992"",""type"":""text"",""width"":0,""height"":0,""fontSize"":0.03602470265324794,""fontType"":""Calibri-Bold"",""rotation"":0,""fontColor"":""#FFC300"",""textContent"":""蕉頭爛額""}]}","a6300bac-4d56-49f3-9e9e-a3919a9bd8cf"
"4dd0cc88-ef71-41c2-a3e4-44714b5d8c21","2025-01-05T20:03:13.38453+00:00","2025-01-05T20:03:13.38453+00:00",false,"a9955a7f-43b6-405c-b1de-a83ee28ce7d7","{""items"":[{""x"":0.555982892941206,""y"":0.6350710900473934,""z"":1,""id"":""865d949f-3561-4757-befb-aa2c53f5f4cc"",""type"":""text"",""width"":0,""height"":0,""fontSize"":0.022511848341232227,""fontType"":""Calibri"",""rotation"":0,""fontColor"":""#FFF"",""textContent"":""狗狗愛""},{""x"":0.6158119788536659,""y"":0.3285939908140644,""z"":2,""id"":""2a927b9e-93d8-4332-a4b4-7e2f7c50126e"",""type"":""text"",""width"":0,""height"":0,""fontSize"":0.013033175355450236,""fontType"":""Calibri-Bold"",""rotation"":0,""fontColor"":""#c1121f"",""textContent"":""請圈出你買的腳""},{""x"":0.22606838911007612,""y"":0.670221175062713,""z"":3,""id"":""28eac2a7-935d-4201-b312-54d36e4eb7c3"",""type"":""text"",""width"":0,""height"":0,""fontSize"":0.02014218009478673,""fontType"":""Calibri"",""rotation"":0,""fontColor"":""#000"",""textContent"":""這個草莓的看起來也太像\n小魔女Doremi裡面那顆草莓蛋糕😍""}]}","a6300bac-4d56-49f3-9e9e-a3919a9bd8cf"
"60809f05-ccf0-45d9-a4d6-638659d67949","2025-01-06T08:45:00.089637+00:00","2025-01-06T08:45:00.089637+00:00",false,"a9955a7f-43b6-405c-b1de-a83ee28ce7d7","{""items"":[{""x"":0.6713675083258213,""y"":0.3902053652216473,""z"":1,""id"":""d9a5a17a-8d5b-4b98-aba4-3a50c3594c24"",""type"":""text"",""width"":0,""height"":0,""fontSize"":0.016587677725118485,""fontType"":""Calibri"",""rotation"":0,""fontColor"":""#c1121f"",""textContent"":""結果是什麼都沒買""}]}","2bdbc127-920a-432e-b1b6-1fa1ed6687a1"
"d92dbd0f-22cd-4e81-aefc-ed798d646cd3","2025-01-06T14:07:37.928788+00:00","2025-01-06T14:07:37.928788+00:00",false,"901bd09d-3118-44ed-a32f-54d8bb9219de","{""items"":[{""x"":0.3257352165250115,""y"":0.7385422455433178,""z"":1,""id"":""b4d0fd2a-c840-45e8-bcd9-de988c60a2c1"",""type"":""text"",""width"":0,""height"":0,""fontSize"":0.018957345971563982,""fontType"":""Calibri"",""rotation"":0,""fontColor"":""#FFC300"",""textContent"":""Yoyodeng 可以出畫圖直播嗎""}]}","6eea90f5-325a-4ccf-aceb-3471c02914c0"
"620a4ced-9c62-4c06-b059-2082c9d57142","2025-01-06T17:18:54.44168+00:00","2025-01-06T17:18:54.44168+00:00",false,"edc3539d-a720-4c05-a751-5637a8289b09","{""items"":[{""x"":0.12476854324340819,""y"":0.6012122659430194,""z"":1,""id"":""8eef6447-edb3-4e48-8dd2-e84319e17e80"",""type"":""text"",""width"":0,""height"":0,""fontSize"":0.022815645013723695,""fontType"":""Calibri"",""rotation"":0,""fontColor"":""#c1121f"",""textContent"":""是牛排嗎 吃一波""}]}","632e3d17-8713-46e9-ab1b-604bfa3ce11f"
"ef39f20d-8d33-46fc-88e9-4f7a90006995","2025-01-06T07:03:46.317043+00:00","2025-01-06T17:19:21.662399+00:00",false,"edd60c3a-bda9-4f39-b228-301c78bdf485","{""items"":[{""x"":0.6293333333333333,""y"":0.39285714285714285,""z"":1,""id"":""da82e984-6dcf-4ad4-a927-90f91899ca61"",""type"":""text"",""width"":0,""height"":0,""fontSize"":0.020935960591133004,""fontType"":""Calibri"",""rotation"":0,""fontColor"":""#c1121f"",""textContent"":""看起來好香""},{""x"":0.408,""y"":0.7323480991307151,""z"":2,""id"":""213028f7-970d-4bf7-bb89-fcb5d69c1874"",""type"":""text"",""width"":0,""height"":0,""fontSize"":0.020935960591133004,""fontType"":""Calibri"",""rotation"":0,""fontColor"":""#669bbc"",""textContent"":""我需要詳解分享""}]}","632e3d17-8713-46e9-ab1b-604bfa3ce11f"
"11d2cce8-7f71-408f-8414-d8d78fb2897d","2025-01-06T23:31:31.392675+00:00","2025-01-06T23:31:31.908658+00:00",false,"901bd09d-3118-44ed-a32f-54d8bb9219de","{""items"":[{""x"":0.191025641025641,""y"":0.7902843601895735,""z"":1,""id"":""47dfbcc6-93ea-4e2c-a03a-33f7a73563d9"",""type"":""text"",""width"":0,""height"":0,""fontSize"":0.023696682464454975,""fontType"":""Calibri"",""rotation"":0,""fontColor"":""#c1121f"",""textContent"":""還是你邊直播\n我邊上班（加班）""}]}","a6300bac-4d56-49f3-9e9e-a3919a9bd8cf"
"f1d50ff1-c6c8-4353-82bc-06f3d285b438","2025-01-06T23:31:52.058831+00:00","2025-01-06T23:31:52.624712+00:00",false,"1ee628a4-15f9-4b9c-89e2-cc5633b6d127","{""items"":[{""x"":0.21239314935146233,""y"":0.6109794689015755,""z"":1,""id"":""3aa3f188-f2d0-49c0-8b77-938b1a7da741"",""type"":""text"",""width"":0,""height"":0,""fontSize"":0.02132701421800948,""fontType"":""Calibri"",""rotation"":0,""fontColor"":""#c1121f"",""textContent"":""好羨慕 想看雪""},{""x"":0.36025641025641025,""y"":0.646524474519124,""z"":2,""id"":""f2ea5b7c-188d-427b-8efa-6169a70c1571"",""type"":""text"",""width"":0,""height"":0,""fontSize"":0.035545023696682464,""fontType"":""Calibri"",""rotation"":0,""fontColor"":""#FFC300"",""textContent"":""大羨慕""}]}","a6300bac-4d56-49f3-9e9e-a3919a9bd8cf"
"08cbf5b0-dffb-4bfb-ba94-3ff333df3e55","2025-01-06T23:32:46.838876+00:00","2025-01-06T23:32:46.838876+00:00",false,"edc3539d-a720-4c05-a751-5637a8289b09","{""items"":[{""x"":0.21348378393385145,""y"":0.6328339432753888,""z"":1,""id"":""436a753f-c8b0-4580-9ef4-83b5312f00d6"",""type"":""text"",""width"":0,""height"":0,""fontSize"":0.020413998170173833,""fontType"":""Calibri"",""rotation"":0,""fontColor"":""#c1121f"",""textContent"":""超好笑\n我們家説想看五月天\n也可以麻煩你嗎""}]}","a6300bac-4d56-49f3-9e9e-a3919a9bd8cf"
"da8b7cda-0161-4dbb-ad55-08150ff68d4b","2025-01-07T03:38:42.699511+00:00","2025-01-07T03:38:42.699511+00:00",false,"458b70ea-5e4d-40ec-aecb-8fc7456f60e5","{""items"":[{""x"":0.136,""y"":0.62479473922053,""z"":1,""id"":""c457beee-b8d6-420d-8561-66474dee00b3"",""type"":""text"",""width"":0,""height"":0,""fontSize"":0.019704433497536946,""fontType"":""Calibri"",""rotation"":0,""fontColor"":""#c1121f"",""textContent"":""國小同學再聯絡上好珍貴！\n自己畫卡片也好溫暖""}]}","632e3d17-8713-46e9-ab1b-604bfa3ce11f"
"1547f813-13f4-41c4-b841-5736e523801a","2025-01-07T15:20:21.946254+00:00","2025-01-07T15:20:21.946254+00:00",false,"95af4169-a2bc-4d8d-ba43-0954ea3d5142","{""items"":[{""x"":0.15379990350632441,""y"":0.34713867799569653,""z"":1,""id"":""5e1879c2-9cda-4769-893b-ea681d64100c"",""type"":""text"",""width"":0,""height"":0,""fontSize"":0.017241379310344827,""fontType"":""Calibri"",""rotation"":0,""fontColor"":""#FFC300"",""textContent"":""朋友的字也太可愛""}]}","6eea90f5-325a-4ccf-aceb-3471c02914c0"
"90f1d2ce-e3a7-40cb-b661-b77a859ae43b","2025-01-07T15:26:07.001918+00:00","2025-01-07T15:26:07.001918+00:00",false,"458b70ea-5e4d-40ec-aecb-8fc7456f60e5","{""items"":[{""x"":0.3022222086588542,""y"":0.7114121573311942,""z"":1,""id"":""1c124a71-fd2a-4d43-9d87-6334bbe8e5cd"",""type"":""text"",""width"":0,""height"":0,""fontSize"":0.013546798029556651,""fontType"":""Calibri"",""rotation"":0,""fontColor"":""#000"",""textContent"":""自己畫的真的太溫馨""}]}","eecd2083-81ee-4e52-a4cf-fd6687bd002d"
"b7b07624-b194-4522-a719-3f002597574b","2025-01-07T15:35:53.366082+00:00","2025-01-07T15:35:53.366082+00:00",false,"b55d0bdb-0e6d-4d62-8fdb-5b72c610030b","{""items"":[{""x"":0.1773504403921274,""y"":0.3811216309172282,""z"":1,""id"":""baeb22fe-5e39-4c04-938e-dc8151fdd5ed"",""type"":""text"",""width"":0,""height"":0,""fontSize"":0.02014218009478673,""fontType"":""Calibri"",""rotation"":0,""fontColor"":""#FFF"",""textContent"":""卡哇伊死ㄚ好想去\n需要休假""}]}","a6300bac-4d56-49f3-9e9e-a3919a9bd8cf"
"3abe8741-45c7-4e73-8814-bb584fc94410","2025-01-07T15:36:29.708798+00:00","2025-01-07T15:36:29.708798+00:00",false,"cb8c12a4-0da4-4025-878c-4697242a60cd","{""items"":[{""x"":0.16325232717725965,""y"":0.6432410673820307,""z"":1,""id"":""80bf2484-3091-43cf-af41-ea675e5e2b2d"",""type"":""text"",""width"":0,""height"":0,""fontSize"":0.0192131747483989,""fontType"":""Calibri"",""rotation"":0,""fontColor"":""#000"",""textContent"":""我下週一二也要出差\nㄏ 大哭😭""},{""x"":0.5594328827328152,""y"":0.6344350350633849,""z"":2,""id"":""a2040902-2429-425a-8aa1-0f493fc2d4f7"",""type"":""text"",""width"":0,""height"":0,""fontSize"":0.020413998170173833,""fontType"":""Calibri-Bold"",""rotation"":0,""fontColor"":""#c1121f"",""textContent"":""真的沒有比得上的""}]}","a6300bac-4d56-49f3-9e9e-a3919a9bd8cf"
"643f6508-6da0-4208-855f-61378bca20dd","2025-01-08T03:31:54.060518+00:00","2025-01-08T03:31:54.060518+00:00",false,"cb8c12a4-0da4-4025-878c-4697242a60cd","{""items"":[{""x"":0.5322916295793321,""y"":0.541571363220494,""z"":1,""id"":""35f69fc2-2589-4d1f-aeb1-7a999dc7539e"",""type"":""text"",""width"":0,""height"":0,""fontSize"":0.021614821591948764,""fontType"":""Calibri"",""rotation"":0,""fontColor"":""#669bbc"",""textContent"":""這看起來好好吃…""},{""x"":0.14340277777777777,""y"":0.59160567856882,""z"":2,""id"":""249dc5a8-6cd9-45c4-9456-31ecd5a344fc"",""type"":""text"",""width"":0,""height"":0,""fontSize"":0.020413998170173833,""fontType"":""Calibri"",""rotation"":0,""fontColor"":""#FFC300"",""textContent"":""在家睡覺+1""}]}","632e3d17-8713-46e9-ab1b-604bfa3ce11f"
"1f070445-0c70-4571-bf41-4881cb2119e6","2025-01-08T03:32:35.02591+00:00","2025-01-08T03:32:57.451492+00:00",false,"95af4169-a2bc-4d8d-ba43-0954ea3d5142","{""items"":[{""x"":0.231111083984375,""y"":0.31403940886699505,""z"":1,""id"":""dcd0dd97-7ddd-457a-8b8d-a6799a3e61d3"",""type"":""text"",""width"":0,""height"":0,""fontSize"":0.020935960591133004,""fontType"":""Calibri"",""rotation"":0,""fontColor"":""#c1121f"",""textContent"":""好大一包""},{""x"":0.38666666666666666,""y"":0.7192118226600985,""z"":2,""id"":""a64143d2-4a87-4be9-b85e-9f8b00488df7"",""type"":""text"",""width"":0,""height"":0,""fontSize"":0.020935960591133004,""fontType"":""Calibri"",""rotation"":0,""fontColor"":""#FFF"",""textContent"":""我今天突然超想吃拉麵\n羨慕了""}]}","632e3d17-8713-46e9-ab1b-604bfa3ce11f"
"9ee6eaf6-288a-4738-b9e9-a5132051fa10","2025-01-08T13:14:40.721341+00:00","2025-01-08T13:14:40.721341+00:00",false,"aa2cc884-b950-472d-a62a-ef793ff5ea6e","{""items"":[{""x"":0.19720101781170485,""y"":0.5559467799227003,""z"":1,""id"":""b33eecd7-d5ad-4868-9dc9-ad0876395a80"",""type"":""text"",""width"":0,""height"":0,""fontSize"":0.018779342723004695,""fontType"":""Calibri-Bold"",""rotation"":0,""fontColor"":""#c1121f"",""textContent"":""我覺得摩斯漢堡是不是變小\n我也要吃兩個""}]}","a6300bac-4d56-49f3-9e9e-a3919a9bd8cf"
"4a3d0fab-4e5c-4d6f-a416-f84d05446516","2025-01-08T13:15:07.294142+00:00","2025-01-08T13:15:07.294142+00:00",false,"3d0427b5-bad8-4f3e-9e62-16068074a513","{""items"":[{""x"":0.3217948717948718,""y"":0.6496840382074293,""z"":1,""id"":""6eebf31d-3207-4da8-9024-88a7fb1b065b"",""type"":""text"",""width"":0,""height"":0,""fontSize"":0.014218009478672985,""fontType"":""Calibri-Bold"",""rotation"":0,""fontColor"":""#c1121f"",""textContent"":""太好了 他是你嘴巴的模樣""}]}","a6300bac-4d56-49f3-9e9e-a3919a9bd8cf"
"0b3c59aa-493d-4abb-b463-fb732ed3e29a","2025-01-08T16:23:03.8172+00:00","2025-01-08T16:23:03.8172+00:00",false,"aa2cc884-b950-472d-a62a-ef793ff5ea6e","{""items"":[{""x"":0.11111108522682094,""y"":0.6443661971830986,""z"":1,""id"":""bfed8643-c164-4788-9a72-258576dea6a9"",""type"":""text"",""width"":0,""height"":0,""fontSize"":0.02112676056338028,""fontType"":""Calibri"",""rotation"":0,""fontColor"":""#669bbc"",""textContent"":""是摩斯真的很小 但我還是愛他 因為雞塊""}]}","eecd2083-81ee-4e52-a4cf-fd6687bd002d"
"bfbff847-4927-47f2-9407-fcf4d37cbf5d","2025-01-08T16:23:23.304806+00:00","2025-01-08T16:23:23.304806+00:00",false,"7dc87a6d-5c2d-4e82-982e-f71feb612d5f","{""items"":[{""x"":0.6595555419921875,""y"":0.25492610837438423,""z"":1,""id"":""f6b157ad-7a34-4770-8a12-085f297a8a22"",""type"":""text"",""width"":0,""height"":0,""fontSize"":0.01600985221674877,""fontType"":""Calibri"",""rotation"":0,""fontColor"":""#669bbc"",""textContent"":""阿彌陀佛""}]}","eecd2083-81ee-4e52-a4cf-fd6687bd002d"
"9d30ea3a-5c4c-4d82-a252-bee4e5ccd1eb","2025-01-08T17:01:51.093658+00:00","2025-01-08T17:01:51.093658+00:00",false,"ae1ef296-067c-452c-82da-83ae140aa9b6","{""items"":[{""x"":0.4622804222526131,""y"":0.5064330039673265,""z"":1,""id"":""78b04721-da87-4cc7-9479-a37168cdded7"",""type"":""text"",""width"":0,""height"":0,""fontSize"":0.022511848341232227,""fontType"":""Calibri"",""rotation"":0,""fontColor"":""#c1121f"",""textContent"":""幹笑死 用日記許願""}]}","6eea90f5-325a-4ccf-aceb-3471c02914c0"
"ccde207a-3ff4-4982-9934-b94f29b0a34d","2025-01-09T04:38:08.833601+00:00","2025-01-09T04:38:08.833601+00:00",false,"7dc87a6d-5c2d-4e82-982e-f71feb612d5f","{""items"":[{""x"":0.5373333536783854,""y"":0.2863300586568898,""z"":1,""id"":""a3392ee9-4041-46dd-9884-54b8f540ed98"",""type"":""text"",""width"":0,""height"":0,""fontSize"":0.021684620432951548,""fontType"":""Calibri"",""rotation"":0,""fontColor"":""#000"",""textContent"":""阿彌陀佛㊗️🉐🈵""}]}","632e3d17-8713-46e9-ab1b-604bfa3ce11f"
"70ebebe3-f026-448f-815e-1d7ae26bef81","2025-01-09T04:39:04.372314+00:00","2025-01-09T04:39:04.372314+00:00",false,"24bbef7d-0c41-4f0b-af01-3d085dbc6c4e","{""items"":[{""x"":0.44641201231214733,""y"":0.78653934126258,""z"":1,""id"":""65306ae5-6920-459c-877b-714cc5449899"",""type"":""text"",""width"":0,""height"":0,""fontSize"":0.014409881061299175,""fontType"":""Calibri"",""rotation"":0,""fontColor"":""#c1121f"",""textContent"":""草莓哈根達斯好羨慕\n有聽說新加坡物價很可怕\n可能這是好吃冰淇淋的代價🥲""}]}","632e3d17-8713-46e9-ab1b-604bfa3ce11f"
"e5c33eeb-6513-479b-ba08-921641be7585","2025-01-09T04:39:50.949038+00:00","2025-01-09T04:39:50.949038+00:00",false,"aa2cc884-b950-472d-a62a-ef793ff5ea6e","{""items"":[{""x"":0.24257844337676923,""y"":0.6967918682546123,""z"":1,""id"":""4ebdea2d-f3a9-4b88-a984-90cca79763ee"",""type"":""text"",""width"":0,""height"":0,""fontSize"":0.018779342723004695,""fontType"":""Calibri"",""rotation"":0,""fontColor"":""#c1121f"",""textContent"":""我好想念摩斯😭😭""}]}","632e3d17-8713-46e9-ab1b-604bfa3ce11f"
"32e50872-a9ef-4108-afc3-b86039ad2fa6","2025-01-09T04:40:27.879533+00:00","2025-01-09T04:40:27.879533+00:00",false,"ae1ef296-067c-452c-82da-83ae140aa9b6","{""items"":[{""x"":0.41709403013571716,""y"":0.5588467494006405,""z"":1,""id"":""ce050795-d17e-4435-bd33-4acab1ecae2d"",""type"":""text"",""width"":0,""height"":0,""fontSize"":0.017772511848341232,""fontType"":""Calibri"",""rotation"":0,""fontColor"":""#669bbc"",""textContent"":""佛系更新的女人""}]}","632e3d17-8713-46e9-ab1b-604bfa3ce11f"
"7923bd88-cd74-4721-a1f7-afdd5e1abe9a","2025-01-09T05:54:19.670929+00:00","2025-01-09T05:54:19.670929+00:00",false,"b2ea7a74-6350-474a-90b4-7f2b9e1eca92","{""items"":[{""x"":0.09086794451479512,""y"":0.723035609633356,""z"":1,""id"":""ea8471b0-c864-46bd-bd1a-198d88fb8629"",""type"":""text"",""width"":0,""height"":0,""fontSize"":0.011848341232227487,""fontType"":""Calibri-Bold"",""rotation"":0,""fontColor"":""#FFF"",""textContent"":""驚悚類我只好微笑下一位""}]}","6eea90f5-325a-4ccf-aceb-3471c02914c0"
"e121b1dc-98a9-4d61-8cca-a1be9bdcacef","2025-01-09T06:59:16.900427+00:00","2025-01-09T06:59:16.900427+00:00",false,"b2ea7a74-6350-474a-90b4-7f2b9e1eca92","{""items"":[{""x"":0.08931622627453926,""y"":0.6777251184834123,""z"":1,""id"":""301e931b-32de-4198-a2bc-229bfed4e1cb"",""type"":""text"",""width"":0,""height"":0,""fontSize"":0.024881516587677725,""fontType"":""Calibri-Bold"",""rotation"":0,""fontColor"":""#c1121f"",""textContent"":""驚悚類馬上加入片單""}]}","a6300bac-4d56-49f3-9e9e-a3919a9bd8cf"
"eb335a78-121d-4ce5-9c9e-b1f86b72e422","2025-01-09T06:59:51.780981+00:00","2025-01-09T06:59:51.780981+00:00",false,"24bbef7d-0c41-4f0b-af01-3d085dbc6c4e","{""items"":[{""x"":0.06440968513488769,""y"":0.6844693687348221,""z"":1,""id"":""177c34e8-7ffa-4b60-b427-25a1a756cf12"",""type"":""text"",""width"":0,""height"":0,""fontSize"":0.021614821591948764,""fontType"":""Calibri"",""rotation"":0,""fontColor"":""#c1121f"",""textContent"":""400請問裡面有金箔嗎""}]}","a6300bac-4d56-49f3-9e9e-a3919a9bd8cf"
"e62f9f46-f0b7-4aed-bb29-817eda6f3ac0","2025-01-09T08:34:36.617847+00:00","2025-01-09T08:34:36.617847+00:00",false,"ae1ef296-067c-452c-82da-83ae140aa9b6","{""items"":[{""x"":0.7662393031976162,""y"":0.4131121703233764,""z"":1,""id"":""0236c3ae-aede-41a4-b5f6-82923cd8c17a"",""type"":""text"",""width"":0,""height"":0,""fontSize"":0.035545023696682464,""fontType"":""Calibri"",""rotation"":0,""fontColor"":""#000"",""textContent"":""👻""}]}","2bdbc127-920a-432e-b1b6-1fa1ed6687a1"
"e2a2aebf-33b5-4645-bf1e-191cc9faac02","2025-01-09T14:36:54.790369+00:00","2025-01-09T14:36:54.790369+00:00",false,"b2ea7a74-6350-474a-90b4-7f2b9e1eca92","{""items"":[{""x"":0.06153846153846154,""y"":0.7740916392249518,""z"":1,""id"":""5139aa5c-a49c-4786-9550-9fcf31781434"",""type"":""text"",""width"":0,""height"":0,""fontSize"":0.018957345971563982,""fontType"":""Calibri"",""rotation"":0,""fontColor"":""#000"",""textContent"":""求更多劇推薦""}]}","eecd2083-81ee-4e52-a4cf-fd6687bd002d"
"e979e8cf-43bc-4747-a0d4-abe776ba369a","2025-01-09T15:31:27.280735+00:00","2025-01-09T15:31:27.280735+00:00",false,"b45a869c-a4fd-42f0-b1ca-c57cb142d9db","{""items"":[{""x"":0.43376065767728367,""y"":0.5588467494006405,""z"":1,""id"":""a87d54e5-de6e-41f8-88dd-19fdc6f55ea8"",""type"":""text"",""width"":0,""height"":0,""fontSize"":0.023696682464454975,""fontType"":""Calibri"",""rotation"":0,""fontColor"":""#000"",""textContent"":""Unnatural ~~十元愛""}]}","a6300bac-4d56-49f3-9e9e-a3919a9bd8cf"
"50f6803c-e107-4751-94a2-df08a64e4b5d","2025-01-09T17:47:18.450232+00:00","2025-01-09T17:47:18.450232+00:00",false,"80418ad5-c10d-42ee-a962-2abc42bc8b44","{""items"":[{""x"":0.4577777913411458,""y"":0.4815270935960591,""z"":1,""id"":""9a6b9df6-9185-4098-a71d-264321bed404"",""type"":""text"",""width"":0,""height"":0,""fontSize"":0.019704433497536946,""fontType"":""Calibri"",""rotation"":0,""fontColor"":""#c1121f"",""textContent"":""好好笑 渣男被當平替版木村""}]}","632e3d17-8713-46e9-ab1b-604bfa3ce11f"
"eb750045-640a-4ecc-9166-f385cce4424d","2025-01-09T17:48:14.501596+00:00","2025-01-09T17:48:14.501596+00:00",false,"e04ee120-5a56-414f-9b22-f6142a7a14d3","{""items"":[{""x"":0.35405093828837075,""y"":0.33583028973075957,""z"":1,""id"":""e60bf862-8376-4b57-acce-d998740b32e4"",""type"":""text"",""width"":0,""height"":0,""fontSize"":0.024016468435498626,""fontType"":""Calibri"",""rotation"":0,""fontColor"":""#fdf0d5"",""textContent"":""突如其來的諧音梗😍❔""}]}","632e3d17-8713-46e9-ab1b-604bfa3ce11f"
"f69c277c-0221-4683-94ea-6023f19d3781","2025-01-09T17:50:08.40757+00:00","2025-01-09T17:50:08.40757+00:00",false,"b45a869c-a4fd-42f0-b1ca-c57cb142d9db","{""items"":[{""x"":0.4735042474208734,""y"":0.5971564161833993,""z"":1,""id"":""096ad81a-7b65-4cec-9e61-cdaf34df5764"",""type"":""text"",""width"":0,""height"":0,""fontSize"":0.016587677725118485,""fontType"":""Calibri"",""rotation"":0,""fontColor"":""#c1121f"",""textContent"":""大推奧術\n我為了第二季特地訂了\n一個月最高級Netflix\n看完退訂""}]}","632e3d17-8713-46e9-ab1b-604bfa3ce11f"
"76705252-779e-4ce4-b9db-5117cabbac68","2025-01-10T16:17:35.683921+00:00","2025-01-10T16:17:35.683921+00:00",false,"dd859628-72d5-4bb9-ac27-68eed11682c7","{""items"":[{""x"":0.2280671172671848,""y"":0.5055466605672461,""z"":1,""id"":""ca14468c-4c13-4b53-b48a-cb9aa9184e27"",""type"":""text"",""width"":0,""height"":0,""fontSize"":0.022815645013723695,""fontType"":""Calibri"",""rotation"":0,""fontColor"":""#000"",""textContent"":""好難想像新加坡現在是夏天""}]}","a6300bac-4d56-49f3-9e9e-a3919a9bd8cf"
"31734641-f05c-4100-93a7-d7f8fbae02f9","2025-01-10T16:18:00.234911+00:00","2025-01-10T16:18:01.196625+00:00",false,"28634d07-ec12-4a1c-8d65-01149b9f49e5","{""items"":[{""x"":0.1912637958089814,""y"":0.6795774647887324,""z"":1,""id"":""febdf8cf-9856-4bb2-8cc4-a610daa1231f"",""type"":""text"",""width"":0,""height"":0,""fontSize"":0.025821596244131457,""fontType"":""Calibri-Bold"",""rotation"":0,""fontColor"":""#c1121f"",""textContent"":""卡卡猴""},{""x"":0.494910941475827,""y"":0.8098591549295775,""z"":2,""id"":""f1ce75ca-e641-4a67-adc4-f0e355c6ebc7"",""type"":""text"",""width"":0,""height"":0,""fontSize"":0.02112676056338028,""fontType"":""Calibri-Bold"",""rotation"":0,""fontColor"":""#c1121f"",""textContent"":""想看地毯感覺超可愛""}]}","a6300bac-4d56-49f3-9e9e-a3919a9bd8cf"
"f25be50a-bbf8-49a3-be87-6ef2b7c4c3d8","2025-01-10T16:31:55.578973+00:00","2025-01-10T16:31:55.578973+00:00",false,"411beea5-934e-4ff9-9f89-140e74c29369","{""items"":[{""x"":0.5617777506510416,""y"":0.7647783251231527,""z"":1,""id"":""c3d81b83-2274-4be5-bf8f-8d1178831f28"",""type"":""text"",""width"":0,""height"":0,""fontSize"":0.012315270935960592,""fontType"":""Calibri"",""rotation"":0,""fontColor"":""#c1121f"",""textContent"":""真是太棒了 謝謝有遇到偷哭一家人""}]}","eecd2083-81ee-4e52-a4cf-fd6687bd002d"
"86fcb420-e36b-4b92-90bb-057a893063f7","2025-01-10T17:11:27.699251+00:00","2025-01-10T17:11:27.699251+00:00",false,"c41e57d7-9b9b-48ec-8697-527aea573c35","{""items"":[{""x"":0.23974358974358975,""y"":0.6978672985781991,""z"":1,""id"":""e286a269-ec81-4f28-8c09-97f1f84a5e30"",""type"":""text"",""width"":0,""height"":0,""fontSize"":0.018957345971563982,""fontType"":""Calibri"",""rotation"":0,""fontColor"":""#c1121f"",""textContent"":""他的鬍子怎麼可以長成這樣\n他用髮膠嗎""}]}","a6300bac-4d56-49f3-9e9e-a3919a9bd8cf"
"e97c0619-3194-4d52-b635-ef252eb06a71","2025-01-10T19:10:37.456064+00:00","2025-01-10T19:10:37.456064+00:00",false,"28634d07-ec12-4a1c-8d65-01149b9f49e5","{""items"":[{""x"":0.14588633141748172,""y"":0.4573552664456793,""z"":5,""id"":""afdb03fd-7f63-4c78-ba0f-885e7026baf5"",""type"":""text"",""width"":0,""height"":0,""fontSize"":0.025821596244131457,""fontType"":""Calibri"",""rotation"":0,""fontColor"":""#669bbc"",""textContent"":""好可愛的碗""},{""x"":0.13910090710977258,""y"":0.5903755510357064,""z"":4,""id"":""03d37764-75b4-420b-ae32-579b9a21faa6"",""type"":""text"",""width"":0,""height"":0,""fontSize"":0.018779342723004695,""fontType"":""Calibri"",""rotation"":0,""fontColor"":""#c1121f"",""textContent"":""我可以要一個room tour嗎""}]}","632e3d17-8713-46e9-ab1b-604bfa3ce11f"
"10e5f49d-7f6e-4574-ae5a-c3ef438e0730","2025-01-10T19:11:24.075821+00:00","2025-01-10T19:11:24.075821+00:00",false,"dd859628-72d5-4bb9-ac27-68eed11682c7","{""items"":[{""x"":0.23657406171162923,""y"":0.5511779505946934,""z"":1,""id"":""2e4cf6ef-54d4-4c77-88e5-30512c996770"",""type"":""text"",""width"":0,""height"":0,""fontSize"":0.01681152790484904,""fontType"":""Calibri"",""rotation"":0,""fontColor"":""#669bbc"",""textContent"":""蛤 出差生病太拼了啦\n你要保重身體😭""}]}","632e3d17-8713-46e9-ab1b-604bfa3ce11f"
"6b921297-a762-4fe8-84c3-4123d843c8c5","2025-01-10T19:14:02.841106+00:00","2025-01-10T19:14:02.841106+00:00",false,"411beea5-934e-4ff9-9f89-140e74c29369","{""items"":[{""x"":0.5804444580078125,""y"":0.791871921182266,""z"":1,""id"":""09901194-298a-4d64-a266-2c1f4ac00b25"",""type"":""text"",""width"":0,""height"":0,""fontSize"":0.014778325123152709,""fontType"":""Calibri-Bold"",""rotation"":0,""fontColor"":""#669bbc"",""textContent"":""願意認真給免費建議的人\n都好人一生平安🙏""},{""x"":0.6817777913411458,""y"":0.3522167487684729,""z"":2,""id"":""10f039b4-764e-4cf2-be04-29a0ed137db0"",""type"":""text"",""width"":0,""height"":0,""fontSize"":0.012315270935960592,""fontType"":""Calibri-Bold"",""rotation"":0,""fontColor"":""#669bbc"",""textContent"":""我懂 以前追星看完物料\n也會突然感覺自己變溜\n但我韓文只有隨便讀 \n所以大概是假象😍""}]}","632e3d17-8713-46e9-ab1b-604bfa3ce11f"
"222caa78-b2cc-418c-9d15-0c351b6420c7","2025-01-11T07:53:07.612897+00:00","2025-01-11T07:53:12.743267+00:00",false,"ccf38be6-c1f1-4a6d-837a-7d34e68ca87c","{""items"":[{""x"":0.5624241042923142,""y"":0.7060681796994012,""z"":1,""id"":""79976b81-ba31-40dd-9f78-ae2cec578ff9"",""type"":""text"",""width"":0,""height"":0,""fontSize"":0.016587677725118485,""fontType"":""Calibri"",""rotation"":0,""fontColor"":""#FFC300"",""textContent"":""看起來很好吃耶""}]}","6eea90f5-325a-4ccf-aceb-3471c02914c0"
"d4cb5aa2-4596-4ee0-98d1-04b7af300b3c","2025-01-11T08:35:29.357388+00:00","2025-01-11T08:35:29.357388+00:00",false,"be5d53da-6deb-42f7-b9f6-747600424b37","{""items"":[{""x"":0.08020833333333333,""y"":0.46231699906023727,""z"":1,""id"":""c35fce80-7f7f-45bd-9048-8190dd2a5fc2"",""type"":""text"",""width"":0,""height"":0,""fontSize"":0.0192131747483989,""fontType"":""Calibri"",""rotation"":0,""fontColor"":""#669bbc"",""textContent"":""把痊癒能量遠端傳送給你🥹⚡️⚡️⚡️\n早日康復！！""}]}","632e3d17-8713-46e9-ab1b-604bfa3ce11f"
"819259ba-7726-41a3-b979-13deaeb16c98","2025-01-11T08:56:20.230882+00:00","2025-01-11T08:56:20.230882+00:00",false,"be5d53da-6deb-42f7-b9f6-747600424b37","{""items"":[{""x"":0.08304399384392631,""y"":0.5283623055809697,""z"":1,""id"":""545d846e-1314-4355-a08b-bb81586e1253"",""type"":""text"",""width"":0,""height"":0,""fontSize"":0.014409881061299175,""fontType"":""Calibri"",""rotation"":0,""fontColor"":""#c1121f"",""textContent"":""好可惜感冒沒辦法體會到shake shack的美味😭""}]}","a6300bac-4d56-49f3-9e9e-a3919a9bd8cf"
"cda34a78-9300-4f97-b6c3-5121dff94c91","2025-01-12T01:12:20.164345+00:00","2025-01-12T01:12:20.164345+00:00",false,"ccf38be6-c1f1-4a6d-837a-7d34e68ca87c","{""items"":[{""x"":0.1235042474208734,""y"":0.45300159183158695,""z"":1,""id"":""1ed477f7-3325-441b-8b10-b5bd33da9fea"",""type"":""text"",""width"":0,""height"":0,""fontSize"":0.022511848341232227,""fontType"":""Calibri-Bold"",""rotation"":0,""fontColor"":""#c1121f"",""textContent"":""已經可以開餐廳了""}]}","a6300bac-4d56-49f3-9e9e-a3919a9bd8cf"
"ac840431-c5d2-4d16-818b-d17507cf48a8","2025-01-12T02:55:18.154816+00:00","2025-01-12T02:55:18.154816+00:00",false,"3f5789eb-f092-40e5-914a-59a6a5331ec0","{""items"":[{""x"":0.4764444173177083,""y"":0.45073891625615764,""z"":1,""id"":""cd747162-36b7-41f9-bc62-3bcbd76585ce"",""type"":""text"",""width"":0,""height"":0,""fontSize"":0.020935960591133004,""fontType"":""Calibri-Bold"",""rotation"":0,""fontColor"":""#c1121f"",""textContent"":""字好整齊好厲害""},{""x"":0.6328888753255208,""y"":0.6908866995073891,""z"":2,""id"":""f05832dd-ef14-4a7c-861b-df5dd7183ebc"",""type"":""text"",""width"":0,""height"":0,""fontSize"":0.022167487684729065,""fontType"":""Calibri"",""rotation"":0,""fontColor"":""#669bbc"",""textContent"":""好豐盛""},{""x"":0.2826666666666667,""y"":0.2376847290640394,""z"":3,""id"":""0edde40d-d591-4b4a-b90e-2b7d85bc3198"",""type"":""text"",""width"":0,""height"":0,""fontSize"":0.06896551724137931,""fontType"":""Calibri"",""rotation"":0,""fontColor"":""#000"",""textContent"":""🫳""}]}","632e3d17-8713-46e9-ab1b-604bfa3ce11f"