"id","created_at","date","updated_at","deleted","group_id","created_by","canvas"
"aa331325-e95c-4ed6-ba96-da2cedc66a11","2024-12-24T01:05:39.629849+00:00","2024-12-13","2024-12-24T22:53:20.512262+00:00",false,"4b381455-be80-45e1-96e9-03ea15450ad8","eecd2083-81ee-4e52-a4cf-fd6687bd002d","{""id"":""a7590e12-4650-41b6-9120-db2549491781"",""items"":[{""x"":0.05466666666666667,""y"":0.3657635280064175,""z"":10,""id"":""3091368f-c36a-4149-8982-f7c83933fb93"",""type"":""text"",""width"":0,""height"":0,""fontSize"":0.01600985221674877,""fontType"":""Calibri"",""rotation"":0,""fontColor"":""#000"",""textContent"":""感覺整個人被打回初階\n大概能理解文章想說的\n但完全無法化成文字闡述\n申論好難整個人要爆炸🤯\n而且還有英文要讀😓😥😰\n今天也被朋友說我輸入跟輸出的程度差太多\n沒辦法 如果嘴巴跟得上課本該有多好""},{""x"":0.432,""y"":0.5564450043175603,""z"":13,""id"":""bed033f0-4602-4481-9811-2add271557aa"",""path"":""https://zckngbdtquzqrmrpjhhx.supabase.co/storage/v1/object/public/page_photos/a25e0568-6a10-4582-9562-2c78fc211089/1680b785-3c04-4029-9533-0c90a992ff50.webp"",""type"":""image"",""width"":0.555403644303584,""height"":0.3207007816401367,""rotation"":-0.031760807986412,""placeholder"":""LqN^JHo0_NozxuR*ays:ofkBayjG""},{""x"":-0.013333333333333334,""y"":0.09852216748768473,""z"":3,""id"":""f04d2dad-dd14-4957-80c8-b58987a7817b"",""path"":""https://zckngbdtquzqrmrpjhhx.supabase.co/storage/v1/object/public/page_photos/a25e0568-6a10-4582-9562-2c78fc211089/fcd4f131-da75-4413-9eb7-9848f888f010.webp"",""type"":""image"",""width"":1,""height"":0.2597752463054187,""rotation"":0,""placeholder"":""LTK1BjtnD$9G%%tRROE2n~s*RjtR""}],""maxZIndex"":0,""backgroundImage"":{""path"":""bg_04"",""type"":""local""}}"
"0871ed6c-b79b-43a6-84ab-77b279d7361f","2024-12-27T12:38:01.744697+00:00","2024-12-27","2024-12-27T12:44:40.155794+00:00",false,"4b381455-be80-45e1-96e9-03ea15450ad8","632e3d17-8713-46e9-ab1b-604bfa3ce11f","{""id"":""0871ed6c-b79b-43a6-84ab-77b279d7361f"",""items"":[{""x"":0.14316239968324318,""y"":-0.14770932672148068,""z"":1,""id"":""ea3a848a-ac68-4272-879a-85ce52a8e7d5"",""path"":""https://zckngbdtquzqrmrpjhhx.supabase.co/storage/v1/object/public/page_photos/2caf72af-e28f-4cc1-a20f-e8b79a48964b/ea3a848a-ac68-4272-879a-85ce52a8e7d5.webp"",""type"":""image"",""width"":0.744177011820269,""height"":0.744177011820269,""rotation"":0,""placeholder"":""LSF$hXxai_t6~qt7aej[tPW;X8WB""},{""x"":0.19572648268479567,""y"":0.4221958865486615,""z"":2,""id"":""5e87d59f-d2c2-4b9d-8fb6-d60efc75f455"",""type"":""text"",""width"":0,""height"":0,""fontSize"":0.02132701421800948,""fontType"":""Calibri"",""rotation"":0,""fontColor"":""#FFC300"",""textContent"":""又週五了 上班時間真的過很快欸\n分享一個很好笑ㄉ車牌""},{""x"":0.10598293206630609,""y"":0.6970774031363393,""z"":3,""id"":""1665bfe2-96ff-47d6-a3cf-f1594cd5abc2"",""type"":""text"",""width"":0,""height"":0,""fontSize"":0.014218009478672985,""fontType"":""Calibri"",""rotation"":0,""fontColor"":""#000"",""textContent"":""新朋友約跨年該去嗎 已經不知道幾年都躺在家/跟好友的我\n還可以嗨嗎？ 而且而且 1/1怎麼才放一天（吶喊）""}],""maxZIndex"":3,""backgroundImage"":{""path"":""bg_09"",""type"":""local""}}"
"bb21197c-aa8e-405f-8529-d2b3ba76cbda","2024-12-24T01:33:59.664918+00:00","2024-12-23","2024-12-25T06:06:58.123177+00:00",false,"4b381455-be80-45e1-96e9-03ea15450ad8","a6300bac-4d56-49f3-9e9e-a3919a9bd8cf","{""id"":""bb21197c-aa8e-405f-8529-d2b3ba76cbda"",""items"":[{""x"":0.08974357018103966,""y"":0.13902053109842455,""z"":1,""id"":""3fa20c09-c0b5-471f-88ad-945ee595e7ab"",""path"":""https://zckngbdtquzqrmrpjhhx.supabase.co/storage/v1/object/public/page_photos/9eb4d9fc-8130-4534-a223-1fe15643cc46/3fa20c09-c0b5-471f-88ad-945ee595e7ab.webp"",""type"":""image"",""width"":0.5269964182363587,""height"":0.3246897363541546,""rotation"":0,""placeholder"":""LBJH8NH??wMxD*.RIUM}^jxvDi-:""},{""x"":0.0905983166816907,""y"":0.471563981042654,""z"":3,""id"":""e73f00aa-8b15-40c2-9027-a4f6ec47dc67"",""type"":""text"",""width"":0,""height"":0,""fontSize"":0.017772511848341232,""fontType"":""Calibri"",""rotation"":0,""fontColor"":""#000"",""textContent"":""晚餐吃墨西哥捲餅""}],""maxZIndex"":3,""backgroundImage"":{""path"":""bg_04"",""type"":""local""}}"
"84962768-5e46-45e6-8ceb-c1d4f8ec6227","2024-12-26T04:38:16.873177+00:00","2024-12-24","2024-12-26T04:38:16.873177+00:00",false,"4b381455-be80-45e1-96e9-03ea15450ad8","eecd2083-81ee-4e52-a4cf-fd6687bd002d","{""id"":""84962768-5e46-45e6-8ceb-c1d4f8ec6227"",""items"":[{""x"":0.012888875325520834,""y"":0.08169129094466787,""z"":1,""id"":""54d0f701-f126-4dcf-be82-7b4a8b7d1204"",""path"":""https://zckngbdtquzqrmrpjhhx.supabase.co/storage/v1/object/public/page_photos/a25e0568-6a10-4582-9562-2c78fc211089/54d0f701-f126-4dcf-be82-7b4a8b7d1204.webp"",""type"":""image"",""width"":0.5550847126696871,""height"":0.5550847126696871,""rotation"":0,""placeholder"":""LaNBSwxbIUbEb^WAs:bH0Ls.t6WE""},{""x"":0.06888887532552083,""y"":0.647372729672587,""z"":11,""id"":""d0742167-0d3f-4cfa-a325-b8c026f23150"",""type"":""text"",""width"":0,""height"":0,""fontSize"":0.019704433497536946,""fontType"":""Calibri"",""rotation"":0,""fontColor"":""#000"",""textContent"":""事情是這樣的\n前一天臨時被約去過聖誕節\n翻譯成中文蠻好笑的翻給大家笑笑\n日本人講話非常像幼稚園老師很會自嗨""},{""x"":0.5,""y"":0.5,""z"":3,""id"":""a385bf9a-e184-4681-9bd4-a7f8222f594f"",""type"":""text"",""width"":0,""height"":0,""fontSize"":0.03694581280788178,""fontType"":""Calibri"",""rotation"":0,""fontColor"":""#000"",""textContent"":""""},{""x"":0.5,""y"":0.5,""z"":5,""id"":""b030be1a-3231-476e-92b7-1e677fb1fada"",""type"":""text"",""width"":0,""height"":0,""fontSize"":0.03694581280788178,""fontType"":""Calibri"",""rotation"":0,""fontColor"":""#000"",""textContent"":""""},{""x"":0.4822222086588542,""y"":0.13423645320197045,""z"":6,""id"":""6d59f804-6c6f-4bf6-9acd-4f38d3b0ee51"",""type"":""text"",""width"":0,""height"":0,""fontSize"":0.01600985221674877,""fontType"":""Calibri-Bold"",""rotation"":0,""fontColor"":""#000"",""textContent"":""前面問我聖誕節有要去哪嗎\n我說沒特別要去哪\n問他是有要去哪嗎""},{""x"":0.21733333333333332,""y"":0.3304597638510718,""z"":7,""id"":""f668a4c2-88cf-4c7b-a00b-cf9685dfcc7f"",""type"":""text"",""width"":0,""height"":0,""fontSize"":0.012315270935960592,""fontType"":""Calibri-Bold"",""rotation"":0,""fontColor"":""#000"",""textContent"":""是沒有但覺得難得聖誕節想去哪裡晃晃""},{""x"":0.404,""y"":0.3591954085627213,""z"":8,""id"":""aeee5192-c2b1-4fe7-a083-923c4ca41c75"",""type"":""text"",""width"":0,""height"":0,""fontSize"":0.012315270935960592,""fontType"":""Calibri-Bold"",""rotation"":0,""fontColor"":""#000"",""textContent"":""說到聖誕節是不是就想到？""},{""x"":0.22177775065104166,""y"":0.38382595043464246,""z"":9,""id"":""99aabda1-ccb2-48d3-aa9f-09be9dd07a2d"",""type"":""text"",""width"":0,""height"":0,""fontSize"":0.012315270935960592,""fontType"":""Calibri-Bold"",""rotation"":0,""fontColor"":""#000"",""textContent"":""溜冰！""},{""x"":0.37911112467447916,""y"":0.41297209791361994,""z"":10,""id"":""1dbfb96e-06a6-4d50-a7c1-3bb1421068a1"",""type"":""text"",""width"":0,""height"":0,""fontSize"":0.012315270935960592,""fontType"":""Calibri-Bold"",""rotation"":0,""fontColor"":""#000"",""textContent"":""所以如此這般我們去溜冰吧哈ㄏ哈""}],""maxZIndex"":11,""backgroundImage"":{""path"":""bg_04"",""type"":""local""}}"
"66613263-c94d-4795-9762-a5ef8896a045","2024-12-24T01:05:39.629849+00:00","2024-12-14","2024-12-24T22:42:12.323325+00:00",false,"4b381455-be80-45e1-96e9-03ea15450ad8","6eea90f5-325a-4ccf-aceb-3471c02914c0","{""id"":""5b5c8428-de31-4404-9d98-41acd07242de"",""items"":[{""x"":0.18871928596011248,""y"":0.2188966957056467,""z"":5,""id"":""c2c94a1d-4de9-43f5-ae34-1f9c5dba5d03"",""path"":""https://zckngbdtquzqrmrpjhhx.supabase.co/storage/v1/object/public/page_photos/06435e09-bc0a-4026-82a8-f1743489a5c8/1a63fd3e-38de-433d-8302-f0dc85191f85.webp"",""type"":""image"",""width"":0.4071411577081578,""height"":0.3338684923929179,""rotation"":0,""placeholder"":""LNKw8|rpyUyYy:tm^+wax[wwIVk9""},{""x"":0.18532653497982265,""y"":0.5645539906103286,""z"":9,""id"":""95499524-87c8-420b-9409-d75acda7285a"",""type"":""text"",""width"":0,""height"":0,""fontSize"":0.01995305164319249,""fontType"":""Calibri"",""rotation"":0,""fontColor"":""#000000"",""textContent"":""今天是什麼日子？\n上班日🙌👶""}],""maxZIndex"":0,""backgroundImage"":{""path"":""bg_09"",""type"":""local""}}"
"e361b301-adb1-4502-851c-70f8d94984ed","2024-12-24T01:05:39.629849+00:00","2024-12-18","2024-12-24T22:54:29.101698+00:00",false,"4b381455-be80-45e1-96e9-03ea15450ad8","2bdbc127-920a-432e-b1b6-1fa1ed6687a1","{""id"":""efbb1492-0c24-493e-9a2d-1d0d3a08c30c"",""items"":[{""x"":0.31209766864776634,""y"":0.8222251998538389,""z"":10,""id"":""cd934a85-b1fa-451e-8897-eeee7d2d1605"",""type"":""text"",""width"":0,""height"":0,""fontSize"":0.018012351326623963,""fontType"":""Calibri-Bold"",""rotation"":0,""fontColor"":""#FFC300"",""textContent"":""考試的壓力休想再讓我重讀高中""}],""maxZIndex"":0,""backgroundImage"":{""path"":""bg_04"",""type"":""local""}}"
"dd378e32-26ae-48ce-9710-5d68e340bf35","2024-12-29T13:05:03.370806+00:00","2024-12-29","2024-12-29T13:05:03.370806+00:00",false,"4b381455-be80-45e1-96e9-03ea15450ad8","632e3d17-8713-46e9-ab1b-604bfa3ce11f","{""id"":""dd378e32-26ae-48ce-9710-5d68e340bf35"",""items"":[{""x"":0.18333333333333332,""y"":0.17535545023696683,""z"":1,""id"":""e2730b0e-dc13-4d2e-a11a-88c54e271572"",""path"":""https://zckngbdtquzqrmrpjhhx.supabase.co/storage/v1/object/public/page_photos/2caf72af-e28f-4cc1-a20f-e8b79a48964b/e2730b0e-dc13-4d2e-a11a-88c54e271572.webp"",""type"":""image"",""width"":0.623440578346451,""height"":0.3966715754910489,""rotation"":0,""placeholder"":""LXIg}%%MS$o#~C%LWrbI0Ls:RjV@""},{""x"":0.46153846153846156,""y"":0.5959715639810427,""z"":2,""id"":""e72c0079-4436-44ca-a778-2870574c0a6a"",""type"":""text"",""width"":0,""height"":0,""fontSize"":0.011848341232227487,""fontType"":""Calibri"",""rotation"":0,""fontColor"":""#000"",""textContent"":""假期怎麼那麼快結束\n我好愛放假愛死了""},{""x"":0.2128205128205128,""y"":0.14336494698908656,""z"":3,""id"":""22815557-be76-4564-b2f3-7cd4030982ea"",""type"":""text"",""width"":0,""height"":0,""fontSize"":0.011848341232227487,""fontType"":""Calibri"",""rotation"":0,""fontColor"":""#669bbc"",""textContent"":""長假好好看可愛到不行❤️‍🩹❤️‍🩹 當時的木村真是帥：）""}],""maxZIndex"":3,""backgroundImage"":{""path"":""bg_04"",""type"":""local""}}"
"f3e85955-9e34-4f21-8d15-cf9775ec906e","2025-01-01T11:19:23.863652+00:00","2025-01-01","2025-01-01T11:19:51.283815+00:00",false,"4b381455-be80-45e1-96e9-03ea15450ad8","632e3d17-8713-46e9-ab1b-604bfa3ce11f","{""id"":""f3e85955-9e34-4f21-8d15-cf9775ec906e"",""items"":[{""x"":0.1987179487179487,""y"":0.24447076806524917,""z"":1,""id"":""5c02b736-9e31-4cca-9e95-c000141f5848"",""path"":""https://zckngbdtquzqrmrpjhhx.supabase.co/storage/v1/object/public/page_photos/2caf72af-e28f-4cc1-a20f-e8b79a48964b/5c02b736-9e31-4cca-9e95-c000141f5848.webp"",""type"":""image"",""width"":0.6124722592382555,""height"":0.37741494910860446,""rotation"":0,""placeholder"":""LdK^$zxs0Ke-yEkBNFNGVsxuaxWA""},{""x"":0.31880340576171873,""y"":0.6481042654028436,""z"":2,""id"":""89f61419-a4f7-4fd4-b4df-3d38fb9128e8"",""type"":""text"",""width"":0,""height"":0,""fontSize"":0.014218009478672985,""fontType"":""Calibri"",""rotation"":0,""fontColor"":""#FFF"",""textContent"":""我無ㄏㄨㄚˇ接受名明天要上班""}],""maxZIndex"":2,""backgroundImage"":{""path"":""bg_03"",""type"":""local""}}"
"15e85a15-d88d-442d-a20a-a5d7cec537c5","2024-12-27T12:47:02.956247+00:00","2024-12-26","2024-12-27T12:47:02.956247+00:00",false,"4b381455-be80-45e1-96e9-03ea15450ad8","632e3d17-8713-46e9-ab1b-604bfa3ce11f","{""id"":""15e85a15-d88d-442d-a20a-a5d7cec537c5"",""items"":[{""x"":0.11794871794871795,""y"":0.1307266922358653,""z"":1,""id"":""2178780e-2cea-4aa4-86af-66887b7d795b"",""path"":""https://zckngbdtquzqrmrpjhhx.supabase.co/storage/v1/object/public/page_photos/2caf72af-e28f-4cc1-a20f-e8b79a48964b/2178780e-2cea-4aa4-86af-66887b7d795b.webp"",""type"":""image"",""width"":0.4829309974492663,""height"":0.3967205666249897,""rotation"":0,""placeholder"":""LIIX~iIUkYM{ELVsf*xu0L4n%LWX""},{""x"":0.347863280467498,""y"":0.5582543504181632,""z"":2,""id"":""246f6e76-cfc5-404b-bde7-8c86390ca161"",""path"":""https://zckngbdtquzqrmrpjhhx.supabase.co/storage/v1/object/public/page_photos/2caf72af-e28f-4cc1-a20f-e8b79a48964b/246f6e76-cfc5-404b-bde7-8c86390ca161.webp"",""type"":""image"",""width"":0.5827933868870487,""height"":0.47875602082348406,""rotation"":0,""placeholder"":""LkI354NHNdo010W=jZj[Rlw^t6f6""},{""x"":0.4282051282051282,""y"":0.48696682464454977,""z"":3,""id"":""ba673d0e-0ed3-4017-a144-f6a058cea103"",""type"":""text"",""width"":0,""height"":0,""fontSize"":0.018957345971563982,""fontType"":""Calibri"",""rotation"":0,""fontColor"":""#000"",""textContent"":""天氣冷=一直在家吃點心""},{""x"":0.3777777647360777,""y"":0.5789889294954272,""z"":4,""id"":""447ba9a9-cbaa-4191-9cb1-8a3cc4d9df8f"",""type"":""text"",""width"":0,""height"":0,""fontSize"":0.015402843601895734,""fontType"":""Calibri"",""rotation"":0,""fontColor"":""#669bbc"",""textContent"":""去新北的咖啡廳\n咖啡+燻雞貝果+布丁 兩百多\n\n大安的：一杯咖啡200（但很漂亮啦 ⋯""}],""maxZIndex"":4,""backgroundImage"":{""path"":""bg_04"",""type"":""local""}}"
"0e22794a-73c8-4751-aa41-9473a67e09a2","2024-12-26T04:53:09.219547+00:00","2024-12-25","2024-12-27T19:18:21.944293+00:00",false,"4b381455-be80-45e1-96e9-03ea15450ad8","eecd2083-81ee-4e52-a4cf-fd6687bd002d","{""id"":""0e22794a-73c8-4751-aa41-9473a67e09a2"",""items"":[{""x"":0.614666748046875,""y"":0.4794745233845828,""z"":37,""id"":""f8989089-3e87-4e39-91df-b76fff00833d"",""type"":""text"",""width"":0,""height"":0,""fontSize"":0.012315270935960592,""fontType"":""Calibri-Bold"",""rotation"":0,""fontColor"":""#fdf0d5"",""textContent"":""""},{""x"":0.02755558268229106,""y"":0.0728653499058314,""z"":26,""id"":""3f60b2e5-ae52-41ad-8067-a76d93a9f3ac"",""path"":""https://zckngbdtquzqrmrpjhhx.supabase.co/storage/v1/object/public/page_photos/a25e0568-6a10-4582-9562-2c78fc211089/3f60b2e5-ae52-41ad-8067-a76d93a9f3ac.webp"",""type"":""image"",""width"":0.4567033623351827,""height"":0.37496170963479697,""rotation"":0.00273735245541884,""placeholder"":""LDI}nqVYTK0L~pt7D%xZ?GIo%M-;""},{""x"":0.06266670735677084,""y"":0.45525450307160176,""z"":36,""id"":""cde10196-4b60-4d88-bbbe-27d89c11fa89"",""type"":""text"",""width"":0,""height"":0,""fontSize"":0.012315270935960592,""fontType"":""Calibri-Bold"",""rotation"":0,""fontColor"":""#c1121f"",""textContent"":""我感覺不適合戴眼鏡類的東西\n但日本人戴起來很像全員逃走中的獵人\n他自己說的\n他買東西會比很久我第一次在GU逛超過2小時\n結果我們逛到整個A11關門 真厲害""},{""x"":0.5279999593098958,""y"":0.13587849245870054,""z"":42,""id"":""60374db5-ae3e-432c-80bf-9c23fb4a093d"",""path"":""https://zckngbdtquzqrmrpjhhx.supabase.co/storage/v1/object/public/page_photos/a25e0568-6a10-4582-9562-2c78fc211089/60374db5-ae3e-432c-80bf-9c23fb4a093d.webp"",""type"":""image"",""width"":0.43287827122390266,""height"":0.3554008794941729,""rotation"":0,""placeholder"":""LGGk|04o9tRP?HNGi_M{0KWBS1sl""},{""x"":0.6439999593098958,""y"":0.49466337006667566,""z"":41,""id"":""3c035984-8ce3-4777-ab88-d8a4a8a7d2c7"",""type"":""text"",""width"":0,""height"":0,""fontSize"":0.012315270935960592,""fontType"":""Calibri-Bold"",""rotation"":0,""fontColor"":""#c1121f"",""textContent"":""我昨天有遇到我老公""},{""x"":0.4648888753255208,""y"":0.5246305418719212,""z"":32,""id"":""cd827b79-76dc-4e89-8cf9-18d223ed2c86"",""path"":""https://zckngbdtquzqrmrpjhhx.supabase.co/storage/v1/object/public/page_photos/a25e0568-6a10-4582-9562-2c78fc211089/cd827b79-76dc-4e89-8cf9-18d223ed2c86.webp"",""type"":""image"",""width"":0.5055240496458692,""height"":0.41504437573552466,""rotation"":0,""placeholder"":""LOEoGJ%1E2$*9at7%1NG0fIpofS2""},{""x"":0.4955555419921875,""y"":0.8604269356563173,""z"":33,""id"":""a36d4d68-724a-44c9-8a3f-1b5eac292c2e"",""type"":""text"",""width"":0,""height"":0,""fontSize"":0.012315270935960592,""fontType"":""Calibri-Bold"",""rotation"":0,""fontColor"":""#fdf0d5"",""textContent"":""因為逛到沒東西吃了\n但日本人又想吃火鍋\n附近有辛殿就進去了\n蠻好吃的但沒想到是吃到飽\n我們兩個基本上一走進去就是賠錢貨""},{""x"":0.02177779134114576,""y"":0.5320197044334974,""z"":34,""id"":""e8d58b23-3039-4637-8098-a720caffae7c"",""path"":""https://zckngbdtquzqrmrpjhhx.supabase.co/storage/v1/object/public/page_photos/a25e0568-6a10-4582-9562-2c78fc211089/e8d58b23-3039-4637-8098-a720caffae7c.webp"",""type"":""image"",""width"":0.45452404335617297,""height"":0.37317244938930455,""rotation"":-0.004737279298665742,""placeholder"":""LOG8+S$%01Io59R+IUod4Uay-;WB""},{""x"":0.08488887532552084,""y"":0.5570607490727467,""z"":44,""id"":""a02b86c2-4b00-4966-93d2-f176c32c9eef"",""type"":""text"",""width"":0,""height"":0,""fontSize"":0.012315270935960592,""fontType"":""Calibri-Bold"",""rotation"":0,""fontColor"":""#fdf0d5"",""textContent"":""照片越看越荒謬\n甚至一起拍照不是我要求的\n我只能說真厲害\n但是是非常開心的一天！\n2024的荒謬聖誕節結束""},{""x"":0.12399995930989584,""y"":0.07266009852216748,""z"":43,""id"":""3604d1ea-1298-4a52-94fc-17e6fabf36de"",""type"":""text"",""width"":0,""height"":0,""fontSize"":0.012315270935960592,""fontType"":""Calibri-Bold"",""rotation"":0,""fontColor"":""#000"",""textContent"":""前情提要：\n接昨天的訊息我跟他說但我今天還是要上班\n他跟我說他可以搭來淡水等我（咖啡廳💼）\n然後等我上完（我大概抓3點）\n我們再一起去小巨蛋溜冰再去信義\n等於他的移動範圍是公館>淡水>小巨蛋>信義\n也是蠻拼的為了過聖誕節""},{""x"":0.6093333333333333,""y"":0.5537766893508986,""z"":45,""id"":""5a67ac54-eb16-49d8-9d18-826e243441ba"",""type"":""text"",""width"":0,""height"":0,""fontSize"":0.01847290640394089,""fontType"":""Calibri"",""rotation"":0,""fontColor"":""#669bbc"",""textContent"":""可以 請把我領走""}],""maxZIndex"":45,""backgroundImage"":{""path"":""bg_01"",""type"":""local""}}"
"b2204bf3-5b98-46a2-98f0-256264d4988b","2024-12-29T02:04:19.978502+00:00","2024-12-28","2024-12-29T02:04:19.978502+00:00",false,"4b381455-be80-45e1-96e9-03ea15450ad8","a6300bac-4d56-49f3-9e9e-a3919a9bd8cf","{""id"":""b2204bf3-5b98-46a2-98f0-256264d4988b"",""items"":[{""x"":0.046153846153846156,""y"":0.11176935530386829,""z"":5,""id"":""90740496-9ef4-41a6-8d04-bd52dbd1fd94"",""path"":""https://zckngbdtquzqrmrpjhhx.supabase.co/storage/v1/object/public/page_photos/9eb4d9fc-8130-4534-a223-1fe15643cc46/90740496-9ef4-41a6-8d04-bd52dbd1fd94.webp"",""type"":""image"",""width"":0.5843014874137094,""height"":0.3599961770795366,""rotation"":0,""placeholder"":""LiC7gMRPV?t7yGWAoff6IAofo#WB""},{""x"":0.36495727147811496,""y"":0.516390217424004,""z"":4,""id"":""3de17138-34d4-4404-9c9a-e1d207cd10df"",""path"":""https://zckngbdtquzqrmrpjhhx.supabase.co/storage/v1/object/public/page_photos/9eb4d9fc-8130-4534-a223-1fe15643cc46/3de17138-34d4-4404-9c9a-e1d207cd10df.webp"",""type"":""image"",""width"":0.5707149800193544,""height"":0.3516253431398866,""rotation"":0,""placeholder"":""LHHwrl-T~V}@bxoz?Ft6^NRk%0Nc""},{""x"":0.052136719532502006,""y"":0.4792654028436019,""z"":6,""id"":""b9b0a161-586e-4b8f-a75d-f28442c3abea"",""type"":""text"",""width"":0,""height"":0,""fontSize"":0.014641044998044903,""fontType"":""Calibri-Bold"",""rotation"":0,""fontColor"":""#669bbc"",""textContent"":""今天出門逛街\n原本想著只是散步\n結果在一家喜馬拉雅文化主題店\n看到超可愛的動物毛帽\n馬上敗下去…🦝🐻‍❄️""}],""maxZIndex"":6,""backgroundImage"":{""path"":""bg_04"",""type"":""local""}}"
"4c7d7e01-b24f-454a-99ed-75922218e2ac","2024-12-24T01:05:39.629849+00:00","2024-12-14","2024-12-24T22:43:17.16703+00:00",false,"4b381455-be80-45e1-96e9-03ea15450ad8","eecd2083-81ee-4e52-a4cf-fd6687bd002d","{""id"":""55ebf6da-e533-4e6b-acfd-956e1dc1462e"",""items"":[{""x"":0.10533333333333333,""y"":0.2056649014778325,""z"":6,""id"":""8b54c0e0-7f03-495a-b860-f0777db62868"",""type"":""text"",""width"":0,""height"":0,""fontSize"":0.01971903991573867,""fontType"":""Calibri"",""rotation"":0,""fontColor"":""#669bbc"",""textContent"":""剛剛被告白了幹你娘\n本來覺得還蠻不錯的人\n但一被告白馬上🐸化\n我要不要去死\n覺得對那個人很抱歉""},{""x"":0.10399733333333334,""y"":0.7723727832512315,""z"":16,""id"":""da2e0a56-3a56-499a-bae9-8247294324de"",""type"":""text"",""width"":0,""height"":0,""fontSize"":0.01568735820868005,""fontType"":""Calibri"",""rotation"":0,""fontColor"":""#c1121f"",""textContent"":""覺得自己蠻爛是因為\n就算是不跟我在一起那個渣男\n也蠻有誠意有時候會請客\n忙的時候還是會考慮我的立場多陪我一下\n但我一分鐘都不想多待\n也不想多出一點錢\n雖然也沒有討厭對方但我光這樣就覺得很尷尬\n還是因為他是渣男所以才會這樣ㄍㄋㄋ😄草""},{""x"":0.07244445800781253,""y"":0.44950738916256155,""z"":11,""id"":""ddf6985d-2c10-4215-ac24-3b62cbf5c090"",""type"":""text"",""width"":0,""height"":0,""fontSize"":0.013546798029556651,""fontType"":""Calibri"",""rotation"":0,""fontColor"":""#000000"",""textContent"":""簡單來說是很久以前\n交流會認識的男生\n然後那天認識的加我6個男生女生\n有再約出去吃火鍋吃到飽\n但我那天跟那個男生只尬講2句話\n覺得他人還蠻善良的也感覺算聰明\n後來他很回我限動\n有一次說很想來淡水看看但都沒有人一起\n問能不能來找我 我就跟他說🉑\n那次約會覺得還行\n後來他又很想再約我出去但我很常沒空\n覺得有點追太勤直接有點冷掉\n今天他又約我 赴約發現真心沒有fu\n結果今天一直很想趕快逃跑回家\n晚餐也不敢吃 然後超冷還下雨\n但他捨不得走一直要跟我在淡水河聊天\n然後他就趁坐捷運前跟我講了\n被講的當下內心沒有任何波瀾\n覺得自己根本是爛人一枚\n\n我可能命ㄐㄧㄢ只喜歡不喜歡我的🤡""}],""maxZIndex"":0,""backgroundImage"":{""path"":""bg_04"",""type"":""local""}}"
"a1075f62-264c-4794-9a1e-5e48aeb08230","2024-12-24T01:05:39.629849+00:00","2024-12-19","2024-12-24T22:55:28.237933+00:00",false,"4b381455-be80-45e1-96e9-03ea15450ad8","a6300bac-4d56-49f3-9e9e-a3919a9bd8cf","{""id"":""4b895b72-6d4f-4280-8c7b-7fb27d45c5d4"",""items"":[{""x"":0.07521368173452513,""y"":0.4632701331405284,""z"":14,""id"":""640a44c4-e8a9-4895-b9c4-1e1b10f49507"",""type"":""text"",""width"":0,""height"":0,""fontSize"":0.013044815775419313,""fontType"":""Calibri"",""rotation"":0,""fontColor"":""#000"",""textContent"":""明天要跟麥可去維吉尼亞州拜訪他爸媽\n會在他們家過聖誕節🎄\n今天是家裡打掃+打包行李+麥可剪髮日\n等他剪完貼照片\n（鬍子還不會剃因為他想特地留給爸媽笑🤷‍♀️）""},{""x"":0.07863247211162847,""y"":0.11828594298159277,""z"":8,""id"":""addfb821-5c35-461c-ba88-8120b4e237ea"",""path"":""https://zckngbdtquzqrmrpjhhx.supabase.co/storage/v1/object/public/page_photos/9eb4d9fc-8130-4534-a223-1fe15643cc46/8d3fafe0-64b0-4623-8c7c-de79efd35a0a.avif"",""type"":""image"",""width"":0.5477189988266872,""height"":0.33745720306857463,""rotation"":0,""placeholder"":""LCGIZNM^9HDi~VIU?Gt7?Fxu4oWE""}],""maxZIndex"":0,""backgroundImage"":{""path"":""bg_01"",""type"":""local""}}"
"34573810-5058-4d0b-a994-e225d957cc57","2024-12-26T14:23:20.405017+00:00","2024-12-25","2024-12-26T14:23:20.405017+00:00",false,"4b381455-be80-45e1-96e9-03ea15450ad8","6eea90f5-325a-4ccf-aceb-3471c02914c0","{""id"":""34573810-5058-4d0b-a994-e225d957cc57"",""items"":[{""x"":0.37531804674454317,""y"":0.4068857649682273,""z"":5,""id"":""98ae5bdb-2499-4f1e-ae24-4565da3d7fe6"",""path"":""https://zckngbdtquzqrmrpjhhx.supabase.co/storage/v1/object/public/page_photos/06435e09-bc0a-4026-82a8-f1743489a5c8/98ae5bdb-2499-4f1e-ae24-4565da3d7fe6.webp"",""type"":""image"",""width"":0.5381258009935193,""height"":0.3309599996720705,""rotation"":0,""placeholder"":""LHCZ6cNCs;?JAfQ*M_SjojoZt8nk""},{""x"":0.030534331731820533,""y"":0.1298904687585965,""z"":8,""id"":""db55efa3-ccf2-4e2b-a681-7d63235b973b"",""path"":""https://zckngbdtquzqrmrpjhhx.supabase.co/storage/v1/object/public/page_photos/06435e09-bc0a-4026-82a8-f1743489a5c8/db55efa3-ccf2-4e2b-a681-7d63235b973b.webp"",""type"":""image"",""width"":0.5750820802312973,""height"":0.35368897892159595,""rotation"":0,""placeholder"":""L9Du-~rDxUE90{KNNL$^9@9F$*N#""},{""x"":0.08778627895520259,""y"":0.45187796113636564,""z"":13,""id"":""794f95d3-80ba-46a7-87ec-8d7e2319a135"",""path"":""https://zckngbdtquzqrmrpjhhx.supabase.co/storage/v1/object/public/page_photos/06435e09-bc0a-4026-82a8-f1743489a5c8/794f95d3-80ba-46a7-87ec-8d7e2319a135.webp"",""type"":""image"",""width"":0.3628146558016385,""height"":0.36281465580163846,""rotation"":-0.007028317274894169,""placeholder"":""L:P%O.ofj]ofM{fQf6fQ00ayayay""},{""x"":0.636556377847686,""y"":0.3607198867439664,""z"":12,""id"":""cdd2aeec-3079-46b8-8156-083c93175153"",""type"":""text"",""width"":0,""height"":0,""fontSize"":0.011737089201877934,""fontType"":""Calibri"",""rotation"":0,""fontColor"":""#000"",""textContent"":""今天台中天氣挺好\n吃完飯有去公園當一下老人""},{""x"":0.14206953752435195,""y"":0.6443661971830986,""z"":14,""id"":""fdd92b27-b8f2-47ed-b048-5302ec382a1b"",""type"":""text"",""width"":0,""height"":0,""fontSize"":0.011737089201877934,""fontType"":""Calibri"",""rotation"":0,""fontColor"":""#000"",""textContent"":""今天測的什麼走心測驗\n不是不會走心\n是先分心了不好意思""}],""maxZIndex"":14,""backgroundImage"":{""path"":""bg_01"",""type"":""local""}}"
"1b7a8470-e3af-46e2-a405-ce4744839492","2024-12-27T15:35:23.865756+00:00","2024-12-26","2024-12-27T15:35:23.865756+00:00",false,"4b381455-be80-45e1-96e9-03ea15450ad8","a6300bac-4d56-49f3-9e9e-a3919a9bd8cf","{""id"":""1b7a8470-e3af-46e2-a405-ce4744839492"",""items"":[{""x"":0.061111117631961136,""y"":0.11729856011991817,""z"":3,""id"":""80e3ccb6-da21-4869-af72-75cf9b82a070"",""path"":""https://zckngbdtquzqrmrpjhhx.supabase.co/storage/v1/object/public/page_photos/9eb4d9fc-8130-4534-a223-1fe15643cc46/80e3ccb6-da21-4869-af72-75cf9b82a070.webp"",""type"":""image"",""width"":0.47310182942244366,""height"":0.29148453945458613,""rotation"":0,""placeholder"":""LgJHs[xtt6M{_4WCRjWBtmj]V@j[""},{""x"":0.49743587787334737,""y"":0.37045813284779044,""z"":4,""id"":""846f4603-5718-44ef-800c-d6c376127426"",""path"":""https://zckngbdtquzqrmrpjhhx.supabase.co/storage/v1/object/public/page_photos/9eb4d9fc-8130-4534-a223-1fe15643cc46/846f4603-5718-44ef-800c-d6c376127426.webp"",""type"":""image"",""width"":0.471229275703882,""height"":0.29033083337205995,""rotation"":0,""placeholder"":""LGG[cs%h%2NI*0%giws-OFI=M|sk""},{""x"":0.05170939518855168,""y"":0.6230252704349174,""z"":5,""id"":""6cd7abcb-9bf0-4175-b935-77ba638b553b"",""path"":""https://zckngbdtquzqrmrpjhhx.supabase.co/storage/v1/object/public/page_photos/9eb4d9fc-8130-4534-a223-1fe15643cc46/6cd7abcb-9bf0-4175-b935-77ba638b553b.webp"",""type"":""image"",""width"":0.5900605264641844,""height"":0.20449372510755207,""rotation"":0,""placeholder"":""LUHd+{4nyD9b0gb^%0%0o2%1xZIp""},{""x"":0.5641025641025641,""y"":0.33135859774187276,""z"":6,""id"":""0b79a63d-0d9f-4b8e-a3db-303cd2d8bf83"",""type"":""text"",""width"":0,""height"":0,""fontSize"":0.018957345971563982,""fontType"":""Calibri"",""rotation"":0,""fontColor"":""#000"",""textContent"":""昨天是在家chill的一天""},{""x"":0.41282055194561296,""y"":0.4320694982158064,""z"":7,""id"":""43d76205-6a74-4d50-abe6-654bcbcbd1af"",""type"":""text"",""width"":0,""height"":0,""fontSize"":0.017772511848341232,""fontType"":""Calibri"",""rotation"":0,""fontColor"":""#000"",""textContent"":""麥可➡️""},{""x"":0.47008545704377,""y"":0.7586887775439222,""z"":8,""id"":""21a5d0e0-6a36-49a6-8ebf-4c8ee0936f87"",""type"":""text"",""width"":0,""height"":0,""fontSize"":0.018957345971563982,""fontType"":""Calibri"",""rotation"":0,""fontColor"":""#000"",""textContent"":""狗勾🥰""}],""maxZIndex"":8,""backgroundImage"":{""path"":""bg_04"",""type"":""local""}}"
"b9a05e9c-5cd1-43f3-b021-e22e3e03aa79","2024-12-24T01:05:39.629849+00:00","2024-12-13","2024-12-24T22:44:22.205205+00:00",false,"4b381455-be80-45e1-96e9-03ea15450ad8","a6300bac-4d56-49f3-9e9e-a3919a9bd8cf","{""id"":""eafd83f1-c346-4203-9be7-ed380f26cda6"",""items"":[{""x"":0.04529909965319513,""y"":0.10308056872037914,""z"":23,""id"":""24ba75a6-1223-4869-9371-9f0afc910016"",""path"":""https://zckngbdtquzqrmrpjhhx.supabase.co/storage/v1/object/public/page_photos/9eb4d9fc-8130-4534-a223-1fe15643cc46/6b14abaa-216b-4a8d-8c11-eba504fc09bb.avif"",""type"":""image"",""width"":0.6257319776374692,""height"":0.38552207153019546,""rotation"":0,""placeholder"":""LNG@[5x[xaxG0jIXxuNeoh%1V[$%""},{""x"":0.06666664710411642,""y"":0.6011058481948638,""z"":25,""id"":""83e389ce-f49f-4e84-a32f-a6aabc04b090"",""type"":""text"",""width"":0,""height"":0,""fontSize"":0.011848341232227487,""fontType"":""Calibri"",""rotation"":0,""fontColor"":""#000"",""textContent"":""第二攤是麥可朋友的喬遷派對\n他搬家後還領養了兩隻小貓\n結果領養了才發現自己其實對貓過敏\n（以前幫顧過貓但那時沒事）\n說明天要退回去…🙃""},{""x"":0.5401709532126385,""y"":0.5849131001115415,""z"":13,""id"":""8b8e0c03-f0eb-4949-aa89-89cd18529566"",""path"":""https://zckngbdtquzqrmrpjhhx.supabase.co/storage/v1/object/public/page_photos/9eb4d9fc-8130-4534-a223-1fe15643cc46/db403c8b-ccb2-4e8f-8bd4-0924850c4791.avif"",""type"":""image"",""width"":0.4419124357022051,""height"":0.3014149986009905,""rotation"":0,""placeholder"":""LBB:Ka~V?GM{4.9Gt7xa^*f+E2NG""},{""x"":0.060683734600360514,""y"":0.49644551570946566,""z"":24,""id"":""fe394a36-3488-43a3-a967-6df76a9a7377"",""type"":""text"",""width"":0,""height"":0,""fontSize"":0.016587677725118485,""fontType"":""Calibri"",""rotation"":0,""fontColor"":""#000"",""textContent"":""昨天跑兩攤太累了\n現在補日記\n第一攤跟朋友吃火鍋 \n好久沒吃了蠻快樂""}],""maxZIndex"":0,""backgroundImage"":{""path"":""bg_04"",""type"":""local""}}"
"b1a77559-1770-4ecd-b1f6-77011b4553eb","2024-12-24T22:59:12.27614+00:00","2024-12-24","2024-12-25T06:06:19.154363+00:00",false,"4b381455-be80-45e1-96e9-03ea15450ad8","a6300bac-4d56-49f3-9e9e-a3919a9bd8cf","{""id"":""b1a77559-1770-4ecd-b1f6-77011b4553eb"",""items"":[{""x"":0.05299148559570254,""y"":0.11334913714802089,""z"":15,""id"":""c4eeb320-f171-41cf-8c2f-0c5f1294ec10"",""path"":""https://zckngbdtquzqrmrpjhhx.supabase.co/storage/v1/object/public/page_photos/9eb4d9fc-8130-4534-a223-1fe15643cc46/c4eeb320-f171-41cf-8c2f-0c5f1294ec10.webp"",""type"":""image"",""width"":0.5688666015343623,""height"":0.3504865317510289,""rotation"":-0.0012932657296411687,""placeholder"":""LPFrbDn,WBxu~VxaozR+IVM{ozRl""},{""x"":0.5123931493514623,""y"":0.11453393511297578,""z"":22,""id"":""d42f7b9f-622e-4ee6-8246-4653345863da"",""type"":""text"",""width"":0,""height"":0,""fontSize"":0.012753435984081582,""fontType"":""Calibri-Bold"",""rotation"":0,""fontColor"":""#000"",""textContent"":""今天平安夜\n大部分時間都在安排\n我媽來紐約的行程\n還有幫忙包禮物\n今年麥可家禮物比去年還多\n很誇張 美國人聖誕節沒有在開玩笑""},{""x"":0.36965809357471957,""y"":0.3497235176122584,""z"":19,""id"":""b93dfddf-a344-4a6f-adb3-2ffa8ddbaeca"",""path"":""https://zckngbdtquzqrmrpjhhx.supabase.co/storage/v1/object/public/page_photos/9eb4d9fc-8130-4534-a223-1fe15643cc46/b93dfddf-a344-4a6f-adb3-2ffa8ddbaeca.webp"",""type"":""image"",""width"":0.6003687796453526,""height"":0.3698954566535348,""rotation"":0,""placeholder"":""LKFYMoo}Rj-p~UxuozxtNHV@R*oe""},{""x"":0.446153807028746,""y"":0.7318325313911619,""z"":23,""id"":""72e2bfdf-5a62-4606-b237-2ddb8ce97685"",""type"":""text"",""width"":0,""height"":0,""fontSize"":0.011848341232227487,""fontType"":""Calibri-Bold"",""rotation"":0,""fontColor"":""#c1121f"",""textContent"":""除了這些\n還有一個快跟我一樣高的禮物沒擺出來\n每個人（包含狗）都有裝滿小禮物的聖誕襪\n難怪他們都說聖誕節是一年最棒的時間\n我現在很懊悔沒有多送麥可家一點禮物……🤦‍♀️""}],""maxZIndex"":23,""backgroundImage"":{""path"":""bg_04"",""type"":""local""}}"
"582a9aea-acf9-4a2d-89c3-839f5b1b3641","2024-12-30T08:47:15.35629+00:00","2024-12-30","2024-12-30T08:47:15.35629+00:00",false,"4b381455-be80-45e1-96e9-03ea15450ad8","632e3d17-8713-46e9-ab1b-604bfa3ce11f","{""id"":""582a9aea-acf9-4a2d-89c3-839f5b1b3641"",""items"":[{""x"":0.1739315913273738,""y"":0.1423775370087104,""z"":11,""id"":""24e396db-7ef4-49c7-8c2e-e97b46fd4003"",""path"":""https://zckngbdtquzqrmrpjhhx.supabase.co/storage/v1/object/public/page_photos/2caf72af-e28f-4cc1-a20f-e8b79a48964b/24e396db-7ef4-49c7-8c2e-e97b46fd4003.webp"",""type"":""image"",""width"":0.6410941817850772,""height"":0.526649248859779,""rotation"":0,""placeholder"":""LSD9n@%K%2NH~pxsn$NJ%LRjRiS6""},{""x"":0.195726560934996,""y"":0.48380729711451237,""z"":12,""id"":""464217e5-ebfa-4ddb-b620-1bd5f04be0c1"",""type"":""text"",""width"":0,""height"":0,""fontSize"":0.02014218009478673,""fontType"":""Calibri"",""rotation"":0,""fontColor"":""#669bbc"",""textContent"":""突然想換回來定焦 鏡頭也小太多""}],""maxZIndex"":12,""backgroundImage"":{""path"":""bg_04"",""type"":""local""}}"
"a449c4b2-b5dc-475e-bceb-3335ebaae907","2024-12-27T15:39:04.146564+00:00","2024-12-27","2024-12-28T03:57:12.56436+00:00",false,"4b381455-be80-45e1-96e9-03ea15450ad8","a6300bac-4d56-49f3-9e9e-a3919a9bd8cf","{""id"":""a449c4b2-b5dc-475e-bceb-3335ebaae907"",""items"":[{""x"":0.5,""y"":0.5,""z"":1,""id"":""b9cc6dbb-ac9e-4dbd-abf9-cb387add1e6d"",""type"":""text"",""width"":0,""height"":0,""fontSize"":0.035545023696682464,""fontType"":""Calibri"",""rotation"":0,""fontColor"":""#000"",""textContent"":""""},{""x"":0.061111117631961136,""y"":0.12302527947448441,""z"":2,""id"":""4484eac5-2ab4-4381-906c-976a230d1a6d"",""type"":""text"",""width"":0,""height"":0,""fontSize"":0.02827232130598652,""fontType"":""Calibri-Bold"",""rotation"":0,""fontColor"":""#000"",""textContent"":""今天麥可2️⃣7️⃣歲生日\n🎉🎂🥳""},{""x"":0.038461518898988384,""y"":0.42831752650545674,""z"":8,""id"":""faec6730-c098-4209-aa3c-93be8ddee138"",""path"":""https://zckngbdtquzqrmrpjhhx.supabase.co/storage/v1/object/public/page_photos/9eb4d9fc-8130-4534-a223-1fe15643cc46/faec6730-c098-4209-aa3c-93be8ddee138.webp"",""type"":""image"",""width"":0.5062358580164062,""height"":0.311898869867928,""rotation"":0,""placeholder"":""LlEf+@ngMwjEt:V?acWBkYWCt7ax""},{""x"":0.05470084165915465,""y"":0.4328594117368002,""z"":9,""id"":""eb5704d6-1a80-4946-a507-5e4547f58082"",""type"":""text"",""width"":0,""height"":0,""fontSize"":0.017772511848341232,""fontType"":""Calibri"",""rotation"":0,""fontColor"":""#FFF"",""textContent"":""剛剛從爬山行程回來\n等等要去吃生日晚餐\n晚點貼照片""},{""x"":0.43760685064853766,""y"":0.556477090193762,""z"":5,""id"":""5706f75d-7c23-47cd-9dc9-b2cec699c1bf"",""path"":""https://zckngbdtquzqrmrpjhhx.supabase.co/storage/v1/object/public/page_photos/9eb4d9fc-8130-4534-a223-1fe15643cc46/5706f75d-7c23-47cd-9dc9-b2cec699c1bf.webp"",""type"":""image"",""width"":0.5142881691743701,""height"":0.31686000944392473,""rotation"":0,""placeholder"":""LOGHuD0Mf,RjXA$~xZM|E1t7t6WC""}],""maxZIndex"":9,""backgroundImage"":{""path"":""bg_04"",""type"":""local""}}"
"57515227-4e59-4166-8b10-92e91a7d84aa","2025-01-04T02:27:07.893409+00:00","2025-01-03","2025-01-04T02:27:07.893409+00:00",false,"4b381455-be80-45e1-96e9-03ea15450ad8","a6300bac-4d56-49f3-9e9e-a3919a9bd8cf","{""id"":""57515227-4e59-4166-8b10-92e91a7d84aa"",""items"":[{""x"":0.158119632036258,""y"":0.12006319416642754,""z"":3,""id"":""636f634e-e32e-4467-a738-76c5d2bd4583"",""path"":""https://zckngbdtquzqrmrpjhhx.supabase.co/storage/v1/object/public/page_photos/9eb4d9fc-8130-4534-a223-1fe15643cc46/636f634e-e32e-4467-a738-76c5d2bd4583.webp"",""type"":""image"",""width"":0.6682212705059992,""height"":0.41170030884255887,""rotation"":0,""placeholder"":""LYHxKP%MEMt8D%jZt7WB0fIUxCoe""},{""x"":0.16324783716446314,""y"":0.5414691943127962,""z"":4,""id"":""5a6dff77-de8e-4d90-8d36-2dfaa305a3f0"",""type"":""text"",""width"":0,""height"":0,""fontSize"":0.016587677725118485,""fontType"":""Calibri"",""rotation"":0,""fontColor"":""#000"",""textContent"":""早餐\n\n今天是認真做事的一天\n麥可最近好像得流感\n我這兩天喉嚨也怪怪\n希望明天病情不要加重🙃""}],""maxZIndex"":4,""backgroundImage"":{""path"":""bg_04"",""type"":""local""}}"
"b0f724dd-2450-4314-9eba-1e9518a01115","2024-12-24T01:05:39.629849+00:00","2024-12-15","2024-12-24T22:46:44.36749+00:00",false,"4b381455-be80-45e1-96e9-03ea15450ad8","6eea90f5-325a-4ccf-aceb-3471c02914c0","{""id"":""eb13a2e3-cd2b-4799-959c-c4c4bf67b34b"",""items"":[{""x"":0.6106869646611094,""y"":0.2918622997445117,""z"":37,""id"":""1a16ae4a-82d6-4eaa-a640-658fe1ea8576"",""path"":""https://zckngbdtquzqrmrpjhhx.supabase.co/storage/v1/object/public/page_photos/06435e09-bc0a-4026-82a8-f1743489a5c8/c29ff934-e90a-4c5a-9892-5907b9f79746.webp"",""type"":""image"",""width"":0.3189011547713384,""height"":0.19613169612697182,""rotation"":0.144050156082992,""placeholder"":""LMIgluD4X,S$%zXSxas.0ycEoMoJ""},{""x"":0.11407975446783564,""y"":0.6584507221347288,""z"":43,""id"":""1d0e6f80-7174-43b9-9834-a4d0ece4e922"",""type"":""text"",""width"":0,""height"":0,""fontSize"":0.012910798122065728,""fontType"":""Calibri-Light"",""rotation"":0,""fontColor"":""#000"",""textContent"":""今天參加婚禮\n婚宴結束獲得很多束花、月曆、一堆小馬卡龍、兩小瓶伏特加\n然後被塞了三袋橘子是怎樣？😍\n婚禮蟑螂 賺""},{""x"":0.08778625954198473,""y"":0.0035211267605633804,""z"":35,""id"":""5df3c35e-4ab0-41e3-847f-c6df59acf28b"",""path"":""https://zckngbdtquzqrmrpjhhx.supabase.co/storage/v1/object/public/page_photos/06435e09-bc0a-4026-82a8-f1743489a5c8/d61ffc2f-12df-4a86-9ce3-3e1cca0dadf9.webp"",""type"":""image"",""width"":0.584050179037,""height"":0.40410514148158566,""rotation"":-0.0501640684215225,""placeholder"":""LUI;x5M|-;-;~pM_xaR*xtM{M{n%""},{""x"":0.46564887437505087,""y"":0.14749610256141316,""z"":36,""id"":""64a325ba-f155-41b4-9227-959a67e7827b"",""path"":""https://zckngbdtquzqrmrpjhhx.supabase.co/storage/v1/object/public/page_photos/06435e09-bc0a-4026-82a8-f1743489a5c8/d5aff4be-dc51-4ca4-8b80-9cdc7138067d.webp"",""type"":""image"",""width"":0.38948197734394907,""height"":0.11977027941797418,""rotation"":0.0654673399773169,""placeholder"":""LBI}LzV]Ab^*-.9GicRi0M^,9EEL""}],""maxZIndex"":0,""backgroundImage"":{""path"":""bg_05"",""type"":""local""}}"
"cd3ba847-b1d7-408a-ab30-7853279b66bf","2024-12-26T17:24:56.691447+00:00","2024-12-26","2024-12-26T17:24:56.691447+00:00",false,"4b381455-be80-45e1-96e9-03ea15450ad8","2bdbc127-920a-432e-b1b6-1fa1ed6687a1","{""id"":""cd3ba847-b1d7-408a-ab30-7853279b66bf"",""items"":[{""x"":0.07739026149113973,""y"":0.07892700116348615,""z"":1,""id"":""6f6981e1-9988-448e-9edf-385944a77ee9"",""path"":""https://zckngbdtquzqrmrpjhhx.supabase.co/storage/v1/object/public/page_photos/f7010ecc-27d2-43a4-871e-d7e647d1ee4f/6f6981e1-9988-448e-9edf-385944a77ee9.webp"",""type"":""image"",""width"":0.6256111140832451,""height"":0.41211345118017984,""rotation"":0,""placeholder"":""L3JH27Et0Z}wU]u2ISzq01^S8wt%""},{""x"":0.13682083023919,""y"":0.5082597917956381,""z"":2,""id"":""a8428653-988f-4bbd-8441-9c7dbe07d98d"",""type"":""text"",""width"":0,""height"":0,""fontSize"":0.012008234217749313,""fontType"":""Calibri-Bold"",""rotation"":0,""fontColor"":""#000"",""textContent"":""今天有起床吃飯店早餐\n一樣是給自己一個讚\n這次的跨年出差相比去年真的是輕鬆到不能再輕鬆\n12點就可以走人\n開心到不行""}],""maxZIndex"":2,""backgroundImage"":{""path"":""bg_04"",""type"":""local""}}"
"52fd9822-5b73-429a-858d-fe1ace6fdd93","2024-12-27T16:44:25.240426+00:00","2024-12-27","2024-12-27T16:44:25.240426+00:00",false,"4b381455-be80-45e1-96e9-03ea15450ad8","2bdbc127-920a-432e-b1b6-1fa1ed6687a1","{""id"":""52fd9822-5b73-429a-858d-fe1ace6fdd93"",""items"":[{""x"":0.12520763265589874,""y"":0.0865314611031828,""z"":1,""id"":""22819646-b207-462e-8f6b-f1e984c0be8a"",""path"":""https://zckngbdtquzqrmrpjhhx.supabase.co/storage/v1/object/public/page_photos/f7010ecc-27d2-43a4-871e-d7e647d1ee4f/22819646-b207-462e-8f6b-f1e984c0be8a.webp"",""type"":""image"",""width"":0.6371917173843187,""height"":0.41974202792013665,""rotation"":0.002471347955725345,""placeholder"":""L6G8ce?at-9F_4Jo4o-p00EODhof""},{""x"":0.22546397315131295,""y"":0.5126499130653877,""z"":2,""id"":""afd7f79f-c95e-4432-9842-a5c6f323b272"",""type"":""text"",""width"":0,""height"":0,""fontSize"":0.0192131747483989,""fontType"":""Calibri"",""rotation"":0,""fontColor"":""#000"",""textContent"":""宵夜是薯餅蛋餅\n我覺得薯餅但吃就好\n夾在蛋餅裡是對他的污辱""}],""maxZIndex"":2,""backgroundImage"":{""path"":""bg_04"",""type"":""local""}}"
"bc935ec0-334a-47bc-a978-2a630bdc1ecf","2024-12-27T19:23:25.594562+00:00","2024-12-27","2024-12-27T19:32:31.809577+00:00",false,"4b381455-be80-45e1-96e9-03ea15450ad8","eecd2083-81ee-4e52-a4cf-fd6687bd002d","{""id"":""bc935ec0-334a-47bc-a978-2a630bdc1ecf"",""items"":[{""x"":0.1924444580078125,""y"":-0.11555827662275342,""z"":24,""id"":""599edb42-fbb9-498c-b6c6-048e77275eb6"",""path"":""https://zckngbdtquzqrmrpjhhx.supabase.co/storage/v1/object/public/page_photos/a25e0568-6a10-4582-9562-2c78fc211089/599edb42-fbb9-498c-b6c6-048e77275eb6.webp"",""type"":""image"",""width"":0.7897955997718078,""height"":0.6484364530146207,""rotation"":0,""placeholder"":""LAIqy38w4maHZNMxIUMe?p?Zx[fm""},{""x"":0.03422218831380208,""y"":0.2859195934727861,""z"":28,""id"":""77df2b41-49b2-4e71-9899-3c42ac1f73db"",""path"":""https://zckngbdtquzqrmrpjhhx.supabase.co/storage/v1/object/public/page_photos/a25e0568-6a10-4582-9562-2c78fc211089/77df2b41-49b2-4e71-9899-3c42ac1f73db.webp"",""type"":""image"",""width"":0.568018633801349,""height"":0.3496862504631811,""rotation"":0,""placeholder"":""LYD,7iIA4nWB00of?bozRixvMxWC""},{""x"":0.3471111653645833,""y"":0.23604269920311538,""z"":25,""id"":""25ceb182-4851-4ec4-8e78-adcd938e492e"",""type"":""text"",""width"":0,""height"":0,""fontSize"":0.01847290640394089,""fontType"":""Calibri"",""rotation"":0,""fontColor"":""#fdf0d5"",""textContent"":""唸出來笑了五分鐘""},{""x"":0.21466666666666667,""y"":0.5500821080701105,""z"":29,""id"":""251acb18-5450-4375-a244-76bac9ee421e"",""type"":""text"",""width"":0,""height"":0,""fontSize"":0.012315270935960592,""fontType"":""Calibri"",""rotation"":0,""fontColor"":""#c1121f"",""textContent"":""跟主管和前同事還有主管男朋友奇怪組合二刷星際效應\n非常好看""},{""x"":0.11999993896484352,""y"":0.603243033874211,""z"":32,""id"":""af7696e0-2fa5-4976-b7ad-f32e3a49d798"",""path"":""https://zckngbdtquzqrmrpjhhx.supabase.co/storage/v1/object/public/page_photos/a25e0568-6a10-4582-9562-2c78fc211089/af7696e0-2fa5-4976-b7ad-f32e3a49d798.webp"",""type"":""image"",""width"":0.7578780611754536,""height"":0.18884728371654363,""rotation"":0.011233494360705004,""placeholder"":""L46k9o^n$.$-lBY7O]TLTfpKxwo$""},{""x"":0.2235555419921875,""y"":0.8013136351637065,""z"":33,""id"":""427744b6-8246-48a2-9a9e-b05117253899"",""type"":""text"",""width"":0,""height"":0,""fontSize"":0.012315270935960592,""fontType"":""Calibri"",""rotation"":0,""fontColor"":""#000"",""textContent"":""想講但不知道放哪 寫在這裡\n今天收到兩封信\n一封是我等了2個多月的名古屋大學申請結果\n反正不出所料的被拒絕了\n\n第二封是我聯絡竹女申請畢業證明\n不愧是高中 動作完全不是大學可以比的\n感覺的出來很怕被家長投訴\n接電話第一聲都還沒ㄌㄧㄤ就接起來了\n回信比回LINE 還快\n所以我會再繼續努力的""}],""maxZIndex"":33,""backgroundImage"":{""path"":""bg_04"",""type"":""local""}}"
"ce27ab79-353f-43a0-b7ac-bf9609c9b89b","2025-01-01T17:12:08.748073+00:00","2025-01-01","2025-01-01T17:12:08.748073+00:00",false,"4b381455-be80-45e1-96e9-03ea15450ad8","a6300bac-4d56-49f3-9e9e-a3919a9bd8cf","{""id"":""ce27ab79-353f-43a0-b7ac-bf9609c9b89b"",""items"":[{""x"":0.06837604229266826,""y"":0.14454976303317535,""z"":1,""id"":""be2caa7d-35ed-4fce-b098-cfccd282f7a1"",""type"":""text"",""width"":0,""height"":0,""fontSize"":0.023696682464454975,""fontType"":""Calibri"",""rotation"":0,""fontColor"":""#000"",""textContent"":""2️⃣0️⃣2️⃣5️⃣\n㊗️婊貝們新的一年\n事事順利 運氣爆棚 心情愉悅\n期待今年有機會回台相逢\n🥹🫶""}],""maxZIndex"":1,""backgroundImage"":{""path"":""bg_01"",""type"":""local""}}"
"ee326fb3-be0e-4a11-ad80-7ee5be004a75","2024-12-24T01:05:39.629849+00:00","2024-12-14","2024-12-24T22:48:04.153231+00:00",false,"4b381455-be80-45e1-96e9-03ea15450ad8","a6300bac-4d56-49f3-9e9e-a3919a9bd8cf","{""id"":""07b1f37b-511f-41f6-96be-c51d6097c9fc"",""items"":[{""x"":0.03931624583708923,""y"":0.3011453366392595,""z"":8,""id"":""39a606f1-4492-49a9-a0f9-87edded20397"",""path"":""https://zckngbdtquzqrmrpjhhx.supabase.co/storage/v1/object/public/page_photos/9eb4d9fc-8130-4534-a223-1fe15643cc46/361c1d9c-4e71-4e03-bfbb-5caca76d3c86.avif"",""type"":""image"",""width"":0.6741204465901051,""height"":0.41533487230670024,""rotation"":0,""placeholder"":""LAI;*E0JtQ={4.M|%34.9cD%X9D*""},{""x"":0.08589745545998616,""y"":0.7322274881516587,""z"":11,""id"":""70c4a6d8-0214-4164-ac78-f2c6ace6d6bc"",""type"":""text"",""width"":0,""height"":0,""fontSize"":0.019467924263530688,""fontType"":""Calibri"",""rotation"":0,""fontColor"":""#000"",""textContent"":""結果沒跟人拍到照\n而且他朋友意外超話癆\n鄭安育全程沒講超過20句話吧哈哈哈哈""},{""x"":0.002564102564102564,""y"":0.20023696682464456,""z"":6,""id"":""b942f6f2-da7d-4dbd-9f48-e7148e8b07be"",""type"":""text"",""width"":0,""height"":0,""fontSize"":0.022511848341232227,""fontType"":""Calibri"",""rotation"":0,""fontColor"":""#000"",""textContent"":""他放寒假來紐約玩""},{""x"":0.0641025641025641,""y"":0.12835702398941942,""z"":4,""id"":""f3a8b161-bd54-4f53-bd51-893f6740190c"",""type"":""text"",""width"":0,""height"":0,""fontSize"":0.02132701421800948,""fontType"":""Calibri"",""rotation"":0,""fontColor"":""#000"",""textContent"":""今天要跟鄭安育和他朋友吃飯\n晚點貼照片""}],""maxZIndex"":0,""backgroundImage"":{""path"":""bg_04"",""type"":""local""}}"
"db197d86-af93-4c2f-8211-c526890e320d","2024-12-24T01:05:39.736214+00:00","2024-12-22","2024-12-25T06:07:44.982865+00:00",false,"4b381455-be80-45e1-96e9-03ea15450ad8","a6300bac-4d56-49f3-9e9e-a3919a9bd8cf","{""id"":""3a798993-490a-42a9-8405-6ab1be5ae3b2"",""items"":[{""x"":0.045726482684795636,""y"":0.11591626569558092,""z"":9,""id"":""df10981c-2ea3-4d65-b8f5-4f1852a06c4a"",""path"":""https://zckngbdtquzqrmrpjhhx.supabase.co/storage/v1/object/public/page_photos/9eb4d9fc-8130-4534-a223-1fe15643cc46/89be55b5-bb0c-49a0-b12c-a370b3b8c329.avif"",""type"":""image"",""width"":0.4189340107499795,""height"":0.2581110018838732,""rotation"":0,""placeholder"":""LLF6U*-pRNROO_9Fi]x]KUs%sla#""},{""x"":0.47564104520357686,""y"":0.11749605657930012,""z"":12,""id"":""32fd280c-7570-4ed6-b98a-3c8b15564548"",""path"":""https://zckngbdtquzqrmrpjhhx.supabase.co/storage/v1/object/public/page_photos/9eb4d9fc-8130-4534-a223-1fe15643cc46/3f3a3a3f-b651-480c-96e5-f323f9eae58e.avif"",""type"":""image"",""width"":0.41607171462057435,""height"":0.256347501898936,""rotation"":0,""placeholder"":""LKGu?=4.IpaK1A-;NLIV0P?at8Na""},{""x"":0.025213681734525102,""y"":0.37954187619177604,""z"":15,""id"":""1ec9b2ec-dcf7-4843-89f6-29bb00b8b54b"",""path"":""https://zckngbdtquzqrmrpjhhx.supabase.co/storage/v1/object/public/page_photos/9eb4d9fc-8130-4534-a223-1fe15643cc46/412189e5-d3d7-49be-8ddd-93e789799839.avif"",""type"":""image"",""width"":0.6033168477561847,""height"":0.20908788858848934,""rotation"":0,""placeholder"":""LLFPQ%~U?FRm5cxUs*j?NMWBRl-:""},{""x"":0.26752135447966413,""y"":0.3830963604823116,""z"":20,""id"":""87c4def0-d8e1-460b-b68d-fe6dadd32eb7"",""type"":""text"",""width"":0,""height"":0,""fontSize"":0.011848341232227487,""fontType"":""Calibri-Bold"",""rotation"":0,""fontColor"":""#FFF"",""textContent"":""今天早上又去另一區健行\n一路上看到各式各樣的聖誕擺設\n這兩家是我心目中第一名""},{""x"":0.20512820512820512,""y"":0.5394944828268471,""z"":22,""id"":""8434f7c6-c11c-4e1c-a6ef-e12c4c655e43"",""type"":""text"",""width"":0,""height"":0,""fontSize"":0.015402843601895734,""fontType"":""Calibri"",""rotation"":0,""fontColor"":""#FFC300"",""textContent"":""聖誕翻車現場""},{""x"":0.06196580544496194,""y"":0.6001184834123223,""z"":1,""id"":""76f23a42-d818-4cf4-ac11-28f876b9e315"",""path"":""https://zckngbdtquzqrmrpjhhx.supabase.co/storage/v1/object/public/page_photos/9eb4d9fc-8130-4534-a223-1fe15643cc46/76f23a42-d818-4cf4-ac11-28f876b9e315.webp"",""type"":""image"",""width"":0.9150803238911028,""height"":0.31713388002150183,""rotation"":0,""placeholder"":""LOFFy{4;NgxtEqR:WCj@01$~xWWA""},{""x"":0.1905983166816907,""y"":0.8676935168804151,""z"":2,""id"":""1d115214-e14a-49c6-8f34-1858baa2b8b6"",""type"":""text"",""width"":0,""height"":0,""fontSize"":0.035545023696682464,""fontType"":""Calibri"",""rotation"":0,""fontColor"":""#FFC300"",""textContent"":""是雪橇車禍的一個畫面""}],""maxZIndex"":2,""backgroundImage"":{""path"":""bg_04"",""type"":""local""}}"
"5f561048-0f50-45fa-a8cc-04bf8b7ff8bb","2024-12-27T06:20:36.610254+00:00","2024-12-27","2024-12-27T06:20:36.610254+00:00",false,"4b381455-be80-45e1-96e9-03ea15450ad8","6eea90f5-325a-4ccf-aceb-3471c02914c0","{""id"":""5f561048-0f50-45fa-a8cc-04bf8b7ff8bb"",""items"":[{""x"":0.10814249363867645,""y"":0.13634584991025225,""z"":12,""id"":""3ac3c74f-fff2-4ba9-87ff-e7c192f06fa2"",""path"":""https://zckngbdtquzqrmrpjhhx.supabase.co/storage/v1/object/public/page_photos/06435e09-bc0a-4026-82a8-f1743489a5c8/3ac3c74f-fff2-4ba9-87ff-e7c192f06fa2.webp"",""type"":""image"",""width"":0.6421127207131868,""height"":0.39491439630717123,""rotation"":0.000051159587519084004,""placeholder"":""LVHBubM{I:E19Z-;Rjt700bGxukC""},{""x"":0.10729429133369116,""y"":0.5399060853770081,""z"":6,""id"":""44813eac-8509-498d-af95-ad83c9cf39d1"",""type"":""text"",""width"":0,""height"":0,""fontSize"":0.011737089201877934,""fontType"":""Calibri"",""rotation"":0,""fontColor"":""#000"",""textContent"":""今天買的奇怪東西""},{""x"":0.36853266126326933,""y"":0.3908451062412889,""z"":11,""id"":""444597e3-8ff6-4276-84a6-4fcfea026bda"",""path"":""https://zckngbdtquzqrmrpjhhx.supabase.co/storage/v1/object/public/page_photos/06435e09-bc0a-4026-82a8-f1743489a5c8/444597e3-8ff6-4276-84a6-4fcfea026bda.webp"",""type"":""image"",""width"":0.6962632984654423,""height"":0.6962632984654423,""rotation"":0,""placeholder"":""LmI5PeoeRjxuxtj[ayj]01a}jsR*""},{""x"":0.1055980032030256,""y"":0.7621283195388149,""z"":13,""id"":""1dddfdc1-c88a-4bd1-a74b-ece96783aabe"",""type"":""text"",""width"":0,""height"":0,""fontSize"":0.011737089201877934,""fontType"":""Calibri"",""rotation"":0,""fontColor"":""#000"",""textContent"":""好想買這一整組企鵝\n我可以買嗎\n可以的吧""}],""maxZIndex"":13,""backgroundImage"":{""path"":""bg_05"",""type"":""local""}}"
"e866aa84-d94c-4319-a7f5-14b1563672b9","2024-12-24T01:05:39.629849+00:00","2024-12-12","2024-12-24T22:50:29.139627+00:00",false,"4b381455-be80-45e1-96e9-03ea15450ad8","a6300bac-4d56-49f3-9e9e-a3919a9bd8cf","{""id"":""7731915b-b569-4fe1-98c7-f96bace89737"",""items"":[{""x"":0.5145299275716154,""y"":0.8621642849456647,""z"":17,""id"":""1ecaaec6-54bd-41ac-9f93-3cc3acab85ac"",""type"":""text"",""width"":0,""height"":0,""fontSize"":0.018957345971563982,""fontType"":""Calibri"",""rotation"":0,""fontColor"":""#fdf0d5"",""textContent"":""還順路去看了巨鴿""},{""x"":0.017094030135717156,""y"":0.6635071090047393,""z"":32,""id"":""27ed4a1f-2123-43eb-af98-d0d41119e14b"",""type"":""text"",""width"":0,""height"":0,""fontSize"":0.013033175355450236,""fontType"":""Calibri-Bold"",""rotation"":0,""fontColor"":""#669bbc"",""textContent"":""今天風超大差點原地結凍🥶""},{""x"":0.4735043061085256,""y"":0.2229462754669917,""z"":29,""id"":""532afec5-f802-40b6-a971-ba4ce2d903e4"",""path"":""https://zckngbdtquzqrmrpjhhx.supabase.co/storage/v1/object/public/page_photos/9eb4d9fc-8130-4534-a223-1fe15643cc46/41e4808e-d4c5-4aba-a71b-3b8cfee08073.avif"",""type"":""image"",""width"":0.477775837502359,""height"":0.29436426007254385,""rotation"":0,""placeholder"":""LCBp5#^*ESxt9wR+s.bb0hM{xBoe""},{""x"":0.061111137194511285,""y"":0.12144547955119668,""z"":4,""id"":""66cff4d5-61c1-4cc8-bc6a-457cf0be67d7"",""type"":""text"",""width"":0,""height"":0,""fontSize"":0.014214400719368128,""fontType"":""Calibri"",""rotation"":0,""fontColor"":""#000"",""textContent"":""今天要去The Vessel玩\nThe Vessel是個長得像蜂巢的建築\n因為之前老是有人從上面跳下去🙃所以一直關閉\n最近開放了 趁有人又想不開之前趕快去看\n晚點貼照片""},{""x"":0.02136750832582131,""y"":0.5943917730973235,""z"":27,""id"":""86577892-b1c8-46b1-b053-e250b74ef788"",""type"":""text"",""width"":0,""height"":0,""fontSize"":0.013033175355450236,""fontType"":""Calibri"",""rotation"":0,""fontColor"":""#000"",""textContent"":""全部被網子包起來\n很怕有人又亂來""},{""x"":0.37393159132737436,""y"":0.5550947957694253,""z"":15,""id"":""e927c966-adc1-4386-8b53-c50fdc3f4406"",""path"":""https://zckngbdtquzqrmrpjhhx.supabase.co/storage/v1/object/public/page_photos/9eb4d9fc-8130-4534-a223-1fe15643cc46/dde91544-bd6f-4268-8305-9be1db2ea299.avif"",""type"":""image"",""width"":0.5619912367044642,""height"":0.34625052498379383,""rotation"":0,""placeholder"":""L48Na-?a?ZIqI]x[RkIp0LV[V[xW""},{""x"":0.020085457043770794,""y"":0.3805292409743187,""z"":24,""id"":""ec18026c-8351-4816-82d0-9852561646a9"",""path"":""https://zckngbdtquzqrmrpjhhx.supabase.co/storage/v1/object/public/page_photos/9eb4d9fc-8130-4534-a223-1fe15643cc46/ae60ba97-92b6-4621-9858-e03831f3dc13.avif"",""type"":""image"",""width"":0.6117472016074769,""height"":0.21200954558079027,""rotation"":0,""placeholder"":""LhI=cB%fiut7yZkDjDbI9GRkbIae""}],""maxZIndex"":0,""backgroundImage"":{""path"":""bg_04"",""type"":""local""}}"
"45844e12-161c-4851-a97a-06f8fcdb8097","2024-12-28T18:32:02.377958+00:00","2024-12-28","2024-12-28T18:34:12.351278+00:00",false,"4b381455-be80-45e1-96e9-03ea15450ad8","2bdbc127-920a-432e-b1b6-1fa1ed6687a1","{""id"":""45844e12-161c-4851-a97a-06f8fcdb8097"",""items"":[{""x"":0.010378408432006835,""y"":0.03964394085579581,""z"":3,""id"":""6c24f84c-024f-45a6-8533-983b12d87a45"",""path"":""https://zckngbdtquzqrmrpjhhx.supabase.co/storage/v1/object/public/page_photos/f7010ecc-27d2-43a4-871e-d7e647d1ee4f/6c24f84c-024f-45a6-8533-983b12d87a45.webp"",""type"":""image"",""width"":0.5324806768353598,""height"":0.35076494722914814,""rotation"":-0.08109693701683907,""placeholder"":""LAA,ayIt03xv00s*#kW90L%2~VM|""},{""x"":0.47844827119519723,""y"":0.16784980579569922,""z"":4,""id"":""836596df-2732-4cb6-89df-389f7e08171a"",""path"":""https://zckngbdtquzqrmrpjhhx.supabase.co/storage/v1/object/public/page_photos/f7010ecc-27d2-43a4-871e-d7e647d1ee4f/836596df-2732-4cb6-89df-389f7e08171a.webp"",""type"":""image"",""width"":0.45991324138673095,""height"":0.30296206202968556,""rotation"":0.13911725295379285,""placeholder"":""L5AKBi*0I:?I00VDxCW900MysoIU""},{""x"":0.10197387006547716,""y"":0.3548279113978938,""z"":5,""id"":""c265e27d-0975-4b13-bb8c-45abaaf3666e"",""path"":""https://zckngbdtquzqrmrpjhhx.supabase.co/storage/v1/object/public/page_photos/f7010ecc-27d2-43a4-871e-d7e647d1ee4f/c265e27d-0975-4b13-bb8c-45abaaf3666e.webp"",""type"":""image"",""width"":0.39389075414951624,""height"":0.3459607721715788,""rotation"":-0.06836038259288002,""placeholder"":""L+F~dWj[f6j@~qayayfR?aWBazaz""},{""x"":0.44619349837303157,""y"":0.4961296349409405,""z"":6,""id"":""981e8f79-8f60-4612-a8bc-d8d2c491712d"",""path"":""https://zckngbdtquzqrmrpjhhx.supabase.co/storage/v1/object/public/page_photos/f7010ecc-27d2-43a4-871e-d7e647d1ee4f/981e8f79-8f60-4612-a8bc-d8d2c491712d.webp"",""type"":""image"",""width"":0.49086798992459196,""height"":0.32335311321656557,""rotation"":0.08066655845063275,""placeholder"":""LAGIo-00nP?b~pRiMxxu?HtRRjM{""},{""x"":0.10217415640751522,""y"":0.8382442738087157,""z"":7,""id"":""a0a0934e-d665-4387-b85f-346e3d0f270f"",""type"":""text"",""width"":0,""height"":0,""fontSize"":0.012008234217749313,""fontType"":""Calibri-Bold"",""rotation"":0,""fontColor"":""#000"",""textContent"":""今天很開心這次跨年出差意外的有點悠閒\n就算今天晚上臨時被託付排版任務排的很爛\n到最後還是組長教我怎麼排\n但我還是決定當個快樂的女孩\n（雖然好像有點雷 算了""}],""maxZIndex"":7,""backgroundImage"":{""path"":""bg_04"",""type"":""local""}}"
"baa3e72d-56ef-4d2c-a1b3-6ff29484b28c","2024-12-24T01:05:39.419108+00:00","2024-11-28","2024-12-24T01:05:39.419108+00:00",false,"4b381455-be80-45e1-96e9-03ea15450ad8","eecd2083-81ee-4e52-a4cf-fd6687bd002d","{""id"":""51289a0c-8bdb-49bb-8e28-abba0cea1ad5"",""items"":[{""x"":0.5,""y"":0.5,""z"":10,""id"":""54156b55-ed52-4fd0-8419-e24eafe745f7"",""type"":""text"",""scale"":1,""fontSize"":0.03694581280788178,""fontType"":""Calibri"",""rotation"":0,""fontColor"":""#ffffff"",""textContent"":"""",""width"":null,""height"":null},{""x"":0.5435555826822916,""y"":0.1769294175021167,""z"":32,""id"":""eda49051-f09e-4e8a-a002-0d5e0d259ab4"",""type"":""text"",""scale"":1,""fontSize"":0.012315270935960592,""fontType"":""Calibri-Bold"",""rotation"":0,""fontColor"":""#000"",""textContent"":""吃了主管送我的富士山烤巧克力，\n\n比看起來好吃十倍"",""width"":null,""height"":null},{""x"":0.06044443766276027,""y"":0.1172003158794835,""z"":82,""id"":""26a53469-63cb-4c3f-8485-e88794dcd033"",""path"":""https://zckngbdtquzqrmrpjhhx.supabase.co/storage/v1/object/public/page_photos/baa3e72d-56ef-4d2c-a1b3-6ff29484b28c/26a53469-63cb-4c3f-8485-e88794dcd033.webp"",""type"":""image"",""scale"":1,""width"":0.48845826419030336,""height"":0.2864521840196478,""rotation"":-0.16358024980930908,""placeholder"":""LGJ8O,x]0LRP4.bb-;jFJUaLrrtQ""},{""x"":0.588888916015625,""y"":0.3033661677919585,""z"":41,""id"":""5c88db6e-b361-4f77-8daa-135315afcf88"",""type"":""text"",""scale"":1,""fontSize"":0.014778325123152709,""fontType"":""Calibri-Bold"",""rotation"":0,""fontColor"":""#000"",""textContent"":""不知道為什麼突然升級"",""width"":null,""height"":null},{""x"":0.38,""y"":0.4166666791944081,""z"":54,""id"":""782ee5a6-ca86-4e31-90a6-aed3d46f268f"",""type"":""text"",""scale"":1,""fontSize"":0.012315270935960592,""fontType"":""Inkfree"",""rotation"":0,""fontColor"":""#000"",""textContent"":""更新了IOS\n\n我現在肚子好餓"",""width"":null,""height"":null},{""x"":0.05199999999999996,""y"":0.38464694657349247,""z"":73,""id"":""978f3bb6-21a7-4acf-b048-8e1acf8427df"",""path"":""https://zckngbdtquzqrmrpjhhx.supabase.co/storage/v1/object/public/page_photos/baa3e72d-56ef-4d2c-a1b3-6ff29484b28c/978f3bb6-21a7-4acf-b048-8e1acf8427df.webp"",""type"":""image"",""scale"":1,""width"":0.3233937567861036,""height"":0.3233937567861036,""rotation"":-0.014974568462252202,""placeholder"":""LEMtggb{~q-o4:V?%Moy?akXe-V@""},{""x"":0.6066666666666667,""y"":0.3805419001086005,""z"":121,""id"":""cb3d7c42-8ac7-4082-8d1f-f4971fe66476"",""type"":""text"",""scale"":1,""fontSize"":0.023345760140368037,""fontType"":""Calibri"",""rotation"":0,""fontColor"":""#ffffff"",""textContent"":""室友的愛心便當"",""width"":null,""height"":null},{""x"":0.5982222493489583,""y"":0.37068970215144414,""z"":119,""id"":""dcaa5141-bd11-4d45-ab44-02ddfa23b12a"",""path"":""https://zckngbdtquzqrmrpjhhx.supabase.co/storage/v1/object/public/page_photos/baa3e72d-56ef-4d2c-a1b3-6ff29484b28c/dcaa5141-bd11-4d45-ab44-02ddfa23b12a.webp"",""type"":""image"",""scale"":1,""width"":0.3796336611783865,""height"":0.3116860929214995,""rotation"":0,""placeholder"":""LAC?cN%19bOtIA9c-;s80ME1-5so""},{""x"":0.06977781168619791,""y"":0.5597290452477968,""z"":113,""id"":""5d962dd9-a1f9-43b5-87ba-e395d1d76e56"",""type"":""text"",""scale"":1,""fontSize"":0.017241379310344827,""fontType"":""PragmaticaExtended-Light"",""rotation"":0,""fontColor"":""#ffffff"",""textContent"":""陽光很美🌞\n準備好晾衣服"",""width"":null,""height"":null},{""x"":0.0506666259765625,""y"":0.5548029462692186,""z"":104,""id"":""d68b36eb-9d88-4784-90c0-fb3235ebd2bc"",""path"":""https://zckngbdtquzqrmrpjhhx.supabase.co/storage/v1/object/public/page_photos/baa3e72d-56ef-4d2c-a1b3-6ff29484b28c/d68b36eb-9d88-4784-90c0-fb3235ebd2bc.webp"",""type"":""image"",""scale"":1,""width"":0.4875414474273412,""height"":0.3002102508789047,""rotation"":0,""placeholder"":""LaCjx0tTWBnht:Rof6WASkozofj[""}],""maxZIndex"":121,""backgroundImage"":{""path"":""bg_09"",""type"":""Local""}}"
"0a07e3dc-24ab-4632-a89b-dc5bdb9263c3","2024-12-24T01:05:39.419108+00:00","2024-11-28","2024-12-24T01:05:39.419108+00:00",false,"4b381455-be80-45e1-96e9-03ea15450ad8","632e3d17-8713-46e9-ab1b-604bfa3ce11f","{""id"":""f0f16ddf-46f3-475d-8d47-fab610ee306f"",""items"":[{""x"":0.1598290076622596,""y"":0.4569510328826181,""z"":30,""id"":""c7b76cf1-79fa-4db1-9793-54c248bcd94c"",""type"":""text"",""scale"":1,""fontSize"":0.016587677725118485,""fontType"":""Calibri"",""rotation"":0,""fontColor"":""#669bbc"",""textContent"":""喔嗨唷 最近很多流感請記得戴口罩😷"",""width"":null,""height"":null},{""x"":0.15170939518855167,""y"":0.18957345067607284,""z"":6,""id"":""8d720afe-8196-46cc-8b26-33440118feed"",""path"":""https://zckngbdtquzqrmrpjhhx.supabase.co/storage/v1/object/public/page_photos/0a07e3dc-24ab-4632-a89b-dc5bdb9263c3/8d720afe-8196-46cc-8b26-33440118feed.webp"",""type"":""image"",""scale"":1,""width"":0.32203464582053287,""height"":0.26454662847816285,""rotation"":0,""placeholder"":""LKHL0XQ-bcE1~VIV-:s,9]xtt7s:""},{""x"":0.15384615384615385,""y"":0.5533175174658898,""z"":39,""id"":""b753edcd-1119-4d83-99ef-2445d0ed4655"",""type"":""text"",""scale"":1,""fontSize"":0.017772511848341232,""fontType"":""Calibri"",""rotation"":0,""fontColor"":""#FFC300"",""textContent"":""晚餐吃涓豆腐快飽死\n但剛剛公車上不去\n下一班等半小時我都站瘦了"",""width"":null,""height"":null},{""x"":0.43333333333333335,""y"":0.6528436018957346,""z"":42,""id"":""3201f0c2-1046-4932-8248-4c1c058f5403"",""type"":""text"",""scale"":1,""fontSize"":0.016587677725118485,""fontType"":""Calibri"",""rotation"":0,""fontColor"":""#ffffff"",""textContent"":""台北今天空氣好清新\n真難得"",""width"":null,""height"":null},{""x"":0.4017093951885517,""y"":0.525473969807557,""z"":37,""id"":""0a323e9f-5593-4206-8291-52c55bab4de3"",""path"":""https://zckngbdtquzqrmrpjhhx.supabase.co/storage/v1/object/public/page_photos/0a07e3dc-24ab-4632-a89b-dc5bdb9263c3/0a323e9f-5593-4206-8291-52c55bab4de3.webp"",""type"":""image"",""scale"":1,""width"":0.5380246797890349,""height"":0.4419791998266953,""rotation"":0,""placeholder"":""L}DKy1kCWBbHpfa{j[f6Itaej[j[""}],""maxZIndex"":42,""backgroundImage"":{""path"":""bg_07"",""type"":""Local""}}"
"0e7a78e9-0525-4ffd-982b-616c8a4d373a","2024-12-24T01:05:39.419108+00:00","2024-11-27","2024-12-24T01:05:39.419108+00:00",false,"4b381455-be80-45e1-96e9-03ea15450ad8","a6300bac-4d56-49f3-9e9e-a3919a9bd8cf","{""id"":""53e03a9e-21f1-4108-aa36-04d4b302eb2d"",""items"":[{""x"":0.33846157758663864,""y"":0.40560820882354304,""z"":30,""id"":""9c243fdf-da81-4c65-bac6-64ea1f83801b"",""type"":""text"",""scale"":1,""fontSize"":0.035545023696682464,""fontType"":""PragmaticaExtended"",""rotation"":0,""fontColor"":""#000"",""textContent"":""歡迎光臨"",""width"":null,""height"":null},{""x"":0.10598287337865585,""y"":0.153436009917779,""z"":32,""id"":""80a849d4-d290-4583-8f09-ddb52035c2a3"",""path"":""https://zckngbdtquzqrmrpjhhx.supabase.co/storage/v1/object/public/page_photos/0e7a78e9-0525-4ffd-982b-616c8a4d373a/80a849d4-d290-4583-8f09-ddb52035c2a3.webp"",""type"":""image"",""scale"":1,""width"":0.8123491861649185,""height"":0.2502497492925104,""rotation"":0,""placeholder"":""LeH3N@Rjx]ae_NozMxofM_V@kCWB""},{""x"":0.02521370129707532,""y"":0.6277646159673754,""z"":68,""id"":""e4d36b84-c8be-4f12-b3e4-622173f7f902"",""path"":""https://zckngbdtquzqrmrpjhhx.supabase.co/storage/v1/object/public/page_photos/0e7a78e9-0525-4ffd-982b-616c8a4d373a/e4d36b84-c8be-4f12-b3e4-622173f7f902.webp"",""type"":""image"",""scale"":1,""width"":0.483837602206045,""height"":0.29809899661983813,""rotation"":0,""placeholder"":""LdIhT*01xa%1%2s:M{fkM{xaRkWC""},{""x"":0.0628205323830629,""y"":0.601303326575112,""z"":58,""id"":""bacbda25-ed3c-469a-bb40-530415088fd5"",""type"":""text"",""scale"":1,""fontSize"":0.017242009466346516,""fontType"":""Calibri-Bold"",""rotation"":0,""fontColor"":""#000"",""textContent"":""家裡最近新添了補習班大白版"",""width"":null,""height"":null},{""x"":0.42478633782802483,""y"":0.7419036575968232,""z"":78,""id"":""09c1fde9-2861-4ce2-8b3c-06f4f169569d"",""type"":""text"",""scale"":1,""fontSize"":0.01928563767477491,""fontType"":""Calibri-Bold"",""rotation"":0,""fontColor"":""#000"",""textContent"":""他說11月是不刮鬍之月\n（毫無理由）"",""width"":null,""height"":null},{""x"":0.4482905656863482,""y"":0.809044227780889,""z"":98,""id"":""7d1e115c-8faf-485c-892a-78afdc8625d9"",""type"":""text"",""scale"":1,""fontSize"":0.013751115425468148,""fontType"":""Calibri-Bold"",""rotation"":0,""fontColor"":""#000"",""textContent"":""更新：麥可抗議No Shave November \n是個真的東西 用意是提升大眾對\n男性健康的意識\n"",""width"":null,""height"":null},{""x"":0.7149572714781149,""y"":0.8933649289099526,""z"":106,""id"":""1a11bb3f-1092-4053-9f87-1feba4bdd0d8"",""type"":""text"",""scale"":1,""fontSize"":0.009720027398247101,""fontType"":""Calibri-Bold"",""rotation"":0,""fontColor"":""#000"",""textContent"":""麥可不會中文\n不知道怎麼跟他解釋🥹"",""width"":null,""height"":null}],""maxZIndex"":106,""backgroundImage"":{""path"":""bg_04"",""type"":""Local""}}"
"17b53baf-d263-4bee-ae20-fab13f857dbf","2024-12-24T01:05:39.419108+00:00","2024-12-03","2024-12-24T01:05:39.419108+00:00",false,"4b381455-be80-45e1-96e9-03ea15450ad8","eecd2083-81ee-4e52-a4cf-fd6687bd002d","{""id"":""2b6a0061-107d-4efe-80c6-6c378495ab1d"",""items"":[{""x"":0.2768888753255208,""y"":0.2204433403578885,""z"":8,""id"":""a98f4562-b341-410e-957c-3f0d929ca62f"",""type"":""text"",""scale"":1,""fontSize"":0.016713971466770967,""fontType"":""Calibri"",""rotation"":0,""fontColor"":""#000"",""textContent"":""10:57準時💩（稀）"",""width"":null,""height"":null},{""x"":0.07599995930989584,""y"":0.2766830932917853,""z"":19,""id"":""b94ac8d2-134b-4281-aff3-06e13bb9a526"",""type"":""text"",""scale"":1,""fontSize"":0.017241379310344827,""fontType"":""Calibri"",""rotation"":0,""fontColor"":""#000"",""textContent"":""今天一樣是欣柔媽咪（室友2）\n煮飯給我們吃\n好吃到暈倒\n\n早上跟主管去抽一番賞但沒抽到想要的\n一抽305元覺得每天都去抽的人好有錢\n午餐一起吃了淡大的早安早鳥（好吃死）\n回家聊天聊很久\n然後拍片\n認識新的妹妹 力菁（03年）\n覺得自己已經開始是職場老咩了\n"",""width"":null,""height"":null},{""x"":0.3786667073567708,""y"":0.47619046366273476,""z"":23,""id"":""77caecaa-cc76-4bc0-9df8-28c2d37a7fde"",""path"":""https://zckngbdtquzqrmrpjhhx.supabase.co/storage/v1/object/public/page_photos/17b53baf-d263-4bee-ae20-fab13f857dbf/77caecaa-cc76-4bc0-9df8-28c2d37a7fde.webp"",""type"":""image"",""scale"":1,""width"":0.5688556870322715,""height"":0.4670407939509618,""rotation"":0,""placeholder"":""LZJtx9%ND*%J~q-;jXM|%MbIWCoJ""}],""maxZIndex"":23,""backgroundImage"":{""path"":""bg_04"",""type"":""Local""}}"
"1c2cb4cd-12f5-4bd8-8b60-1fe83a287e69","2024-12-24T01:05:39.419108+00:00","2024-11-25","2024-12-24T01:05:39.419108+00:00",false,"4b381455-be80-45e1-96e9-03ea15450ad8","eecd2083-81ee-4e52-a4cf-fd6687bd002d","{""id"":""26925169-ecae-4dca-b052-50e1f0188f9b"",""items"":[],""maxZIndex"":17,""backgroundImage"":{""path"":""bg_04"",""type"":""Local""}}"
"22bdfc94-6bac-4c1e-90d5-d2ce706aad9c","2024-12-24T01:05:39.419108+00:00","2024-12-04","2024-12-24T01:05:39.419108+00:00",false,"4b381455-be80-45e1-96e9-03ea15450ad8","6eea90f5-325a-4ccf-aceb-3471c02914c0","{""id"":""3e0dc672-ff03-4159-865b-1bf2ab2c1fd9"",""items"":[{""x"":0.15224765457269798,""y"":0.2327856144434969,""z"":14,""id"":""c9bbf18e-daa7-49ce-a23b-0aed8e2414a3"",""type"":""text"",""scale"":1,""fontSize"":0.018779342723004695,""fontType"":""Calibri-Light"",""rotation"":0,""fontColor"":""#000"",""textContent"":""健身房打卡👶"",""width"":null,""height"":null},{""x"":0.5,""y"":0.5,""z"":8,""id"":""40b49384-893d-4486-b03f-9baafa073eb4"",""type"":""text"",""scale"":1,""fontSize"":0.035211267605633804,""fontType"":""Calibri"",""rotation"":0,""fontColor"":""#ffffff"",""textContent"":"""",""width"":null,""height"":null}],""maxZIndex"":14,""backgroundImage"":{""path"":""bg_04"",""type"":""Local""}}"
"b7cdd17d-4795-4bea-b364-6d8bab17324a","2024-12-24T01:05:39.419108+00:00","2024-12-02","2024-12-24T01:05:39.419108+00:00",false,"4b381455-be80-45e1-96e9-03ea15450ad8","6eea90f5-325a-4ccf-aceb-3471c02914c0","{""id"":""6fb22361-c662-4181-a2ad-ad7f20e8a155"",""items"":[{""x"":0.1166242449034868,""y"":0.5539906282380154,""z"":34,""id"":""3b31dbcb-713b-4983-a2b0-a217ce330bc7"",""type"":""text"",""scale"":1,""fontSize"":0.01643192488262911,""fontType"":""Calibri-Bold"",""rotation"":0,""fontColor"":""#000"",""textContent"":""今天一直被老闆抓去討論\n完全沒空偷閒\n五點大便的時候才順便玩一下手機"",""width"":null,""height"":null},{""x"":0.11662434196957498,""y"":0.14358373650922462,""z"":15,""id"":""90550d32-2511-4450-ad0c-bfac6a29319b"",""path"":""https://zckngbdtquzqrmrpjhhx.supabase.co/storage/v1/object/public/page_photos/b7cdd17d-4795-4bea-b364-6d8bab17324a/90550d32-2511-4450-ad0c-bfac6a29319b.webp"",""type"":""image"",""scale"":1,""width"":0.4827315594714704,""height"":0.39585498773560324,""rotation"":0,""placeholder"":""L79@hj00xvae-W9FxuWBIpoLnioz""}],""maxZIndex"":34,""backgroundImage"":{""path"":""bg_04"",""type"":""Local""}}"
"29ce2d56-9f17-4fa2-9ab5-9098e83dbe89","2024-12-24T01:05:39.419108+00:00","2024-11-27","2024-12-24T01:05:39.419108+00:00",false,"4b381455-be80-45e1-96e9-03ea15450ad8","6eea90f5-325a-4ccf-aceb-3471c02914c0","{""id"":""8612bc95-ebdd-421a-8f69-bdc2bf92c2e0"",""items"":[{""x"":0.16242581044747934,""y"":0.2809076622618196,""z"":11,""id"":""26b3ae50-de43-4914-ae0e-c520b6d94457"",""type"":""text"",""scale"":1,""fontSize"":0.014084507042253521,""fontType"":""PragmaticaExtended"",""rotation"":0,""fontColor"":""#000"",""textContent"":""今天有去健身\n一個半小時\n但大概有40分鐘都在聊天"",""width"":null,""height"":null},{""x"":0.5,""y"":0.5,""z"":12,""id"":""df08f5b2-a215-4446-8db8-f66720fce259"",""type"":""text"",""scale"":1,""fontSize"":0.035211267605633804,""fontType"":""Calibri"",""rotation"":0,""fontColor"":""#ffffff"",""textContent"":"""",""width"":null,""height"":null},{""x"":0.14206949869791666,""y"":0.6150234741784038,""z"":64,""id"":""0d5de33e-2082-41d0-be62-556b73b78fc4"",""type"":""text"",""scale"":1,""fontSize"":0.01643192488262911,""fontType"":""PragmaticaExtended-Bold"",""rotation"":0,""fontColor"":""#000"",""textContent"":""上禮拜去金馬\n職業病整場都在看視訊\n但做的沒有很好看餒😍\n\n啊晚宴的食物很好吃\n飯店很高級"",""width"":null,""height"":null},{""x"":0.41815098187395633,""y"":0.431729258505951,""z"":71,""id"":""cb69ea89-8a70-4291-9aa9-48f74ca84ca2"",""path"":""https://zckngbdtquzqrmrpjhhx.supabase.co/storage/v1/object/public/page_photos/29ce2d56-9f17-4fa2-9ab5-9098e83dbe89/cb69ea89-8a70-4291-9aa9-48f74ca84ca2.webp"",""type"":""image"",""scale"":1,""width"":0.2472736734789842,""height"":0.20277215164786816,""rotation"":0.10431619773266287,""placeholder"":""LGJ7N~r?.8of}@w]kDoz9wsnDjNa""},{""x"":0.11959287531806612,""y"":0.44327075044873737,""z"":60,""id"":""abebe9af-879e-47c5-9502-0a4ace4e7a02"",""path"":""https://zckngbdtquzqrmrpjhhx.supabase.co/storage/v1/object/public/page_photos/29ce2d56-9f17-4fa2-9ab5-9098e83dbe89/abebe9af-879e-47c5-9502-0a4ace4e7a02.webp"",""type"":""image"",""scale"":1,""width"":0.25514836728478485,""height"":0.15692223527843574,""rotation"":-0.10545436448748768,""placeholder"":""L9E{C2SdE4xuysxYxWxs?u?Hs:R,""}],""maxZIndex"":71,""backgroundImage"":{""path"":""bg_08"",""type"":""Local""}}"
"463bdc3e-76e2-44e1-accd-0bcd62995221","2024-12-24T01:05:39.419108+00:00","2024-12-01","2024-12-24T01:05:39.419108+00:00",false,"4b381455-be80-45e1-96e9-03ea15450ad8","6eea90f5-325a-4ccf-aceb-3471c02914c0","{""id"":""3a0e2d0f-b645-45f9-ba2f-dd79b39fd2e4"",""items"":[{""x"":0.15224765457269798,""y"":0.3908450704225352,""z"":47,""id"":""4a16847e-285b-45a0-a69a-49d6245cc267"",""type"":""text"",""scale"":1,""fontSize"":0.011737089201877934,""fontType"":""Calibri-Light"",""rotation"":0,""fontColor"":""#000"",""textContent"":""工作Day\n一點睡\n九點半醒\n十點半上工\n工作做不完 我愛工作💼"",""width"":null,""height"":null},{""x"":0.23536893732978487,""y"":0.15708138909138417,""z"":45,""id"":""cc98482f-59a1-4dd9-a14a-3e6e9508492f"",""path"":""https://zckngbdtquzqrmrpjhhx.supabase.co/storage/v1/object/public/page_photos/463bdc3e-76e2-44e1-accd-0bcd62995221/cc98482f-59a1-4dd9-a14a-3e6e9508492f.webp"",""type"":""image"",""scale"":1,""width"":0.3009386259701068,""height"":0.2467790923448137,""rotation"":-0.20456982185488992,""placeholder"":""LIDJO[%N%KSi]|jFtmNG0kIUDjM|""},{""x"":0.5296861876664882,""y"":0.20109547359842636,""z"":49,""id"":""e03b8472-88ca-492a-9d56-43206911a18f"",""path"":""https://zckngbdtquzqrmrpjhhx.supabase.co/storage/v1/object/public/page_photos/463bdc3e-76e2-44e1-accd-0bcd62995221/e03b8472-88ca-492a-9d56-43206911a18f.webp"",""type"":""image"",""scale"":1,""width"":0.31436294302270856,""height"":0.2577874524943651,""rotation"":0.36383728257233683,""placeholder"":""LQDS,isoozR,}6tRoyW;x]nhozWB""},{""x"":0.4923663345608699,""y"":0.5269952872549424,""z"":102,""id"":""74d0d7b8-5eab-43f2-a9f7-207634b124c1"",""type"":""text"",""scale"":1,""fontSize"":0.02112676056338028,""fontType"":""Calibri-Light"",""rotation"":0,""fontColor"":""#000"",""textContent"":""誰要十點了還在公司\n：我^_^"",""width"":null,""height"":null},{""x"":0.22519085910787442,""y"":0.5170187793427231,""z"":176,""id"":""0897ca43-4520-4da0-be61-542a44e656de"",""path"":""https://zckngbdtquzqrmrpjhhx.supabase.co/storage/v1/object/public/page_photos/463bdc3e-76e2-44e1-accd-0bcd62995221/0897ca43-4520-4da0-be61-542a44e656de.webp"",""type"":""image"",""scale"":1,""width"":0.26257024353818786,""height"":0.21531581786230114,""rotation"":-0.18878833269681083,""placeholder"":""LRG+Bgxu?utR~9WVn}ofEiM{ICWB""},{""x"":0.10220531046238868,""y"":0.6920970146644843,""z"":184,""id"":""30f69d8a-6e81-4d9d-a812-145a12ab363f"",""type"":""text"",""scale"":1,""fontSize"":0.011737089201877934,""fontType"":""PragmaticaExtended-Light"",""rotation"":0,""fontColor"":""#FFF"",""textContent"":""我真的江郎才盡沒靈感\n今天都在亂做\n不知道老闆明天看到會不會傻眼\n但我本人笑的很開心"",""width"":null,""height"":null},{""x"":-0.07760818132007478,""y"":0.635563407145755,""z"":174,""id"":""d289ab14-d4a5-4c2e-9f0b-ffd466155ec8"",""path"":""https://zckngbdtquzqrmrpjhhx.supabase.co/storage/v1/object/public/page_photos/463bdc3e-76e2-44e1-accd-0bcd62995221/d289ab14-d4a5-4c2e-9f0b-ffd466155ec8.webp"",""type"":""image"",""scale"":1,""width"":0.6414741317901369,""height"":0.526028865505527,""rotation"":0.19822801452976976,""placeholder"":""LHEyGA-msDbF%zNxt2xt~S-WkCbH""}],""maxZIndex"":184,""backgroundImage"":{""path"":""bg_04"",""type"":""Local""}}"
"4e0c43e8-f0de-44d8-972e-aa5386223438","2024-12-24T01:05:39.419108+00:00","2024-11-28","2024-12-24T01:05:39.419108+00:00",false,"4b381455-be80-45e1-96e9-03ea15450ad8","6eea90f5-325a-4ccf-aceb-3471c02914c0","{""id"":""a00c77b6-e987-40a6-9ad4-f910a7e877d7"",""items"":[{""x"":0.4228159586588542,""y"":0.308685410190636,""z"":58,""id"":""8f4d0442-4a2a-44c2-917c-85e0d1cdd57f"",""type"":""text"",""scale"":1,""fontSize"":0.08685446009389672,""fontType"":""PragmaticaExtended-Bold"",""rotation"":0,""fontColor"":""#FFC300"",""textContent"":""W"",""width"":null,""height"":null},{""x"":0.34139098344565044,""y"":0.24334897681581022,""z"":63,""id"":""05b7cc85-b57d-4116-99ba-54b7c0ba6cc9"",""type"":""text"",""scale"":1,""fontSize"":0.04107981220657277,""fontType"":""PragmaticaExtended-Bold"",""rotation"":0,""fontColor"":""#FFC300"",""textContent"":""一"",""width"":null,""height"":null},{""x"":0.7765055260888796,""y"":0.255086083927065,""z"":61,""id"":""afd9604f-c106-4df7-a4cb-56aad5eefa2e"",""type"":""text"",""scale"":1,""fontSize"":0.035211267605633804,""fontType"":""PragmaticaExtended-Bold"",""rotation"":0,""fontColor"":""#FFC300"",""textContent"":""一"",""width"":null,""height"":null},{""x"":0.6085665947911697,""y"":0.4428794932477351,""z"":76,""id"":""5e659b00-ccda-41af-8a5c-6626c989059b"",""type"":""text"",""scale"":1,""fontSize"":0.018779342723004695,""fontType"":""PragmaticaExtended-Bold"",""rotation"":0,""fontColor"":""#FFC300"",""textContent"":""今天午餐吃餐包"",""width"":null,""height"":null},{""x"":0.09923658298172033,""y"":0.17410014157004186,""z"":54,""id"":""be07e3e1-f1a3-4d46-9212-42d6ca2ad304"",""path"":""https://zckngbdtquzqrmrpjhhx.supabase.co/storage/v1/object/public/page_photos/4e0c43e8-f0de-44d8-972e-aa5386223438/be07e3e1-f1a3-4d46-9212-42d6ca2ad304.webp"",""type"":""image"",""scale"":1,""width"":0.8279439342431568,""height"":0.2547288310183957,""rotation"":0.009842278839378604,""placeholder"":""LLLW@Yxvxa%N0JogWCtR0gROWBV?""},{""x"":0.5,""y"":0.5,""z"":96,""id"":""6dd5857d-5d4c-4dc9-97e3-1921ee6e1f0b"",""type"":""text"",""scale"":1,""fontSize"":0.035211267605633804,""fontType"":""Exo2"",""rotation"":0,""fontColor"":""#ffffff"",""textContent"":"""",""width"":null,""height"":null},{""x"":0.08651397549772377,""y"":0.4910015589754347,""z"":210,""id"":""ec8c26bc-562f-4163-91a1-974000b43c76"",""path"":""https://zckngbdtquzqrmrpjhhx.supabase.co/storage/v1/object/public/page_photos/4e0c43e8-f0de-44d8-972e-aa5386223438/ec8c26bc-562f-4163-91a1-974000b43c76.webp"",""type"":""image"",""scale"":1,""width"":0.3012113756708387,""height"":0.24700275563618074,""rotation"":-0.23621880011160723,""placeholder"":""LLJjoE=^AUcGy;%#^+n3%gxaxFW9""},{""x"":0.5848176679538406,""y"":0.5895931261805861,""z"":147,""id"":""2112d87c-8835-4bf6-8ce6-e3eac9c5caa4"",""type"":""text"",""scale"":1,""fontSize"":0.014084507042253521,""fontType"":""PragmaticaExtended-Bold"",""rotation"":0,""fontColor"":""#c1121f"",""textContent"":""等一下要去吃啤酒烤雞\n不知道是不是長這樣"",""width"":null,""height"":null},{""x"":0.5572519083969463,""y"":0.5324726104736329,""z"":137,""id"":""e16d3bfb-1a7a-48ce-8fdd-0812addb7cb7"",""path"":""https://zckngbdtquzqrmrpjhhx.supabase.co/storage/v1/object/public/page_photos/4e0c43e8-f0de-44d8-972e-aa5386223438/e16d3bfb-1a7a-48ce-8fdd-0812addb7cb7.webp"",""type"":""image"",""scale"":1,""width"":0.3411148533239247,""height"":0.34111485332392466,""rotation"":0.061769174122987325,""placeholder"":""LO9shws:NGV@R*a|j[jt0gWBxaog""},{""x"":0.1272264631043257,""y"":0.7558685446009389,""z"":181,""id"":""7c14d831-85ec-4be8-b540-d1c26f09b8da"",""type"":""text"",""scale"":1,""fontSize"":0.02093572121453212,""fontType"":""Calibri-Bold"",""rotation"":0.01785010571184431,""fontColor"":""#000"",""textContent"":""今天是感恩火雞節"",""width"":null,""height"":null},{""x"":0.403307849214277,""y"":0.7914710425435095,""z"":254,""id"":""cadd7f3d-a9be-42db-86a8-1eda4df22750"",""path"":""https://zckngbdtquzqrmrpjhhx.supabase.co/storage/v1/object/public/page_photos/4e0c43e8-f0de-44d8-972e-aa5386223438/cadd7f3d-a9be-42db-86a8-1eda4df22750.webp"",""type"":""image"",""scale"":1,""width"":0.5138885302176074,""height"":0.15810517978581906,""rotation"":0.029231328196444917,""placeholder"":""LJID$?%1-nwIK7xY9uM|0hSiIp%K""},{""x"":0.031382495210371,""y"":0.31416276027339185,""z"":251,""id"":""a3c4b1a2-467e-4bb4-bf0a-788b6a5442de"",""path"":""https://zckngbdtquzqrmrpjhhx.supabase.co/storage/v1/object/public/page_photos/4e0c43e8-f0de-44d8-972e-aa5386223438/a3c4b1a2-467e-4bb4-bf0a-788b6a5442de.webp"",""type"":""image"",""scale"":1,""width"":0.23208280243307566,""height"":0.19031516193260034,""rotation"":0.1858865594747987,""placeholder"":""LOIEkU-;x]j[~ptRozbG.8j[r?WA""},{""x"":0.29092444111676025,""y"":0.34976523135189713,""z"":247,""id"":""946c1c65-3632-408d-9c75-ff06fd249f82"",""path"":""https://zckngbdtquzqrmrpjhhx.supabase.co/storage/v1/object/public/page_photos/4e0c43e8-f0de-44d8-972e-aa5386223438/946c1c65-3632-408d-9c75-ff06fd249f82.webp"",""type"":""image"",""scale"":1,""width"":0.31139350714239994,""height"":0.25535242213242176,""rotation"":0.01588460259440483,""placeholder"":""LVJ*VRIAx]g3~qxuRjaebc-;MxoL""}],""maxZIndex"":254,""backgroundImage"":{""path"":""bg_08"",""type"":""Local""}}"
"51062d42-8766-452f-888d-7f0a0ab22a0c","2024-12-24T01:05:39.419108+00:00","2024-12-03","2024-12-24T01:05:39.419108+00:00",false,"4b381455-be80-45e1-96e9-03ea15450ad8","2bdbc127-920a-432e-b1b6-1fa1ed6687a1","{""id"":""27df0d75-1c37-4c2a-9b4b-16d46c353b66"",""items"":[{""x"":0.16997738944159616,""y"":0.8168152829211235,""z"":7,""id"":""827da1d5-c96b-4c37-891c-39eb3896bbea"",""type"":""text"",""scale"":1,""fontSize"":0.02761893870082342,""fontType"":""Calibri-Bold"",""rotation"":0,""fontColor"":""#669bbc"",""textContent"":""跟大家分享好笑上司"",""width"":null,""height"":null},{""x"":0.06817248264948526,""y"":0.08470093876750558,""z"":4,""id"":""dd640c66-42c3-448e-a1ea-b3755a67d730"",""path"":""https://zckngbdtquzqrmrpjhhx.supabase.co/storage/v1/object/public/page_photos/51062d42-8766-452f-888d-7f0a0ab22a0c/dd640c66-42c3-448e-a1ea-b3755a67d730.webp"",""type"":""image"",""scale"":1,""width"":0.6680390498008377,""height"":0.7334372001473058,""rotation"":0,""placeholder"":""LYQS^{M{-:xuWBRjt7fk_NxuD%WB""}],""maxZIndex"":7,""backgroundImage"":{""path"":""bg_04"",""type"":""Local""}}"
"6c3c9f37-2bec-4a00-9cf7-2eeeb7607606","2024-12-24T01:05:39.419108+00:00","2024-11-30","2024-12-24T01:05:39.419108+00:00",false,"4b381455-be80-45e1-96e9-03ea15450ad8","6eea90f5-325a-4ccf-aceb-3471c02914c0","{""id"":""fb4454c2-375a-4c8c-b0ad-d24e61621fce"",""items"":[{""x"":0.12256150573264551,""y"":0.19248822709204447,""z"":9,""id"":""38e81ae2-c5bd-4744-8a18-7170f1bb35e3"",""type"":""text"",""scale"":1,""fontSize"":0.015258215962441314,""fontType"":""Calibri-Light"",""rotation"":0,""fontColor"":""#000"",""textContent"":""早睡早起打卡\n12:36睡覺\n08:50起床\n(沒有早起但有比較早睡)"",""width"":null,""height"":null},{""x"":0.4601356952851662,""y"":0.4843505357912449,""z"":15,""id"":""70ba0219-6d73-4454-b49b-ca1ae5c782c6"",""type"":""text"",""scale"":1,""fontSize"":0.017605633802816902,""fontType"":""Calibri-Light"",""rotation"":0,""fontColor"":""#c1121f"",""textContent"":""晚上10:15💩"",""width"":null,""height"":null},{""x"":0.5,""y"":0.5,""z"":13,""id"":""cebd27de-3b3e-48f9-a31c-2845fcdb809f"",""type"":""text"",""scale"":1,""fontSize"":0.035211267605633804,""fontType"":""Calibri"",""rotation"":0,""fontColor"":""#ffffff"",""textContent"":"""",""width"":null,""height"":null}],""maxZIndex"":15,""backgroundImage"":{""path"":""bg_04"",""type"":""Local""}}"
"bc39d9d3-0b4f-4915-853a-ad3b77049ee1","2024-12-24T01:05:39.419108+00:00","2024-11-30","2024-12-24T01:05:39.419108+00:00",false,"4b381455-be80-45e1-96e9-03ea15450ad8","632e3d17-8713-46e9-ab1b-604bfa3ce11f","{""id"":""f8b04a10-27e4-40ec-85a1-61fece91e659"",""items"":[{""x"":0.10256410256410256,""y"":0.3380726818789803,""z"":25,""id"":""05e08d0e-f21f-4f2d-bc90-84b31b8b8d53"",""type"":""text"",""scale"":1,""fontSize"":0.011848341232227487,""fontType"":""Calibri"",""rotation"":0,""fontColor"":""#000"",""textContent"":""超沒禮貌我絕對不會成為這樣的人\n最近真的覺得台北就是一個大型養老院"",""width"":null,""height"":null},{""x"":0.07735040126702725,""y"":0.10406794254248741,""z"":18,""id"":""f2b2edb2-e5a9-4130-a44a-2dd328982fae"",""path"":""https://zckngbdtquzqrmrpjhhx.supabase.co/storage/v1/object/public/page_photos/bc39d9d3-0b4f-4915-853a-ad3b77049ee1/f2b2edb2-e5a9-4130-a44a-2dd328982fae.webp"",""type"":""image"",""scale"":1,""width"":0.7850315445487018,""height"":0.21579066153471427,""rotation"":0,""placeholder"":""L57B1N~V=|-o-;oyt7t6M{aekBay""},{""x"":0.38119655511318107,""y"":0.4940758293838863,""z"":34,""id"":""175f4bb7-f206-4a3f-81b2-29263355a39c"",""type"":""text"",""scale"":1,""fontSize"":0.014218009478672985,""fontType"":""Calibri"",""rotation"":0,""fontColor"":""#ffffff"",""textContent"":""聖誕快樂大家！幸福開勳每一天"",""width"":null,""height"":null},{""x"":0.3264957330165767,""y"":0.4328594026972331,""z"":27,""id"":""6c80ed9e-1d7f-4dae-9434-7bf7e3a3ed77"",""path"":""https://zckngbdtquzqrmrpjhhx.supabase.co/storage/v1/object/public/page_photos/bc39d9d3-0b4f-4915-853a-ad3b77049ee1/6c80ed9e-1d7f-4dae-9434-7bf7e3a3ed77.webp"",""type"":""image"",""scale"":1,""width"":0.6145413875665233,""height"":0.5048365269108881,""rotation"":-0.010869991921819588,""placeholder"":""LKFXw^r=I@-o0gWV$$RjWAs:niR+""}],""maxZIndex"":34,""backgroundImage"":{""path"":""bg_04"",""type"":""Local""}}"
"c5d0e3f4-6f89-4758-a335-f26c97a1cf5c","2024-12-24T01:05:39.419108+00:00","2024-11-27","2024-12-24T01:05:39.419108+00:00",false,"4b381455-be80-45e1-96e9-03ea15450ad8","eecd2083-81ee-4e52-a4cf-fd6687bd002d","{""id"":""769a1beb-24cd-4e34-b285-6c9ae6cf9ecb"",""items"":[{""x"":0.1924444580078125,""y"":0.42282429587077625,""z"":19,""id"":""6ead9f3d-0895-4394-9770-646ae0b55184"",""type"":""text"",""scale"":1,""fontSize"":0.024630541871921183,""fontType"":""PragmaticaExtended-Bold"",""rotation"":0,""fontColor"":""#669bbc"",""textContent"":""我吃了麥當勞早餐\n狗靠在我身上陪我吃"",""width"":null,""height"":null},{""x"":0.5626666666666666,""y"":0.13321017749203837,""z"":14,""id"":""273d9d70-2f25-4a93-81b8-4e5b658bae99"",""path"":""https://zckngbdtquzqrmrpjhhx.supabase.co/storage/v1/object/public/page_photos/c5d0e3f4-6f89-4758-a335-f26c97a1cf5c/273d9d70-2f25-4a93-81b8-4e5b658bae99.webp"",""type"":""image"",""scale"":1,""width"":0.4288473356372877,""height"":0.26406855642690136,""rotation"":0,""placeholder"":""LKIEFP9E_2=q4Ts8j=xaCAbwIpE2""},{""x"":0.11822222900390625,""y"":0.13628899522602853,""z"":7,""id"":""a7d6a9f3-32a2-4fb4-a551-1ad1fc93fee9"",""path"":""https://zckngbdtquzqrmrpjhhx.supabase.co/storage/v1/object/public/page_photos/c5d0e3f4-6f89-4758-a335-f26c97a1cf5c/a7d6a9f3-32a2-4fb4-a551-1ad1fc93fee9.webp"",""type"":""image"",""scale"":1,""width"":0.4346579801265745,""height"":0.26764653948680694,""rotation"":-0.0059108159545560035,""placeholder"":""LHIO8{0M4:s.?a9FV@%2E1%MxuWU""},{""x"":0.06844449869791666,""y"":0.7298850731309412,""z"":83,""id"":""aa2d7ad0-d97c-4482-a62d-d5b8cb2475d9"",""type"":""text"",""scale"":1,""fontSize"":0.013150377098728353,""fontType"":""Calibri-Bold"",""rotation"":0,""fontColor"":""#669bbc"",""textContent"":""跟大家分享\n我跟渣男去看演唱會 \n終於有地方給我講秘密阿彌陀佛 麥可是不是也看得到？？"",""width"":null,""height"":null},{""x"":0.06711110432942709,""y"":0.7758620501739051,""z"":56,""id"":""6bb98a03-42c1-47cd-82e1-a12900e82cf6"",""path"":""https://zckngbdtquzqrmrpjhhx.supabase.co/storage/v1/object/public/page_photos/c5d0e3f4-6f89-4758-a335-f26c97a1cf5c/6bb98a03-42c1-47cd-82e1-a12900e82cf6.webp"",""type"":""image"",""scale"":1,""width"":0.323311269007865,""height"":0.1990832937240548,""rotation"":0,""placeholder"":""LVF=Q^tRM{R*0gV@NGWBV@t7x[xZ""},{""x"":0.4071111043294271,""y"":0.9279556650246306,""z"":93,""id"":""36b067fa-7cfa-44a4-af73-dfa9c37776b6"",""type"":""text"",""scale"":1,""fontSize"":0.014682408658154513,""fontType"":""Calibri-Bold"",""rotation"":0,""fontColor"":""#669bbc"",""textContent"":""喝酒就很紅\n這輩子不能碰的就是酒和渣男"",""width"":null,""height"":null},{""x"":0.41022220865885417,""y"":0.7764778043248971,""z"":76,""id"":""ee89aa16-79c7-43e4-b611-e2cbaea38283"",""path"":""https://zckngbdtquzqrmrpjhhx.supabase.co/storage/v1/object/public/page_photos/c5d0e3f4-6f89-4758-a335-f26c97a1cf5c/ee89aa16-79c7-43e4-b611-e2cbaea38283.webp"",""type"":""image"",""scale"":1,""width"":0.40948340649631604,""height"":0.14183153704074986,""rotation"":0,""placeholder"":""LLI;L;E*InE3q??utTV[?cR$aK%K""}],""maxZIndex"":93,""backgroundImage"":{""path"":""bg_07"",""type"":""Local""}}"
"d56f1e77-5337-4b21-b120-1d8f8d77f9d4","2024-12-24T01:05:39.419108+00:00","2024-11-29","2024-12-24T01:05:39.419108+00:00",false,"4b381455-be80-45e1-96e9-03ea15450ad8","2bdbc127-920a-432e-b1b6-1fa1ed6687a1","{""id"":""182a03c2-9ae9-4152-8003-72d2e1cfd2e4"",""items"":[{""x"":0.16239692370096845,""y"":0.4655945966359354,""z"":8,""id"":""9551b05e-7e14-42d3-9c1f-0bdbac5a0e63"",""type"":""text"",""scale"":1,""fontSize"":0.021614821591948764,""fontType"":""Calibri"",""rotation"":0,""fontColor"":""#c1121f"",""textContent"":""四點還在吃午餐\n我愛我的工作😇"",""width"":null,""height"":null},{""x"":0.07713933785756429,""y"":0.09978488815670589,""z"":5,""id"":""dd840120-8e1f-4ebe-b889-5d7a1096a15c"",""path"":""https://zckngbdtquzqrmrpjhhx.supabase.co/storage/v1/object/public/page_photos/d56f1e77-5337-4b21-b120-1d8f8d77f9d4/dd840120-8e1f-4ebe-b889-5d7a1096a15c.webp"",""type"":""image"",""scale"":1,""width"":0.5390843946603375,""height"":0.3551150632712196,""rotation"":0.008620222354452256,""placeholder"":""L8FOu^^-0N}=00D$-nEN04Io}?9u""}],""maxZIndex"":8,""backgroundImage"":{""path"":""bg_04"",""type"":""Local""}}"
"d6d14fa7-0e9b-40f6-bcd3-41f9b01a744c","2024-12-24T01:05:39.419108+00:00","2024-11-30","2024-12-24T01:05:39.419108+00:00",false,"4b381455-be80-45e1-96e9-03ea15450ad8","eecd2083-81ee-4e52-a4cf-fd6687bd002d","{""id"":""267b7d00-28fa-4402-bca6-f903432bc444"",""items"":[{""x"":0.10399999999999993,""y"":0.16584560788910957,""z"":20,""id"":""7ade38dc-7a05-49d5-a50f-d5379ce2e35d"",""type"":""text"",""scale"":1,""fontSize"":0.019852547853713674,""fontType"":""Calibri-Bold"",""rotation"":0.03367284930112459,""fontColor"":""#ffffff"",""textContent"":""今天去竹女運動會\n明天考試(o^-^o)🌞"",""width"":null,""height"":null},{""x"":0.04533333333333334,""y"":0.14819377279046722,""z"":6,""id"":""fc309af0-a4cb-4ed0-91a3-64e39aed5665"",""path"":""https://zckngbdtquzqrmrpjhhx.supabase.co/storage/v1/object/public/page_photos/d6d14fa7-0e9b-40f6-bcd3-41f9b01a744c/fc309af0-a4cb-4ed0-91a3-64e39aed5665.webp"",""type"":""image"",""scale"":1,""width"":0.5481429634068214,""height"":0.3375264552997669,""rotation"":0,""placeholder"":""LJHBh]xC.S9t?^kXw{xa%2xuE1t6""},{""x"":0.05911112467447917,""y"":0.4930213402057516,""z"":129,""id"":""eccc3cbb-bd58-45c6-802b-79fce37b7f1e"",""type"":""text"",""scale"":1,""fontSize"":0.014778325123152709,""fontType"":""Exo2-Italic"",""rotation"":0,""fontColor"":""#000"",""textContent"":""我本來要搭8:13的火車\n意思就是我6點要起床化妝、7點要出門\n今天早上6點睜開眼的時候我覺得我要死掉了\n我就退票換了10點的車\n多兩小時睡很飽\n但運動會只剩下1小時可以去跳夏奇拉💃🏻\n"",""width"":null,""height"":null},{""x"":0.4786666056315106,""y"":0.5562397059548663,""z"":136,""id"":""1e09aa06-2a3c-4547-9048-9d68fb373516"",""type"":""text"",""scale"":1,""fontSize"":0.00928320485617931,""fontType"":""Calibri-Bold"",""rotation"":-0.002059561038485813,""fontColor"":""#c1121f"",""textContent"":""王董離開之前我本來很捨不得花一些手續費的錢\n後來我決定讓自己過開心點畢竟不知道啥時s\n最近發現累積起來也許一年可以省個2.3000塊\n但我的人生才不差這幾千塊！！\n十年可能才存幾萬\n未來幾個月的薪水就超過了🌞🔥\nというわけで開心最重要"",""width"":null,""height"":null},{""x"":0.5924444986979167,""y"":0.7655993118661965,""z"":106,""id"":""766e7466-1146-43f2-826c-74a52d832c5d"",""type"":""text"",""scale"":1,""fontSize"":0.03694581280788178,""fontType"":""Calibri-Bold"",""rotation"":0,""fontColor"":""#000"",""textContent"":""16:22💩簽"",""width"":null,""height"":null},{""x"":0.5520000203450521,""y"":0.8936781483917988,""z"":85,""id"":""8ab11156-e98b-4bd7-b4e9-844fa0c12b1a"",""type"":""text"",""scale"":1,""fontSize"":0.013295735794749247,""fontType"":""Calibri"",""rotation"":-0.07364873120374238,""fontColor"":""#ffffff"",""textContent"":""今日の青空申し上げます🤲"",""width"":null,""height"":null},{""x"":0.5053333536783854,""y"":0.21079638438859008,""z"":58,""id"":""07484788-f013-4ea3-994e-9324d3d7b4bc"",""path"":""https://zckngbdtquzqrmrpjhhx.supabase.co/storage/v1/object/public/page_photos/d6d14fa7-0e9b-40f6-bcd3-41f9b01a744c/07484788-f013-4ea3-994e-9324d3d7b4bc.webp"",""type"":""image"",""scale"":1,""width"":0.4725417023346747,""height"":0.29097395463957804,""rotation"":0,""placeholder"":""LRFPNet7E2WCNhM|%1s:01oJj[ay""},{""x"":0.017777709960938335,""y"":0.6609194995147252,""z"":124,""id"":""3c611e91-d6d6-4964-a5c7-8c3a3278d129"",""path"":""https://zckngbdtquzqrmrpjhhx.supabase.co/storage/v1/object/public/page_photos/d6d14fa7-0e9b-40f6-bcd3-41f9b01a744c/3c611e91-d6d6-4964-a5c7-8c3a3278d129.webp"",""type"":""image"",""scale"":1,""width"":0.5164298380001362,""height"":0.3179986687192957,""rotation"":-0.0019086948982971474,""placeholder"":""LOAwYc%M4TWBIUWBxufQ4TM{-=of""},{""x"":0.4973332722981771,""y"":0.0673234779846492,""z"":160,""id"":""351517b6-4d89-4634-b81a-475979b9e586"",""path"":""https://zckngbdtquzqrmrpjhhx.supabase.co/storage/v1/object/public/page_photos/d6d14fa7-0e9b-40f6-bcd3-41f9b01a744c/351517b6-4d89-4634-b81a-475979b9e586.webp"",""type"":""image"",""scale"":1,""width"":0.3066073187244411,""height"":0.2517301467359943,""rotation"":0.23144498210811726,""placeholder"":""LbK_B.M{t7ay_Nx]Rit7MxaykBfQ""},{""x"":0.5493333333333335,""y"":0.645114945660671,""z"":173,""id"":""9e347252-e359-4a31-bedc-eed727d072a3"",""path"":""https://zckngbdtquzqrmrpjhhx.supabase.co/storage/v1/object/public/page_photos/d6d14fa7-0e9b-40f6-bcd3-41f9b01a744c/9e347252-e359-4a31-bedc-eed727d072a3.webp"",""type"":""image"",""scale"":1,""width"":0.32292534245727167,""height"":0.10233923003982501,""rotation"":-0.031114532622486535,""placeholder"":""LWPtPL%4D*X1AO$%oHNM$[t8WXae""}],""maxZIndex"":173,""backgroundImage"":{""path"":""bg_05"",""type"":""Local""}}"
"e22d9522-367d-49ac-9508-099ff6d095df","2024-12-24T01:05:39.419108+00:00","2024-11-28","2024-12-24T01:05:39.419108+00:00",false,"4b381455-be80-45e1-96e9-03ea15450ad8","2bdbc127-920a-432e-b1b6-1fa1ed6687a1","{""id"":""eb95ea9c-ed48-48a1-9b02-88217e072f80"",""items"":[{""x"":0.10001202391253579,""y"":0.46136725788692323,""z"":21,""id"":""69a54b1d-a843-48a4-973c-9ea1e55c1eb9"",""type"":""text"",""scale"":1,""fontSize"":0.026418115279048488,""fontType"":""Calibri-Bold"",""rotation"":0,""fontColor"":""#FFC300"",""textContent"":""公司有給一千個人福利金快過期\n本來在想要不要買bl漫畫全套\n最後買了瑄瑄醬推薦的攝影集"",""width"":null,""height"":null},{""x"":0.5,""y"":0.5489478499542544,""z"":16,""id"":""dc2789ef-503d-471a-b94d-6d3f95ff55c4"",""type"":""text"",""scale"":1,""fontSize"":0.03602470265324794,""fontType"":""Calibri"",""rotation"":0,""fontColor"":""#ffffff"",""textContent"":"""",""width"":null,""height"":null},{""x"":0.03876930309666528,""y"":0.07516552107740954,""z"":7,""id"":""31f94221-42a6-4c05-901c-85d536d1e698"",""path"":""https://zckngbdtquzqrmrpjhhx.supabase.co/storage/v1/object/public/page_photos/e22d9522-367d-49ac-9508-099ff6d095df/31f94221-42a6-4c05-901c-85d536d1e698.webp"",""type"":""image"",""scale"":1,""width"":0.8623446959180406,""height"":0.3723940498383487,""rotation"":-0.0031304651851562504,""placeholder"":""L7SF;KJ#8_~X?bDh-;axZ*?J9FWn""},{""x"":0.15921049509197474,""y"":0.7027256150695018,""z"":38,""id"":""daaafbf8-bb57-4c00-8972-3e1695ce502d"",""type"":""text"",""scale"":1,""fontSize"":0.025217291857273557,""fontType"":""Calibri-Bold"",""rotation"":0,""fontColor"":""#FFC300"",""textContent"":""沒有我沒送到機沒傳承到同人本"",""width"":null,""height"":null}],""maxZIndex"":38,""backgroundImage"":{""path"":""bg_04"",""type"":""Local""}}"
"e57af42e-4163-4170-bd2c-00ed03b3141e","2024-12-24T01:05:39.419108+00:00","2024-11-29","2024-12-24T01:05:39.419108+00:00",false,"4b381455-be80-45e1-96e9-03ea15450ad8","632e3d17-8713-46e9-ab1b-604bfa3ce11f","{""id"":""4024e204-b4af-4367-a730-4478c07c6ae8"",""items"":[{""x"":0.11880340576171874,""y"":0.2326224268330217,""z"":3,""id"":""533292db-94f1-46e2-9e11-f00799887b71"",""type"":""text"",""scale"":1,""fontSize"":0.015402843601895734,""fontType"":""Calibri"",""rotation"":0,""fontColor"":""#000"",""textContent"":""一週又過去了\n祝福我下週順利幸福速速做完事情然後放假去o(∩_∩)o"",""width"":null,""height"":null},{""x"":0.40085464868790066,""y"":0.6018957526762904,""z"":44,""id"":""e8ed0909-d8ed-4e83-8a13-3b276ded609a"",""type"":""text"",""scale"":1,""fontSize"":0.011848341232227487,""fontType"":""Calibri"",""rotation"":0,""fontColor"":""#669bbc"",""textContent"":""頭髮變好長有點想留著黑長直 也想剪+染這樣🥺❓\n到底出門玩之前要不要剪呢"",""width"":null,""height"":null},{""x"":0.4961539244040465,""y"":0.3327409373640449,""z"":56,""id"":""50fbb79c-a82a-4916-9fb1-2428463c338e"",""path"":""https://zckngbdtquzqrmrpjhhx.supabase.co/storage/v1/object/public/page_photos/e57af42e-4163-4170-bd2c-00ed03b3141e/50fbb79c-a82a-4916-9fb1-2428463c338e.webp"",""type"":""image"",""scale"":1,""width"":0.45694950872099416,""height"":0.25319911561435815,""rotation"":0,""placeholder"":""LgJk4T01%#E2IWIUxuNGtlxtw]xa""},{""x"":0.032478625957782455,""y"":0.6593601805338928,""z"":49,""id"":""3f662841-050b-4e28-ac09-712902d34013"",""path"":""https://zckngbdtquzqrmrpjhhx.supabase.co/storage/v1/object/public/page_photos/e57af42e-4163-4170-bd2c-00ed03b3141e/3f662841-050b-4e28-ac09-712902d34013.webp"",""type"":""image"",""scale"":1,""width"":0.8065102316053364,""height"":0.17582687513670844,""rotation"":0,""placeholder"":""LjF$LrRkIUV[D*t7xuof01xt%2t7""},{""x"":0.4452991583408454,""y"":0.8459715639810427,""z"":54,""id"":""3851f6e0-0e91-4b5f-ac93-bb5532fe1c62"",""type"":""text"",""scale"":1,""fontSize"":0.017772511848341232,""fontType"":""Calibri"",""rotation"":0,""fontColor"":""#c1121f"",""textContent"":""誰騷擾我 我愛直男"",""width"":null,""height"":null}],""maxZIndex"":56,""backgroundImage"":{""path"":""bg_04"",""type"":""Local""}}"
"e9f17f1e-3560-4e26-9fa7-f0d113ce0d1e","2024-12-24T01:05:39.419108+00:00","2024-11-30","2024-12-24T01:05:39.419108+00:00",false,"4b381455-be80-45e1-96e9-03ea15450ad8","a6300bac-4d56-49f3-9e9e-a3919a9bd8cf","{""id"":""aa2b5337-129d-44cf-aa61-ba463595423f"",""items"":[{""x"":0.3141025641025641,""y"":0.4040284360189573,""z"":21,""id"":""b7924631-2ae1-4ee8-abfa-72ec71389e0a"",""type"":""text"",""scale"":1,""fontSize"":0.015715835174981745,""fontType"":""Calibri-Bold"",""rotation"":-0.011279143972057426,""fontColor"":""#000"",""textContent"":""今天沒什麼照片\n發一張麥可畫的性感辣乳牛"",""width"":null,""height"":null},{""x"":0.2128205128205128,""y"":0.12519746934068146,""z"":13,""id"":""61e204d2-8bc9-4ccf-8847-c28b1dc6950e"",""path"":""https://zckngbdtquzqrmrpjhhx.supabase.co/storage/v1/object/public/page_photos/e9f17f1e-3560-4e26-9fa7-f0d113ce0d1e/61e204d2-8bc9-4ccf-8847-c28b1dc6950e.webp"",""type"":""image"",""scale"":1,""width"":0.5885873299304387,""height"":0.3626367435590381,""rotation"":0,""placeholder"":""LJKd-%00?vxaDO8_tSofrqM{NGoz""}],""maxZIndex"":21,""backgroundImage"":{""path"":""bg_04"",""type"":""Local""}}"
"f9307b81-a257-4cce-8361-cefb6918ba32","2024-12-24T01:05:39.419108+00:00","2024-12-01","2024-12-24T01:05:39.419108+00:00",false,"4b381455-be80-45e1-96e9-03ea15450ad8","eecd2083-81ee-4e52-a4cf-fd6687bd002d","{""id"":""62c33955-0920-4fa7-ae65-f79ea05e8f06"",""items"":[{""x"":0.23200002034505202,""y"":0.1800082164444947,""z"":10,""id"":""fd4575a4-5cc2-49c7-b7c2-d65d3d64a6d6"",""path"":""https://zckngbdtquzqrmrpjhhx.supabase.co/storage/v1/object/public/page_photos/f9307b81-a257-4cce-8361-cefb6918ba32/fd4575a4-5cc2-49c7-b7c2-d65d3d64a6d6.webp"",""type"":""image"",""scale"":1,""width"":0.5628249703329835,""height"":0.5628249703329836,""rotation"":-0.002450104579484025,""placeholder"":""LQAKEft7M{azIoayofay01Rjxtj[""},{""x"":0.026222208658854166,""y"":0.13259444213265856,""z"":51,""id"":""d6cfecf2-25d4-4082-bf4e-1be4f31f80ff"",""type"":""text"",""scale"":1,""fontSize"":0.01847290640394089,""fontType"":""Calibri"",""rotation"":0,""fontColor"":""#669bbc"",""textContent"":""意外的比前幾年都簡單得多，\n沒有意外應該會過🫠🤲\n希望不要有意外\n考完之後去吃飯\n日本男很像還有山一樣的研究要做\n但還是陪我去慶祝考完了\n這家蠻好吃的但在景美\n"",""width"":null,""height"":null},{""x"":0.4982222290039062,""y"":0.5248357838597791,""z"":53,""id"":""0f62a285-3c41-4835-9c14-dd5a198ca927"",""path"":""https://zckngbdtquzqrmrpjhhx.supabase.co/storage/v1/object/public/page_photos/f9307b81-a257-4cce-8361-cefb6918ba32/0f62a285-3c41-4835-9c14-dd5a198ca927.webp"",""type"":""image"",""scale"":1,""width"":0.5077482085192239,""height"":0.23448962831860706,""rotation"":0,""placeholder"":""LRKw:;x^E1t7tQ?bt8Ri0MjED$oI""},{""x"":0.018666666666666668,""y"":0.42200329033612033,""z"":88,""id"":""8488cdc1-6ab5-47b6-a0c8-2bba11d01908"",""path"":""https://zckngbdtquzqrmrpjhhx.supabase.co/storage/v1/object/public/page_photos/f9307b81-a257-4cce-8361-cefb6918ba32/8488cdc1-6ab5-47b6-a0c8-2bba11d01908.webp"",""type"":""image"",""scale"":1,""width"":0.3299907033834648,""height"":0.20319624592577884,""rotation"":0,""placeholder"":""LGJZ|;DiMz%J0M^J-nM|DPKQEMxH""},{""x"":0.010222249348958334,""y"":0.625821014930462,""z"":42,""id"":""3bd7e5c6-1fc0-4f8c-87d1-70609a06b38b"",""path"":""https://zckngbdtquzqrmrpjhhx.supabase.co/storage/v1/object/public/page_photos/f9307b81-a257-4cce-8361-cefb6918ba32/3bd7e5c6-1fc0-4f8c-87d1-70609a06b38b.webp"",""type"":""image"",""scale"":1,""width"":0.37043407463311084,""height"":0.22809979965093038,""rotation"":0,""placeholder"":""LkI|mzWTjFkB0NI@jbW;X5n%oLoJ""},{""x"":0.41377779134114584,""y"":0.8932676362286648,""z"":60,""id"":""e62c76b8-8e81-46bc-9da2-7a866add4bc5"",""type"":""text"",""scale"":1,""fontSize"":0.021365960685985046,""fontType"":""Calibri"",""rotation"":0.018170445306230576,""fontColor"":""#c1121f"",""textContent"":""一定是你們的祝福\n我今天考試非常順利"",""width"":null,""height"":null},{""x"":0.39422226969400953,""y"":0.7625204941322067,""z"":121,""id"":""c92debe8-7606-48a2-ab30-e3a6fe51c5e7"",""type"":""text"",""scale"":1,""fontSize"":0.01052176804440577,""fontType"":""Calibri"",""rotation"":6.287716874935146,""fontColor"":""#000"",""textContent"":""這次閱讀很簡單，內容選題也蠻有趣的，\n印象特別深刻的是關於新進老師因為與學生共享緊張感\n與第一次帶的班級的感情會特別深厚，\n高中和大學都有這樣的經驗，\n所以我讀這篇的時候讀的很開心也覺得挺有趣\n\n考完之後跟日本人分享我覺得有趣的題目，\n沒想到他居然把那篇文章幾乎要用背的講出來給我聽？？\n他跟我說他在日本讀大學的時候修過教育學，\n他也很喜歡這本書，應該題目從那本書節錄出來的\n而且那本書的作者寫的東西都很棒，\n我反而被反過來推薦了一番"",""width"":null,""height"":null}],""maxZIndex"":121,""backgroundImage"":{""path"":""bg_04"",""type"":""Local""}}"
"faae14aa-96ce-4a92-b31f-6e5d441c05f9","2024-12-24T01:05:39.419108+00:00","2024-12-03","2024-12-24T01:05:39.419108+00:00",false,"4b381455-be80-45e1-96e9-03ea15450ad8","6eea90f5-325a-4ccf-aceb-3471c02914c0","{""id"":""e101418a-3fde-47fa-84e8-f3e00b75d2a0"",""items"":[{""x"":0.08100087406071088,""y"":0.6208920187793427,""z"":17,""id"":""c287ae12-347b-4bc4-830c-8a0d10172985"",""type"":""text"",""scale"":1,""fontSize"":0.01643192488262911,""fontType"":""Calibri-Light"",""rotation"":0,""fontColor"":""#000"",""textContent"":""一堆衣服還沒折\n跟衣服一起睡覺謝謝"",""width"":null,""height"":null},{""x"":0.07591175729688494,""y"":0.13341157760978306,""z"":6,""id"":""cdd38727-b980-412f-bbbd-6ba0ccbfc793"",""path"":""https://zckngbdtquzqrmrpjhhx.supabase.co/storage/v1/object/public/page_photos/faae14aa-96ce-4a92-b31f-6e5d441c05f9/cdd38727-b980-412f-bbbd-6ba0ccbfc793.webp"",""type"":""image"",""scale"":1,""width"":0.5863754691802707,""height"":0.4808462376376555,""rotation"":0,""placeholder"":""LQJa[yE2xut7%0ofa#of~qM}M{t7""}],""maxZIndex"":17,""backgroundImage"":{""path"":""bg_05"",""type"":""Local""}}"
"0403fc3b-79b3-4980-a4ca-186dcf06acff","2024-12-24T01:05:39.419108+00:00","2024-12-02","2024-12-24T01:05:39.419108+00:00",false,"4b381455-be80-45e1-96e9-03ea15450ad8","632e3d17-8713-46e9-ab1b-604bfa3ce11f","{""id"":""0585a16b-6075-40c6-b27e-5a8a3d935988"",""items"":[{""x"":0.1794871794871795,""y"":0.23104265402843602,""z"":5,""id"":""bff9a475-1abc-47f3-9db1-3867260f72e7"",""type"":""text"",""scale"":1,""fontSize"":0.035545023696682464,""fontType"":""Calibri"",""rotation"":0,""fontColor"":""#669bbc"",""textContent"":""ㄏㄡˊ你們都不更新 \n強力譴責"",""width"":null,""height"":null},{""x"":0.08547007242838542,""y"":0.35426542092273583,""z"":12,""id"":""53c54a85-fd3d-4f5d-9a92-e93a1033ba13"",""type"":""text"",""scale"":1,""fontSize"":0.02132701421800948,""fontType"":""Calibri"",""rotation"":0,""fontColor"":""#FFC300"",""textContent"":""喔對了昨天喝完奶茶又去💩一次 嘻嘻😁"",""width"":null,""height"":null}],""maxZIndex"":12,""backgroundImage"":{""path"":""bg_09"",""type"":""Local""}}"
"53e78506-34e0-4426-8817-ed1bab4f3de4","2024-12-24T01:05:39.419108+00:00","2024-11-27","2024-12-24T01:05:39.419108+00:00",false,"4b381455-be80-45e1-96e9-03ea15450ad8","632e3d17-8713-46e9-ab1b-604bfa3ce11f","{""id"":""24d1e941-d876-4db0-be9a-02fccfdd0409"",""items"":[{""x"":0.3,""y"":0.29107423755229933,""z"":11,""id"":""2fa3c8a6-b9e2-4d97-9efd-c43e5b10d069"",""type"":""text"",""scale"":1,""fontSize"":0.017772511848341232,""fontType"":""Cour"",""rotation"":0,""fontColor"":""#000"",""textContent"":""好可愛的交換日記\n我昨天💩兩次"",""width"":null,""height"":null},{""x"":0.47521366217197514,""y"":0.40758295646775955,""z"":36,""id"":""13e6e20f-6081-4b25-b564-cbad6557d6c4"",""type"":""text"",""scale"":1,""fontSize"":0.016587677725118485,""fontType"":""Calibri"",""rotation"":0,""fontColor"":""#669bbc"",""textContent"":""我弟敢吃屎 你敢嗎？"",""width"":null,""height"":null},{""x"":0.16666666666666666,""y"":0.5762243225676189,""z"":44,""id"":""7b1900a0-4845-483f-97e3-da43dd1e5764"",""type"":""text"",""scale"":1,""fontSize"":0.017772511848341232,""fontType"":""Calibri"",""rotation"":0,""fontColor"":""#ffffff"",""textContent"":""今天下午去散步"",""width"":null,""height"":null},{""x"":0.08717950674203725,""y"":0.5604265493239272,""z"":41,""id"":""523ed418-1093-4ed9-ab9e-e1b7c5cd665d"",""path"":""https://zckngbdtquzqrmrpjhhx.supabase.co/storage/v1/object/public/page_photos/53e78506-34e0-4426-8817-ed1bab4f3de4/523ed418-1093-4ed9-ab9e-e1b7c5cd665d.webp"",""type"":""image"",""scale"":1,""width"":0.46169747741060463,""height"":0.37927754858375107,""rotation"":0,""placeholder"":""L_DwdpfloJj[t:ofj?j[IZj[j[a}""}],""maxZIndex"":44,""backgroundImage"":{""path"":""bg_07"",""type"":""Local""}}"
"634fa230-ad47-4575-bcdb-9eb838c752f1","2024-12-24T01:05:39.419108+00:00","2024-12-02","2024-12-24T01:05:39.419108+00:00",false,"4b381455-be80-45e1-96e9-03ea15450ad8","a6300bac-4d56-49f3-9e9e-a3919a9bd8cf","{""id"":""47a26406-7986-46b9-b859-b5deb077b7a1"",""items"":[{""x"":0.3337606968023838,""y"":0.12657977280458568,""z"":45,""id"":""744cf121-1450-44a2-8b84-720c0e84aa28"",""type"":""text"",""scale"":1,""fontSize"":0.022072381972119394,""fontType"":""Calibri-Bold"",""rotation"":0,""fontColor"":""#000"",""textContent"":""軟爛的一天\n跟大家分享梗圖"",""width"":null,""height"":null},{""x"":0.1602563906938602,""y"":0.4486571849804919,""z"":74,""id"":""68a0a02d-2ee5-4850-afd3-b0bd371d8830"",""type"":""text"",""scale"":1,""fontSize"":0.02553037351518953,""fontType"":""Calibri-Bold"",""rotation"":0,""fontColor"":""#c1121f"",""textContent"":""突然想到有人看奧術第二季嗎"",""width"":null,""height"":null},{""x"":0.16538463494716546,""y"":0.19924962012123723,""z"":64,""id"":""19780201-ddf4-4c79-be95-f8cd17b00cb4"",""path"":""https://zckngbdtquzqrmrpjhhx.supabase.co/storage/v1/object/public/page_photos/634fa230-ad47-4575-bcdb-9eb838c752f1/19780201-ddf4-4c79-be95-f8cd17b00cb4.webp"",""type"":""image"",""scale"":1,""width"":0.689381788933964,""height"":0.23891489723126125,""rotation"":0,""placeholder"":""L8EfNZDP9Y?H~E%Ms;o}t0t7RlX9""}],""maxZIndex"":74,""backgroundImage"":{""path"":""bg_04"",""type"":""Local""}}"
"69a182fb-0b15-4b71-8188-62c0337b1037","2024-12-24T01:05:39.419108+00:00","2024-11-28","2024-12-24T01:05:39.419108+00:00",false,"4b381455-be80-45e1-96e9-03ea15450ad8","a6300bac-4d56-49f3-9e9e-a3919a9bd8cf","{""id"":""2cbc6f49-efb1-44a5-a6d0-52c2d156ad27"",""items"":[{""x"":0.17863251123672877,""y"":0.12203791469194313,""z"":33,""id"":""f0fc662f-bf92-4bee-80c7-ea5d676b4a9f"",""type"":""text"",""scale"":1,""fontSize"":0.01531533143388149,""fontType"":""Calibri-Bold"",""rotation"":0,""fontColor"":""#fdf0d5"",""textContent"":""來美國之後最常做的菜之一：泡菜炒飯\n好好吃喔一直做一直吃😍"",""width"":null,""height"":null},{""x"":0.10085474650065097,""y"":0.6030805596808122,""z"":35,""id"":""af95d84e-7c83-4271-b26f-10bc3e8b6b2f"",""type"":""text"",""scale"":1,""fontSize"":0.014132132078566026,""fontType"":""Calibri-Bold"",""rotation"":0.005758333855445219,""fontColor"":""#fdf0d5"",""textContent"":""發現因為時差問題我要等12小才看得到你們隔天的日記 哭了"",""width"":null,""height"":null},{""x"":0.16709403013571714,""y"":0.1755529195776483,""z"":29,""id"":""c0484a12-770a-4548-a76e-a4177ce68c64"",""path"":""https://zckngbdtquzqrmrpjhhx.supabase.co/storage/v1/object/public/page_photos/69a182fb-0b15-4b71-8188-62c0337b1037/c0484a12-770a-4548-a76e-a4177ce68c64.webp"",""type"":""image"",""scale"":1,""width"":0.6807412628920573,""height"":0.41941404822733386,""rotation"":0,""placeholder"":""LJBf0LV?o6s?~EV?n+kEg4V?jDSh""},{""x"":0.2965811704977965,""y"":0.6658768043698857,""z"":50,""id"":""4fbfdaf2-ddd4-49f9-a26b-7180ba6f6a6a"",""type"":""text"",""scale"":1,""fontSize"":0.016767814634603098,""fontType"":""Calibri-Bold"",""rotation"":0,""fontColor"":""#fdf0d5"",""textContent"":""這一碗在外面吃大概要18鎂 \n加小費跟稅之後就20幾了\n台幣600🙂‍↔️🙂‍↔️吃到破產"",""width"":null,""height"":null},{""x"":0.7320513016138321,""y"":0.6386256104961956,""z"":58,""id"":""87522712-c8dd-4712-a277-cb3ee44ba582"",""type"":""text"",""scale"":1,""fontSize"":0.022911473928499165,""fontType"":""Calibri-Bold"",""rotation"":0,""fontColor"":""#ffffff"",""textContent"":""我叫麥可修"",""width"":null,""height"":null},{""x"":0.2927350557767428,""y"":0.7968009297881646,""z"":65,""id"":""b2b906f1-b9a6-48d0-952e-804d74c86652"",""type"":""text"",""scale"":1,""fontSize"":0.030139060782326733,""fontType"":""Calibri-Bold"",""rotation"":-0.002092927850419146,""fontColor"":""#c1121f"",""textContent"":""對了今天感恩節\n大家火雞快樂🦃"",""width"":null,""height"":null}],""maxZIndex"":65,""backgroundImage"":{""path"":""bg_03"",""type"":""Local""}}"
"714fcd02-523b-4f7c-95a1-f7f228e646fe","2024-12-24T01:05:39.419108+00:00","2024-11-29","2024-12-24T01:05:39.419108+00:00",false,"4b381455-be80-45e1-96e9-03ea15450ad8","6eea90f5-325a-4ccf-aceb-3471c02914c0","{""id"":""9e91b2b3-d46d-4dd0-861d-e9204e6f4776"",""items"":[{""x"":0.5508905852417303,""y"":0.1909233415630502,""z"":55,""id"":""47259481-10b6-466d-a5ea-2b83738fb983"",""type"":""text"",""scale"":1,""fontSize"":0.014084507042253521,""fontType"":""PragmaticaExtended-Light"",""rotation"":0,""fontColor"":""#c1121f"",""textContent"":""今天逃班在家哭 \n人生好難"",""width"":null,""height"":null},{""x"":0.07930458593004533,""y"":0.15160405691800521,""z"":64,""id"":""97d1fa18-5938-4be5-9dda-8814ce65b1ea"",""path"":""https://zckngbdtquzqrmrpjhhx.supabase.co/storage/v1/object/public/page_photos/714fcd02-523b-4f7c-95a1-f7f228e646fe/97d1fa18-5938-4be5-9dda-8814ce65b1ea.webp"",""type"":""image"",""scale"":1,""width"":0.3644415305676722,""height"":0.29885346168616617,""rotation"":-0.16633430533500762,""placeholder"":""LFI;9j#%BN%%LH.S^,$dpIw}-oox""},{""x"":0.5059372608291587,""y"":0.2609545927092503,""z"":78,""id"":""61c8d587-bdf2-4032-8d2d-d4c83099d11a"",""type"":""text"",""scale"":1,""fontSize"":0.011737089201877934,""fontType"":""PragmaticaExtended-Bold"",""rotation"":0,""fontColor"":""#000"",""textContent"":""公司安排下下禮拜去露營\n公司出錢但要分組睡\n我不想跟肢體騷擾過我的女組長睡一起\n反正最好的解法是我不去\n但就覺得很靠腰\n我愛我的工作但真的太多鳥人鳥事\n不知道什麼時候會受不了離職😍"",""width"":null,""height"":null},{""x"":0.5229008410116491,""y"":0.6189358312759041,""z"":91,""id"":""03e4f82e-9333-44e0-9b61-1bff1d0b884b"",""type"":""text"",""scale"":1,""fontSize"":0.018779342723004695,""fontType"":""Calibri-Light"",""rotation"":0,""fontColor"":""#000"",""textContent"":""晚上9:22🈶大便"",""width"":null,""height"":null},{""x"":0.7620865139949109,""y"":0.37949921155759425,""z"":100,""id"":""155bc06e-a9e3-41b7-84da-6b0f6cef6ed6"",""type"":""text"",""scale"":1,""fontSize"":0.035211267605633804,""fontType"":""Calibri-Bold"",""rotation"":0,""fontColor"":""#c1121f"",""textContent"":""走🏕️"",""width"":null,""height"":null}],""maxZIndex"":100,""backgroundImage"":{""path"":""bg_08"",""type"":""Local""}}"
"781aaced-09ac-4058-853a-0203f9dc6566","2024-12-24T01:05:39.419108+00:00","2024-12-01","2024-12-24T01:05:39.419108+00:00",false,"4b381455-be80-45e1-96e9-03ea15450ad8","a6300bac-4d56-49f3-9e9e-a3919a9bd8cf","{""id"":""cd4aa231-68a6-4b2c-a8d8-12a41834c1ac"",""items"":[{""x"":0.2085469955053085,""y"":0.2622432799135904,""z"":11,""id"":""89789f18-7436-4ab2-80c0-d9f7906300b8"",""type"":""text"",""scale"":1,""fontSize"":0.022511848341232227,""fontType"":""PragmaticaExtended-Bold"",""rotation"":0,""fontColor"":""#000"",""textContent"":""今天一樣在家軟爛沒照片\n發我家的棕色三兄弟"",""width"":null,""height"":null},{""x"":0.09145296536959134,""y"":0.5035545204488022,""z"":35,""id"":""1be2c898-f1fd-4271-8cb7-c3f2ee428e96"",""type"":""text"",""scale"":1,""fontSize"":0.02132701421800948,""fontType"":""Calibri"",""rotation"":0,""fontColor"":""#ffffff"",""textContent"":""Mr. Toast"",""width"":null,""height"":null},{""x"":0.4025641025641026,""y"":0.4944707680652492,""z"":37,""id"":""b6277824-ae11-4972-a4c5-d70555b232ca"",""type"":""text"",""scale"":1,""fontSize"":0.02132701421800948,""fontType"":""Calibri"",""rotation"":0,""fontColor"":""#ffffff"",""textContent"":""Mushi"",""width"":null,""height"":null},{""x"":0.67008545704377,""y"":0.4656398104265403,""z"":40,""id"":""b58d1d6f-1ed7-4744-8d8e-231913081c5f"",""type"":""text"",""scale"":1,""fontSize"":0.027251184834123223,""fontType"":""Calibri"",""rotation"":0,""fontColor"":""#ffffff"",""textContent"":""Carl"",""width"":null,""height"":null},{""x"":0.06623936188526643,""y"":0.33056871133957993,""z"":33,""id"":""82e507fd-2176-428e-a491-978813838365"",""path"":""https://zckngbdtquzqrmrpjhhx.supabase.co/storage/v1/object/public/page_photos/781aaced-09ac-4058-853a-0203f9dc6566/82e507fd-2176-428e-a491-978813838365.webp"",""type"":""image"",""scale"":1,""width"":0.8668660078498068,""height"":0.30042453471098163,""rotation"":0,""placeholder"":""LJI}t:-n?vIU_ND%Iot7.9-;M_-;""}],""maxZIndex"":40,""backgroundImage"":{""path"":""bg_05"",""type"":""Local""}}"
"7e73f2c5-8e1e-46ff-af06-1d25e68fafb1","2024-12-24T01:05:39.419108+00:00","2024-12-01","2024-12-24T01:05:39.419108+00:00",false,"4b381455-be80-45e1-96e9-03ea15450ad8","632e3d17-8713-46e9-ab1b-604bfa3ce11f","{""id"":""af678bb5-9a19-4ab8-9a31-59956d8acab7"",""items"":[{""x"":0.10170941475110176,""y"":0.20023696682464456,""z"":3,""id"":""c9ecd237-dc98-46c4-82e3-af0c5cee8b24"",""type"":""text"",""scale"":1,""fontSize"":0.011848341232227487,""fontType"":""Calibri"",""rotation"":0,""fontColor"":""#000"",""textContent"":""一直想說再十天就可放假了但真的好想哭\n沒 我已經在哭了\n健康快樂才是最重要的\n不要再煩我了\n希望有可以努力的理由 最近活得好沒有動機"",""width"":null,""height"":null},{""x"":0.5529914660331531,""y"":0.38744075829383884,""z"":37,""id"":""6eee6752-e2f6-48df-af39-7df7748f305b"",""type"":""text"",""scale"":1,""fontSize"":0.014218009478672985,""fontType"":""Calibri"",""rotation"":0,""fontColor"":""#669bbc"",""textContent"":""但昨天今天都有做早餐\n不曉得多久沒做了"",""width"":null,""height"":null},{""x"":0.1145299080090645,""y"":0.32582938388625593,""z"":34,""id"":""f5ad228d-026c-4599-a421-51e2537824b3"",""path"":""https://zckngbdtquzqrmrpjhhx.supabase.co/storage/v1/object/public/page_photos/7e73f2c5-8e1e-46ff-af06-1d25e68fafb1/f5ad228d-026c-4599-a421-51e2537824b3.webp"",""type"":""image"",""scale"":1,""width"":0.4081677269238304,""height"":0.2514777464459618,""rotation"":0,""placeholder"":""LOKc|V-VE7M{Os~qbcWU5E.7%eof""},{""x"":0.3905983166816907,""y"":0.4571484841441656,""z"":32,""id"":""93388448-4060-4d68-bf42-a9943384e5f6"",""path"":""https://zckngbdtquzqrmrpjhhx.supabase.co/storage/v1/object/public/page_photos/7e73f2c5-8e1e-46ff-af06-1d25e68fafb1/93388448-4060-4d68-bf42-a9943384e5f6.webp"",""type"":""image"",""scale"":1,""width"":0.41039920524043444,""height"":0.25279121891834466,""rotation"":0,""placeholder"":""L9Jj*dT#.SpJ+FD*X.XT=rt.Em%1""},{""x"":0.13846153846153847,""y"":0.8345181614301781,""z"":40,""id"":""b9f2b08c-4f76-4e11-97e1-8c2ec0e682be"",""type"":""text"",""scale"":1,""fontSize"":0.016587677725118485,""fontType"":""Calibri"",""rotation"":0,""fontColor"":""#FFC300"",""textContent"":""今天晚上八點半突然超想喝奶茶直接騎車去買\n結果到十二點（現在）還在飽 好好笑"",""width"":null,""height"":null}],""maxZIndex"":40,""backgroundImage"":{""path"":""bg_04"",""type"":""Local""}}"
"90b5cb2b-a04b-4833-8b24-831990e49920","2024-12-24T01:05:39.419108+00:00","2024-11-27","2024-12-24T01:05:39.419108+00:00",false,"4b381455-be80-45e1-96e9-03ea15450ad8","2bdbc127-920a-432e-b1b6-1fa1ed6687a1","{""id"":""280eff8f-2a55-4c5d-b084-5686a88efbbf"",""items"":[{""x"":0.06410412022636998,""y"":0.6757999484624103,""z"":114,""id"":""91b13303-784c-4102-8610-07801011ccd8"",""type"":""text"",""scale"":1,""fontSize"":0.021748432822137922,""fontType"":""Calibri"",""rotation"":0.002230619801824041,""fontColor"":""#FFC300"",""textContent"":""我的新包包大到可以放一個便當和一件外套"",""width"":null,""height"":null},{""x"":0.12582650103916723,""y"":0.17792661289436518,""z"":116,""id"":""fd7c3a81-de0c-4dae-9cf9-d5c54d90daa9"",""path"":""https://zckngbdtquzqrmrpjhhx.supabase.co/storage/v1/object/public/page_photos/90b5cb2b-a04b-4833-8b24-831990e49920/fd7c3a81-de0c-4dae-9cf9-d5c54d90daa9.webp"",""type"":""image"",""scale"":1,""width"":0.7156750908326504,""height"":0.4714419628540789,""rotation"":0.0035089241142076677,""placeholder"":""LKFO$4#6OtR*_MVr-ps.$*SiEMNa""},{""x"":0.3706183040307628,""y"":0.8769513356609291,""z"":112,""id"":""112cba42-65d5-496f-ac9d-811edce35f72"",""type"":""text"",""scale"":1,""fontSize"":0.020413998170173833,""fontType"":""Calibri-Bold"",""rotation"":0,""fontColor"":""#FFC300"",""textContent"":""公司廁所終於打掃了感激涕零"",""width"":null,""height"":null},{""x"":0.09993684039347701,""y"":0.8283801986840157,""z"":108,""id"":""a4c1e041-a4fd-4353-ae1b-ee2c34bd2c37"",""path"":""https://zckngbdtquzqrmrpjhhx.supabase.co/storage/v1/object/public/page_photos/90b5cb2b-a04b-4833-8b24-831990e49920/a4c1e041-a4fd-4353-ae1b-ee2c34bd2c37.webp"",""type"":""image"",""scale"":1,""width"":0.25229604012655005,""height"":0.1661968425353303,""rotation"":0.029178284790514653,""placeholder"":""LQHxmNVt?bRj_NIno#%3tS%MMxoL""}],""maxZIndex"":116,""backgroundImage"":{""path"":""bg_04"",""type"":""Local""}}"
"9ab6eec1-65fe-49e3-8ff5-d6db7e3d66ff","2024-12-24T01:05:39.419108+00:00","2024-11-29","2024-12-24T01:05:39.419108+00:00",false,"4b381455-be80-45e1-96e9-03ea15450ad8","eecd2083-81ee-4e52-a4cf-fd6687bd002d","{""id"":""bd678c48-498b-4b30-b086-93606987e368"",""items"":[{""x"":0.0093333740234375,""y"":0.32142857142857145,""z"":67,""id"":""5cebca5a-5cbe-44e9-9cbd-740f541bd24b"",""type"":""text"",""scale"":1,""fontSize"":0.01847290640394089,""fontType"":""Calibri-Bold"",""rotation"":0,""fontColor"":""#ffffff"",""textContent"":""心情很差媽的訊息都不回😃"",""width"":null,""height"":null},{""x"":0.00044447835286458336,""y"":0.029761901629969403,""z"":31,""id"":""6ae1948b-c709-4449-8097-4fe3a135f43b"",""path"":""https://zckngbdtquzqrmrpjhhx.supabase.co/storage/v1/object/public/page_photos/9ab6eec1-65fe-49e3-8ff5-d6db7e3d66ff/6ae1948b-c709-4449-8097-4fe3a135f43b.webp"",""type"":""image"",""scale"":1,""width"":0.5614453139420673,""height"":0.34571755784610053,""rotation"":0,""placeholder"":""LYEpK5krR4oM^%aibEkCH;jXtSad""},{""x"":0.068888916015625,""y"":0.3875205505070428,""z"":35,""id"":""f897c716-5e2b-4450-8ec5-99a15a8dcf14"",""type"":""text"",""scale"":1,""fontSize"":0.012315270935960592,""fontType"":""Calibri"",""rotation"":0,""fontColor"":""#FFC300"",""textContent"":""再倒數兩週 可以叫他去死了"",""width"":null,""height"":null},{""x"":0.056444417317708336,""y"":0.5266830932917853,""z"":101,""id"":""f53ddee8-ca56-4c3a-a489-a774bbb08c0f"",""type"":""text"",""scale"":1,""fontSize"":0.012315270935960592,""fontType"":""Calibri-Bold"",""rotation"":0,""fontColor"":""#c1121f"",""textContent"":""前天我夢到我是Violet\n但我用不出防護罩我很難過\n而且很像也不太會隱形\n明明已經在做夢了怎麼還是這麼沒用"",""width"":null,""height"":null},{""x"":0.555999979654948,""y"":0.15106732034918122,""z"":69,""id"":""9e2a8283-c1c1-49d3-b3e0-07e1ba2c3b39"",""type"":""text"",""scale"":1,""fontSize"":0.015497971773471206,""fontType"":""Calibri-Bold"",""rotation"":0,""fontColor"":""#fdf0d5"",""textContent"":""這邊是N1倒數1天的育瑄\n壓力大哭一下心情好多了\n繼續走🏃🏻"",""width"":null,""height"":null},{""x"":0.4791111043294271,""y"":0.0582922949579549,""z"":65,""id"":""1d248d09-d6f0-4fb5-a8bd-215120384971"",""path"":""https://zckngbdtquzqrmrpjhhx.supabase.co/storage/v1/object/public/page_photos/9ab6eec1-65fe-49e3-8ff5-d6db7e3d66ff/1d248d09-d6f0-4fb5-a8bd-215120384971.webp"",""type"":""image"",""scale"":1,""width"":0.5159124319869721,""height"":0.3176800689574952,""rotation"":0,""placeholder"":""LaKn0XS$?v%2X8oM$%bb~qxuRPt7""},{""x"":0.084,""y"":0.9462232918574892,""z"":94,""id"":""722f359b-49e1-414b-9137-036fbd721458"",""type"":""text"",""scale"":1,""fontSize"":0.019704433497536946,""fontType"":""Calibri"",""rotation"":0,""fontColor"":""#c1121f"",""textContent"":""覺得可以邊上班邊讀書的人是神"",""width"":null,""height"":null},{""x"":0.36088885498046874,""y"":0.7144909750651844,""z"":120,""id"":""b14214f4-1b69-4665-8a3a-b86d19fcdebf"",""type"":""text"",""scale"":1,""fontSize"":0.019975173806364238,""fontType"":""Calibri-Bold"",""rotation"":0.02268402927329749,""fontColor"":""#000"",""textContent"":""昨天哭完又想開了一次\n突然也沒那麼在乎了^^"",""width"":null,""height"":null},{""x"":0.5111111450195314,""y"":0.5732758526731594,""z"":115,""id"":""0a21cf13-f0f0-45d0-b26f-f7dbe1e71aa4"",""path"":""https://zckngbdtquzqrmrpjhhx.supabase.co/storage/v1/object/public/page_photos/9ab6eec1-65fe-49e3-8ff5-d6db7e3d66ff/0a21cf13-f0f0-45d0-b26f-f7dbe1e71aa4.webp"",""type"":""image"",""scale"":1,""width"":0.4473859858000988,""height"":0.35537433601116225,""rotation"":0.00041769691090065564,""placeholder"":""LKOEFm%4Djou_4M{xut7;robNEj^""}],""maxZIndex"":120,""backgroundImage"":{""path"":""bg_01"",""type"":""Local""}}"
"9dbcdd5c-7736-44f5-af92-0642b18661cb","2024-12-24T01:05:39.419108+00:00","2024-11-29","2024-12-24T01:05:39.419108+00:00",false,"4b381455-be80-45e1-96e9-03ea15450ad8","a6300bac-4d56-49f3-9e9e-a3919a9bd8cf","{""id"":""8307f801-b512-4217-88ba-14ad08b25135"",""items"":[{""x"":0.09230773143279247,""y"":0.4466824644549763,""z"":20,""id"":""a776e462-2953-4a40-af7b-320ba144f1d3"",""type"":""text"",""scale"":1,""fontSize"":0.01802988201601144,""fontType"":""Calibri-Bold"",""rotation"":0,""fontColor"":""#000"",""textContent"":""昨天煮的紅酒燉牛肉\n這週可以不用煮飯了好開心"",""width"":null,""height"":null},{""x"":0.07350428654597349,""y"":0.13783570601476877,""z"":15,""id"":""f95a1f73-cf80-4a9b-8069-c5ec6ceedfb5"",""path"":""https://zckngbdtquzqrmrpjhhx.supabase.co/storage/v1/object/public/page_photos/9dbcdd5c-7736-44f5-af92-0642b18661cb/f95a1f73-cf80-4a9b-8069-c5ec6ceedfb5.webp"",""type"":""image"",""scale"":1,""width"":0.47987812177608347,""height"":0.2956595063075395,""rotation"":-0.004826496742272424,""placeholder"":""LVHKLRxCI]Nuk?WBozxG0,R+t6Nx""},{""x"":0.08504272852188502,""y"":0.5588467674797745,""z"":33,""id"":""bad7442b-43a1-47e4-a555-07b39f838008"",""type"":""text"",""scale"":1,""fontSize"":0.018317940268273186,""fontType"":""Calibri"",""rotation"":0,""fontColor"":""#000"",""textContent"":""讀藝術會餓死 只好自己學煮飯🥲🥲\n但其實是因為麥可會幫忙\n我才比較願意下廚🥹"",""width"":null,""height"":null},{""x"":0.5500000195625501,""y"":0.6629146919431279,""z"":52,""id"":""04fab232-fa59-4bcb-bf6a-c0c6a4d87292"",""type"":""text"",""scale"":1,""fontSize"":0.01875973848941395,""fontType"":""Calibri-Bold"",""rotation"":0,""fontColor"":""#FFC300"",""textContent"":""附上昨天切的\n超巨型洋蔥"",""width"":null,""height"":null},{""x"":0.517948737511268,""y"":0.6567930339071988,""z"":44,""id"":""c97ce0d6-fa9c-45e1-b932-3007a25e4814"",""path"":""https://zckngbdtquzqrmrpjhhx.supabase.co/storage/v1/object/public/page_photos/9dbcdd5c-7736-44f5-af92-0642b18661cb/c97ce0d6-fa9c-45e1-b932-3007a25e4814.webp"",""type"":""image"",""scale"":1,""width"":0.36092713506626045,""height"":0.22237216852423625,""rotation"":0,""placeholder"":""LMIhW?M|X:Fzx]E2%1%201%MaeMw""}],""maxZIndex"":52,""backgroundImage"":{""path"":""bg_02"",""type"":""Local""}}"
"b31a0db8-e5e3-4711-b706-735caf3738bf","2024-12-24T01:05:39.419108+00:00","2024-12-02","2024-12-24T01:05:39.419108+00:00",false,"4b381455-be80-45e1-96e9-03ea15450ad8","eecd2083-81ee-4e52-a4cf-fd6687bd002d","{""id"":""542c28f5-b2e2-45a3-b43f-5b770eea8c7b"",""items"":[{""x"":0.2306666259765625,""y"":0.1740558229643723,""z"":19,""id"":""62fa0aa2-9e9f-40dc-94f6-086f6fe3838a"",""type"":""text"",""scale"":1,""fontSize"":0.017489035023601107,""fontType"":""Calibri"",""rotation"":0,""fontColor"":""#669bbc"",""textContent"":""早起一聲好8:10"",""width"":null,""height"":null},{""x"":0.0524444173177083,""y"":0.43698687623874294,""z"":70,""id"":""c8fce63e-271a-4bea-a892-dc17cf50c85c"",""type"":""text"",""scale"":1,""fontSize"":0.01520304480500359,""fontType"":""Calibri"",""rotation"":0.11779695477328622,""fontColor"":""#ffffff"",""textContent"":""很喜歡韋晴（我室友）\n都會把家裡打扮的乾乾淨淨的，\n把拖鞋排好等我們回來"",""width"":null,""height"":null},{""x"":0.09644441731770834,""y"":0.6276683149666622,""z"":77,""id"":""02bc2419-9a8a-4884-9b13-2dba7aa78ea8"",""type"":""text"",""scale"":1,""fontSize"":0.022383217451288406,""fontType"":""Calibri"",""rotation"":0,""fontColor"":""#ffffff"",""textContent"":""一大早回淡水\n天氣十分晴朗🌞"",""width"":null,""height"":null},{""x"":0.5124444173177083,""y"":0.5593185424804688,""z"":88,""id"":""e6667adb-7dd5-4919-9af6-573e3f7b5066"",""type"":""text"",""scale"":1,""fontSize"":0.01272177018933113,""fontType"":""Calibri"",""rotation"":-6.314372770848745,""fontColor"":""#ffffff"",""textContent"":""早上大概9.回到公館\n冬天早上太陽好斜好漂亮\n"",""width"":null,""height"":null},{""x"":0.08844441731770833,""y"":0.7175697834033684,""z"":92,""id"":""adc6fab9-548d-48a8-a70c-c78933640287"",""type"":""text"",""scale"":1,""fontSize"":0.015174315426377096,""fontType"":""Calibri"",""rotation"":0,""fontColor"":""#ffffff"",""textContent"":""今天一整天抱著電腦ㄥ好像做了什麼又好像沒做\n明天又要去拍攝了🚬\n祝順利\n然後明天開始讀英文幹你娘"",""width"":null,""height"":null},{""x"":0.007111104329427084,""y"":0.24466336067086958,""z"":21,""id"":""28283476-0fb1-4614-9acb-230961478a72"",""path"":""https://zckngbdtquzqrmrpjhhx.supabase.co/storage/v1/object/public/page_photos/b31a0db8-e5e3-4711-b706-735caf3738bf/28283476-0fb1-4614-9acb-230961478a72.webp"",""type"":""image"",""scale"":1,""width"":0.5744316327608086,""height"":0.26528554468633403,""rotation"":0,""placeholder"":""LCF#]n~pJCxu8_$wobM{0hSi-:xu""},{""x"":0.00577783203125,""y"":0.5090312018183064,""z"":66,""id"":""1a6dfc8e-b4a5-4f49-8a7e-340170fb7e09"",""path"":""https://zckngbdtquzqrmrpjhhx.supabase.co/storage/v1/object/public/page_photos/b31a0db8-e5e3-4711-b706-735caf3738bf/1a6dfc8e-b4a5-4f49-8a7e-340170fb7e09.webp"",""type"":""image"",""scale"":1,""width"":0.8262657776228565,""height"":0.38158825937016155,""rotation"":0,""placeholder"":""L{A_}MbIjsj]RUkXj]ayZxWCazfR""},{""x"":0.4884444783528646,""y"":0.28653530064474775,""z"":79,""id"":""c977257f-1eb6-48fb-a8d3-843bca9a017e"",""path"":""https://zckngbdtquzqrmrpjhhx.supabase.co/storage/v1/object/public/page_photos/b31a0db8-e5e3-4711-b706-735caf3738bf/c977257f-1eb6-48fb-a8d3-843bca9a017e.webp"",""type"":""image"",""scale"":1,""width"":0.49831930021070553,""height"":0.30689757822486863,""rotation"":0,""placeholder"":""LUD0ZLIAIUNG_NaKIUkD-;%MD%W=""},{""x"":0.06622220865885417,""y"":0.8990147783251231,""z"":95,""id"":""fbe9dd6f-9577-4c8c-bbed-8b5b8dfdf16f"",""type"":""text"",""scale"":1,""fontSize"":0.012315270935960592,""fontType"":""Calibri"",""rotation"":0,""fontColor"":""#c1121f"",""textContent"":""大會報告\n發現我完全來不及考托福（學校都只收正本，但要寄兩個月操）\n跟阪大無緣，只剩神戶大學🉑讀\n最後最後的一條路\n再沒有的話明年直接去打工度假 以上😭"",""width"":null,""height"":null}],""maxZIndex"":95,""backgroundImage"":{""path"":""bg_04"",""type"":""Local""}}"
"bb1b7f93-16c3-492d-8547-7dc62e1d19c7","2024-12-24T01:05:39.419108+00:00","2024-12-03","2024-12-24T01:05:39.419108+00:00",false,"4b381455-be80-45e1-96e9-03ea15450ad8","a6300bac-4d56-49f3-9e9e-a3919a9bd8cf","{""id"":""7073fc35-a134-4141-87f4-b892f4ad1dfb"",""items"":[{""x"":0.06025641025641026,""y"":0.1467219528993724,""z"":42,""id"":""3b67e5d3-8a63-4d15-97de-b55eb01fab9c"",""type"":""text"",""scale"":1,""fontSize"":0.016599826201477173,""fontType"":""Calibri-Bold"",""rotation"":0,""fontColor"":""#000"",""textContent"":""居然沒人看奧術\n動畫精良\n美術飛天\n角色香辣(還很gay)\n推薦大家去看"",""width"":null,""height"":null},{""x"":0.23974360930613983,""y"":0.11097946890157546,""z"":36,""id"":""986990cb-3f4a-4936-a271-6d0e9d36ebb9"",""path"":""https://zckngbdtquzqrmrpjhhx.supabase.co/storage/v1/object/public/page_photos/bb1b7f93-16c3-492d-8547-7dc62e1d19c7/986990cb-3f4a-4936-a271-6d0e9d36ebb9.webp"",""type"":""image"",""scale"":1,""width"":0.7383668909504764,""height"":0.60655731958017,""rotation"":0,""placeholder"":""LYQvn0ob_Nt8V@aytRkBo~a%WAob""}],""maxZIndex"":42,""backgroundImage"":{""path"":""bg_04"",""type"":""Local""}}"
"dbb488ee-84de-457b-abb9-264eb5d1fbe6","2024-12-24T01:05:39.419108+00:00","2024-12-05","2024-12-24T01:05:39.419108+00:00",false,"4b381455-be80-45e1-96e9-03ea15450ad8","a6300bac-4d56-49f3-9e9e-a3919a9bd8cf","{""id"":""8fb363d3-46a9-425a-93b0-31aa3f4cdef1"",""items"":[{""x"":0.5,""y"":0.5,""z"":9,""id"":""77d972ab-e6b0-492a-b82a-3753424a63e5"",""type"":""text"",""width"":0,""height"":0,""fontSize"":0.035545023696682464,""fontType"":""Calibri"",""rotation"":0,""fontColor"":""#ffffff"",""textContent"":""""},{""x"":0.0820512820512823,""y"":0.35841233131444905,""z"":17,""id"":""70a20d4d-f64e-4118-b100-5aa656f0a33e"",""path"":""https://zckngbdtquzqrmrpjhhx.supabase.co/storage/v1/object/public/page_photos/9eb4d9fc-8130-4534-a223-1fe15643cc46/a758d67b-9248-4e44-8720-534740e3b8ff.webp"",""type"":""image"",""width"":0.3401562060671923,""height"":0.2095749136906884,""rotation"":0.00181332205497986,""placeholder"":""LCGIcT01oMIoXAxuxt%L?HofRjRQ""},{""x"":0.05213677822015231,""y"":0.234597174477237,""z"":23,""id"":""16ebe15f-2390-414d-a521-45cc7012d7fa"",""type"":""text"",""width"":0,""height"":0,""fontSize"":0.023696682464454975,""fontType"":""Calibri-Bold"",""rotation"":0,""fontColor"":""#669bbc"",""textContent"":""新版本上架🎉\n和大家分享今天電梯壞掉\n我走樓梯時發現的謎樣本本""},{""x"":0.05683765900440615,""y"":0.3505134311332535,""z"":15,""id"":""ce9c69ef-08ac-4cfd-8429-1b85a1d9201e"",""path"":""https://zckngbdtquzqrmrpjhhx.supabase.co/storage/v1/object/public/page_photos/9eb4d9fc-8130-4534-a223-1fe15643cc46/50c165cc-551b-49dc-82f2-76f385556b10.webp"",""type"":""image"",""width"":0.8848528152444692,""height"":0.5451699809563081,""rotation"":0,""placeholder"":""LKH_rdnN-Vof_NS$IpR*VrsTsCn%""}],""maxZIndex"":0,""backgroundImage"":{""path"":""bg_04"",""type"":""local""}}"
"31c0c54b-2973-4ebb-8922-479998378ea2","2024-12-24T01:05:39.419108+00:00","2024-12-05","2024-12-24T01:05:39.419108+00:00",false,"4b381455-be80-45e1-96e9-03ea15450ad8","eecd2083-81ee-4e52-a4cf-fd6687bd002d","{""id"":""df7e2740-2a50-4ab6-bbeb-9de67d4748b8"",""items"":[{""x"":0.22088889567057307,""y"":0.7245484338018103,""z"":66,""id"":""f277db9a-3742-4449-b1f5-ba9df37208bb"",""type"":""text"",""width"":0,""height"":0,""fontSize"":0.01825712116793005,""fontType"":""Calibri"",""rotation"":0,""fontColor"":""#c1121f"",""textContent"":""然後字的UI還是會跑版🥺麥🉑這個能修嗎""},{""x"":0.50266668701172,""y"":0.06301314255286945,""z"":69,""id"":""60a3cb23-07ea-441b-8dd4-3408bf8814d6"",""path"":""https://zckngbdtquzqrmrpjhhx.supabase.co/storage/v1/object/public/page_photos/a25e0568-6a10-4582-9562-2c78fc211089/add4ab63-726c-4cb1-be6b-be4c53e59af4.webp"",""type"":""image"",""width"":0.4416747161280107,""height"":0.20397539230049755,""rotation"":-0.0938015384208202,""placeholder"":""LRIW[g~AWDM{E29wt7smK7S5V?R*""},{""x"":2.0345052039516533e-8,""y"":0.06937602000870653,""z"":62,""id"":""4bad7a6f-7349-414a-8495-768acdd330fb"",""path"":""https://zckngbdtquzqrmrpjhhx.supabase.co/storage/v1/object/public/page_photos/a25e0568-6a10-4582-9562-2c78fc211089/653ced23-5689-4eec-93e0-fcf213750743.webp"",""type"":""image"",""width"":0.5607618327270213,""height"":0.5607618327270222,""rotation"":-0.000432977358390929,""placeholder"":""L;NTWLNNkSxo$^jEa$j[0Vt3WXRo""},{""x"":0.030222127278644,""y"":0.654556687829527,""z"":65,""id"":""4d748ed9-7e5c-40fb-bb8f-77c7065ae3ac"",""type"":""text"",""width"":0,""height"":0,""fontSize"":0.025426225013405048,""fontType"":""Calibri"",""rotation"":0,""fontColor"":""#ffffff"",""textContent"":""不可能收到新資料夾的私訊還有他們自己拍的年度感謝影片我要瘋哈哈哈哈哈哈哈哈哈哈""},{""x"":0.629777791341144,""y"":0.43267651261954554,""z"":45,""id"":""df112fdb-cf78-4b1d-9188-5d0c222dfec0"",""type"":""text"",""width"":0,""height"":0,""fontSize"":0.013859524430151109,""fontType"":""Calibri-Bold"",""rotation"":0,""fontColor"":""#669bbc"",""textContent"":""我今天啥小工作都沒做\n晚餐要吃什麼""},{""x"":0.2702222696940107,""y"":0.15414614747897906,""z"":70,""id"":""2229ec8a-d3a2-4086-9dc3-56dae4b31fbd"",""type"":""text"",""width"":0,""height"":0,""fontSize"":0.017851282327811083,""fontType"":""Calibri-Bold"",""rotation"":0,""fontColor"":""#000"",""textContent"":""介紹馬嗨是一隻很喜歡\n貼著你坐的狗\n冬天是蠻溫暖的\n但夏天就覺得\n你可不可以去旁邊""},{""x"":0.293777791341144,""y"":0.29146141841493844,""z"":68,""id"":""2001125f-4bbd-4e72-a21c-3ce934112f42"",""type"":""text"",""width"":0,""height"":0,""fontSize"":0.03694581280788178,""fontType"":""Calibri"",""rotation"":0,""fontColor"":""#c1121f"",""textContent"":""我愛拉椅子""},{""x"":0.12266672770182267,""y"":0.4597701368660751,""z"":64,""id"":""f3338fcf-82ca-46e7-8c8a-35d13a215add"",""path"":""https://zckngbdtquzqrmrpjhhx.supabase.co/storage/v1/object/public/page_photos/a25e0568-6a10-4582-9562-2c78fc211089/cd0ef981-0699-4c9b-866f-cab8705db4aa.webp"",""type"":""image"",""width"":0.4575040738313387,""height"":0.4575040738313386,""rotation"":0.125512295648349,""placeholder"":""LF3]vbpLVnVoW4kXoPVsosW7j_jL""}],""maxZIndex"":0,""backgroundImage"":{""path"":""bg_05"",""type"":""local""}}"
"b2a20f2c-6f49-4c95-8a78-873ad02d4f9b","2024-12-24T01:05:39.419108+00:00","2024-12-05","2024-12-24T01:05:39.419108+00:00",false,"4b381455-be80-45e1-96e9-03ea15450ad8","2bdbc127-920a-432e-b1b6-1fa1ed6687a1","{""id"":""b100f48a-0d0d-4f35-9ec0-159bfee407cd"",""items"":[{""x"":0.08261599408255774,""y"":0.9228472526424648,""z"":29,""id"":""e5a19803-d588-4769-9e9d-6592ea937c4e"",""type"":""text"",""width"":0,""height"":0,""fontSize"":0.02401646843549862,""fontType"":""Calibri-Bold"",""rotation"":0,""fontColor"":""#FFC300"",""textContent"":""被困在小巨蛋的我""},{""x"":0.5193354810277624,""y"":0.7283119566377324,""z"":26,""id"":""8a52ca20-880c-47fe-8f4b-a341111eac43"",""path"":""https://zckngbdtquzqrmrpjhhx.supabase.co/storage/v1/object/public/page_photos/f7010ecc-27d2-43a4-871e-d7e647d1ee4f/1f00e8e2-0fc3-481c-967b-74f06fe67d99.webp"",""type"":""image"",""width"":0.42981146100129314,""height"":0.28313289288282767,""rotation"":0,""placeholder"":""LfL|y5Di_N%M-=RjniRj-;t6M|of""},{""x"":0.4319495265682557,""y"":0.24341828667124926,""z"":11,""id"":""56180732-ec2c-421e-acdc-1346f6c5bc8c"",""type"":""text"",""width"":0,""height"":0,""fontSize"":0.01200823421774931,""fontType"":""Calibri"",""rotation"":0,""fontColor"":""#c1121f"",""textContent"":""我不准 才剛重新又可以打開app的說😍""},{""x"":0.11920550068219589,""y"":0.12156664932654479,""z"":5,""id"":""b5308040-c917-41ee-b8c0-f7a19a0c0a96"",""type"":""text"",""width"":0,""height"":0,""fontSize"":0.056438700823421756,""fontType"":""Calibri"",""rotation"":0,""fontColor"":""#c1121f"",""textContent"":""速度令人感動""},{""x"":0.048511646356847724,""y"":0.2768495274811622,""z"":23,""id"":""9d57dc3d-5854-4265-8abc-7e0f592a0300"",""path"":""https://zckngbdtquzqrmrpjhhx.supabase.co/storage/v1/object/public/page_photos/f7010ecc-27d2-43a4-871e-d7e647d1ee4f/f08be204-506c-4e99-84de-476cf533e3cd.webp"",""type"":""image"",""width"":0.6634309488484813,""height"":0.4370267915561818,""rotation"":0.000799921523488401,""placeholder"":""LFFr-Kt8MxoM~qe-%2Rk9ZWANFkC""},{""x"":0.3398128399004528,""y"":0.668114550759349,""z"":24,""id"":""a7163521-c642-4ac4-8561-041847adb0e9"",""type"":""text"",""width"":0,""height"":0,""fontSize"":0.020413998170173826,""fontType"":""Calibri"",""rotation"":0,""fontColor"":""#FFC300"",""textContent"":""鄧媽咪的腳底按摩""}],""maxZIndex"":0,""backgroundImage"":{""path"":""bg_04"",""type"":""local""}}"
"43986c47-50f3-46ce-806d-319b9a001880","2024-12-24T01:05:39.629849+00:00","2024-12-12","2024-12-24T01:05:39.629849+00:00",false,"4b381455-be80-45e1-96e9-03ea15450ad8","2bdbc127-920a-432e-b1b6-1fa1ed6687a1","{""id"":""3e78eba7-20c6-4b0d-a97f-622d922adbd5"",""items"":[{""x"":0.19951257440779047,""y"":0.727475346934326,""z"":8,""id"":""bbcf3264-027f-40df-90f0-e34731b62998"",""type"":""text"",""width"":0,""height"":0,""fontSize"":0.021614821591948757,""fontType"":""Calibri"",""rotation"":0,""fontColor"":""#c1121f"",""textContent"":""23：05捷運還是超多人沒位子坐\n大家是怎樣都上班到這麼晚？\n趕快回家睡覺好不好\n（憤世嫉俗模式on）""}],""maxZIndex"":0,""backgroundImage"":{""path"":""bg_04"",""type"":""local""}}"
"1cdb7832-1d4d-41ac-aa11-89ea4aaff24b","2024-12-24T01:05:39.629849+00:00","2024-12-15","2024-12-24T22:49:24.33722+00:00",false,"4b381455-be80-45e1-96e9-03ea15450ad8","eecd2083-81ee-4e52-a4cf-fd6687bd002d","{""id"":""8d1777c3-b1bf-4dd8-a364-e68e86c81e7b"",""items"":[{""x"":0.14,""y"":0.6038587880252032,""z"":31,""id"":""23278ee0-1ef7-4d5f-a2cf-f73b4f0226b5"",""path"":""https://zckngbdtquzqrmrpjhhx.supabase.co/storage/v1/object/public/page_photos/a25e0568-6a10-4582-9562-2c78fc211089/cf7edd2c-5d04-45b4-99ce-f235f23cb5a1.webp"",""type"":""image"",""width"":0.8397935455955172,""height"":0.3878356891604913,""rotation"":0,""placeholder"":""LZBNQhkCD%ayRifQoffP4max%MfQ""},{""x"":0.397777791341144,""y"":0.5463875455809347,""z"":42,""id"":""236ead1d-ff77-4a84-ab6b-f94173a968c0"",""type"":""text"",""width"":0,""height"":0,""fontSize"":0.01600985221674877,""fontType"":""Calibri"",""rotation"":0,""fontColor"":""#ffffff"",""textContent"":""看完髭男的演唱會了\n實在是好聽到不行\n有機會一定要聽一次的程度\n很棒的點還有我們在\n搖滾架高區的第一排正中間\n前面的人怎麼跳我們還是看的一清二楚\n這大概是我演唱會買過最好的位子\n然後居酒屋也超好吃 叫Miso啥的\n最推這個明太子白醬烏龍\n最後還外帶了一份回家吃\n總報告是約會體驗程度4.8⭐️\n尤其再前一天的約會尷尬到不行\n🚬深深感受到開心沒辦法騙人""},{""x"":0.030666666666666665,""y"":0.3994252998840628,""z"":19,""id"":""488b4c70-ff61-436b-a5f2-1772bfd16413"",""type"":""text"",""width"":0,""height"":0,""fontSize"":0.01600985221674877,""fontType"":""Calibri"",""rotation"":0,""fontColor"":""#000"",""textContent"":""跟韋晴欣柔看了星際效應\n我宣布他為我的2024電影\n一影三哭實在是太爽了😭\n大概10分鐘就會稱讚一次安海瑟薇好美\n我愛諾蘭\n我對於我現在才看很抱歉""},{""x"":0.030666646321614668,""y"":0.11083742902783929,""z"":4,""id"":""667c3ef5-15ec-44a9-880e-32855ee864d6"",""path"":""https://zckngbdtquzqrmrpjhhx.supabase.co/storage/v1/object/public/page_photos/a25e0568-6a10-4582-9562-2c78fc211089/488bf48c-684a-4b4f-9dfa-ff67ef888fdd.webp"",""type"":""image"",""width"":0.5854441028821493,""height"":0.2703713529320271,""rotation"":0,""placeholder"":""LUIqiUroxuNfsQ~Us8NH%0V=bEe.""},{""x"":0.029333292643229068,""y"":0.5139573383801096,""z"":32,""id"":""6a3f734c-1678-4f8d-9de6-2ad048e1abd2"",""path"":""https://zckngbdtquzqrmrpjhhx.supabase.co/storage/v1/object/public/page_photos/a25e0568-6a10-4582-9562-2c78fc211089/0d853891-d0e1-4c59-b351-c0fa65c20f08.webp"",""type"":""image"",""width"":0.42090449890159737,""height"":0.3455701961425271,""rotation"":0,""placeholder"":""LJDlN9X90f-o9v%L^%Iob_WXRPoy""},{""x"":0.5542222493489574,""y"":0.25738918135318967,""z"":29,""id"":""c71f2072-20ba-43c9-9ca3-50dc303276c3"",""path"":""https://zckngbdtquzqrmrpjhhx.supabase.co/storage/v1/object/public/page_photos/a25e0568-6a10-4582-9562-2c78fc211089/37b3f0fb-36ce-45f5-bfbc-1f49ea8be747.webp"",""type"":""image"",""width"":0.42090449890159737,""height"":0.3455701961425271,""rotation"":0,""placeholder"":""LCID:YMy4:M{vy?H57oJ01^i9^EM""},{""x"":0.6199999186197893,""y"":0.1315681476311133,""z"":53,""id"":""f0cea152-14bb-4756-a6b5-9a2fe98fd3e0"",""type"":""text"",""width"":0,""height"":0,""fontSize"":0.009014492539258904,""fontType"":""Calibri"",""rotation"":0,""fontColor"":""#000"",""textContent"":""想到一個補\n我們混太晚 18:00開場17:57才到小巨蛋\n結果一到發現外面人排了小巨蛋快半圈\n不知道裡面發生什麼問題沒有準時5點入\n但還好沒有準時5點就來排入場（開玩笑\n大家記得當個守時的人\n然後一個關於昨天問到的沖繩TMI\n他們的時區跟日本不太一樣\n叫UCHINAWA TIMEウチナワタイム\n意思是他們連結婚典禮都會遲到的不準時🙂‍↕️\n沒被騙因為我在新聞看到的==\n未來有機會認識沖繩人請別對他們生氣""}],""maxZIndex"":0,""backgroundImage"":{""path"":""bg_01"",""type"":""local""}}"
"6c6588d3-5ca4-4d7e-9074-c9133af37f28","2024-12-24T01:05:39.419108+00:00","2024-12-05","2024-12-24T01:05:39.419108+00:00",false,"4b381455-be80-45e1-96e9-03ea15450ad8","6eea90f5-325a-4ccf-aceb-3471c02914c0","{""id"":""4633ff71-279c-44eb-8135-07c36a154630"",""items"":[{""x"":0.11068698407432799,""y"":0.48552426262080983,""z"":9,""id"":""286b83cb-178c-4a64-b7ce-cb2a1d7b4b77"",""type"":""text"",""width"":0,""height"":0,""fontSize"":0.018779342723004695,""fontType"":""Calibri-Light"",""rotation"":0,""fontColor"":""#fdf0d5"",""textContent"":""我的晚餐\n排骨麵\n""},{""x"":0.10008484352635981,""y"":0.1564945077672242,""z"":4,""id"":""c60069e0-8d45-42d2-9bb4-c7bd0ea262c2"",""path"":""https://zckngbdtquzqrmrpjhhx.supabase.co/storage/v1/object/public/page_photos/06435e09-bc0a-4026-82a8-f1743489a5c8/fc19b22d-6b2f-4c9b-973a-7e9546c7a11e.webp"",""type"":""image"",""width"":0.5131294041791603,""height"":0.31558662886136146,""rotation"":0,""placeholder"":""LCHnyk0N?u$$A1RQDiIp5bRj-TIV""},{""x"":0.3710772099385725,""y"":0.5684663656172065,""z"":15,""id"":""0191472e-ab61-4bfc-ab47-00ef5831f8a2"",""type"":""text"",""width"":0,""height"":0,""fontSize"":0.017605633802816902,""fontType"":""Calibri"",""rotation"":0,""fontColor"":""#c1121f"",""textContent"":""台中這樣一碗就120了😍?""}],""maxZIndex"":0,""backgroundImage"":{""path"":""bg_03"",""type"":""local""}}"
"26f404fa-9c35-4fd8-9333-e6931f771982","2024-12-24T01:05:39.419108+00:00","2024-12-05","2024-12-24T01:05:39.419108+00:00",false,"4b381455-be80-45e1-96e9-03ea15450ad8","632e3d17-8713-46e9-ab1b-604bfa3ce11f","{""id"":""0b506c88-1363-4447-9820-fc618211f377"",""items"":[{""x"":0.22564102564102564,""y"":0.3680884736409123,""z"":2,""id"":""5f3b8633-3588-4e19-b32d-0717d04e567d"",""type"":""text"",""width"":0,""height"":0,""fontSize"":0.02014218009478673,""fontType"":""Calibri"",""rotation"":0,""fontColor"":""#000"",""textContent"":""工作量超大覺得被榨乾了\n快讓我放假""}],""maxZIndex"":0,""backgroundImage"":{""path"":""bg_04"",""type"":""local""}}"
"dd1fb5ee-11c2-4b3f-b0e0-6f1de15b9230","2024-12-24T01:05:39.629849+00:00","2024-12-06","2024-12-24T01:05:39.629849+00:00",false,"4b381455-be80-45e1-96e9-03ea15450ad8","2bdbc127-920a-432e-b1b6-1fa1ed6687a1","{""id"":""2a41723b-cc58-4de5-ab16-8539731dbee0"",""items"":[{""x"":0.07207627693812056,""y"":0.06468841456701635,""z"":3,""id"":""fee8d297-d75a-4148-97d3-37e0ac3f1519"",""path"":""https://zckngbdtquzqrmrpjhhx.supabase.co/storage/v1/object/public/page_photos/f7010ecc-27d2-43a4-871e-d7e647d1ee4f/41ed3f23-b1ba-4f47-bb3a-90fb1a46832c.webp"",""type"":""image"",""width"":0.7248866617633479,""height"":0.30010175155344515,""rotation"":0,""placeholder"":""L2R:B900RN~p.TNHM_IT.79E9Gxw""},{""x"":0.13561916119522593,""y"":0.3717097634856883,""z"":6,""id"":""6eef9e27-c401-4c33-bbd8-0a9f7b8b944a"",""type"":""text"",""width"":0,""height"":0,""fontSize"":0.021614821591948757,""fontType"":""PragmaticaExtended-Bold"",""rotation"":0,""fontColor"":""#669bbc"",""textContent"":""驚爆！羅志祥窮困潦倒？！兼職攝影師""}],""maxZIndex"":0,""backgroundImage"":{""path"":""bg_04"",""type"":""local""}}"
"afa1a568-b4c1-4a04-b04d-35a793f0beb2","2024-12-24T01:05:39.629849+00:00","2024-12-06","2024-12-24T01:05:39.629849+00:00",false,"4b381455-be80-45e1-96e9-03ea15450ad8","6eea90f5-325a-4ccf-aceb-3471c02914c0","{""id"":""6a3a1d57-a36c-464d-819e-295976a25408"",""items"":[{""x"":0.7620865139949109,""y"":0.35093896713615025,""z"":10,""id"":""531b8a24-940a-4119-94e7-df0382cf016f"",""type"":""text"",""width"":0,""height"":0,""fontSize"":0.01643192488262911,""fontType"":""Calibri"",""rotation"":0,""fontColor"":""#c1121f"",""textContent"":""健身房打卡""},{""x"":0.5797285706032316,""y"":0.2875586854460094,""z"":7,""id"":""f34624a9-9ce0-4728-98e9-16d5a22ff56b"",""type"":""text"",""width"":0,""height"":0,""fontSize"":0.035211267605633804,""fontType"":""Calibri"",""rotation"":0,""fontColor"":""#ffffff"",""textContent"":""健身房打卡""},{""x"":0.5818490763656973,""y"":0.13967134359297065,""z"":8,""id"":""414cf631-dd47-4432-b81e-8c8b6b9dd0e0"",""path"":""https://zckngbdtquzqrmrpjhhx.supabase.co/storage/v1/object/public/page_photos/06435e09-bc0a-4026-82a8-f1743489a5c8/a77647d9-81a6-4d7e-ad1a-98f77a2ee482.webp"",""type"":""image"",""width"":1,""height"":0.6150234741784038,""rotation"":0,""placeholder"":""LFE.;BIA4.WB~pxuV[M|xZoMfRNH""}],""maxZIndex"":0,""backgroundImage"":{""path"":""bg_05"",""type"":""local""}}"
"29495586-37a5-45ae-ba10-7d53b5795039","2024-12-24T01:05:39.629849+00:00","2024-12-06","2024-12-24T01:05:39.629849+00:00",false,"4b381455-be80-45e1-96e9-03ea15450ad8","eecd2083-81ee-4e52-a4cf-fd6687bd002d","{""id"":""6f70e113-5b7a-4067-8f5f-71c78fbf6107"",""items"":[{""x"":0.51955556233724,""y"":0.42610838378004307,""z"":53,""id"":""6a7f2f33-4f44-4cb9-8261-2de0c2b3783e"",""path"":""https://zckngbdtquzqrmrpjhhx.supabase.co/storage/v1/object/public/page_photos/a25e0568-6a10-4582-9562-2c78fc211089/5ab8c857-c0d0-4f27-a49a-3c261ad75f46.webp"",""type"":""image"",""width"":0.446929708185232,""height"":0.2752030222815468,""rotation"":0.23678170274124,""placeholder"":""LFIO2-8^%gR40}8_%MVYs.-;D%XT""},{""x"":0.4004444783528666,""y"":0.3647372616922919,""z"":55,""id"":""fcf562f5-8856-4736-bf91-bd16b0f5d8a1"",""path"":""https://zckngbdtquzqrmrpjhhx.supabase.co/storage/v1/object/public/page_photos/a25e0568-6a10-4582-9562-2c78fc211089/683bc63b-f3b4-4a26-a7de-dc17c75275a5.webp"",""type"":""image"",""width"":0.4235121307984987,""height"":0.2483650778785468,""rotation"":-0.183619663487046,""placeholder"":""LBJH%Li_0L?bMdxtx]Ip59%MRND*""},{""x"":0.5604446004231787,""y"":0.09031196180822783,""z"":49,""id"":""5324da70-78c8-4738-9da9-95100adae5a3"",""type"":""text"",""width"":0,""height"":0,""fontSize"":0.019704433497536946,""fontType"":""Calibri"",""rotation"":0,""fontColor"":""#000"",""textContent"":""天氣好\n翹班去""},{""x"":0.22533333333333333,""y"":0.8485221674876847,""z"":22,""id"":""424cec13-514c-411e-839a-5842196b60a5"",""type"":""text"",""width"":0,""height"":0,""fontSize"":0.020935960591133004,""fontType"":""Calibri-Bold"",""rotation"":0,""fontColor"":""#c1121f"",""textContent"":""沒工作也是3點睡的我是混蛋嗎""},{""x"":0.05288887532552079,""y"":0.6900656939727328,""z"":43,""id"":""0e24f399-aa57-4eee-ba46-a7e5adc814af"",""type"":""text"",""width"":0,""height"":0,""fontSize"":0.020935960591133004,""fontType"":""Calibri"",""rotation"":0,""fontColor"":""#669bbc"",""textContent"":""好想睡\n實際上今天我要翹班去玩\n所以我早八爬起來工作""},{""x"":0.0582222493489584,""y"":0.6022167299768608,""z"":9,""id"":""1c774696-6166-4056-802d-ec8e42d219a8"",""type"":""text"",""width"":0,""height"":0,""fontSize"":0.01081556019010585,""fontType"":""Calibri"",""rotation"":0,""fontColor"":""#000"",""textContent"":""超沒用\n反正我要申請學校但遇到一點狀況\n（他只在國內處理郵寄）\n我就問了我日本朋友\n幹 超扛\n還說明天幫我打電話去學校問😭謝謝""},{""x"":0.5177777709960933,""y"":0.1410098616125542,""z"":27,""id"":""f23b6284-6a0c-4fc6-8677-60fb5cc82dc6"",""path"":""https://zckngbdtquzqrmrpjhhx.supabase.co/storage/v1/object/public/page_photos/a25e0568-6a10-4582-9562-2c78fc211089/7b465ca1-a859-4ff0-8e70-b1b1ea5bff60.webp"",""type"":""image"",""width"":0.4177471140147814,""height"":0.19292508344278694,""rotation"":0,""placeholder"":""LXID,T-pK6xu0LennNIUbwae%2Rj""},{""x"":0.052,""y"":0.08661739931905209,""z"":3,""id"":""9f06e2f4-d575-42fc-b383-0d4def1949c3"",""path"":""https://zckngbdtquzqrmrpjhhx.supabase.co/storage/v1/object/public/page_photos/a25e0568-6a10-4582-9562-2c78fc211089/3ba5e208-a898-4523-b982-73a4beb7a272.webp"",""type"":""image"",""width"":0.5015466739016986,""height"":0.5015466739016995,""rotation"":-0.00698160017578142,""placeholder"":""LW7m:-RzRza{nofgWTaxNToPs?j]""},{""x"":0.53288887532552,""y"":0.5562397435380924,""z"":64,""id"":""b9a166e3-7bea-4dea-afb5-0203991073d2"",""type"":""text"",""width"":0,""height"":0,""fontSize"":0.012315270935960592,""fontType"":""Calibri-Bold"",""rotation"":0,""fontColor"":""#000"",""textContent"":""超好吃司康==\n台北唯一推薦Ruby’s""}],""maxZIndex"":0,""backgroundImage"":{""path"":""bg_04"",""type"":""local""}}"
"2ddadd8c-88f8-46f4-8b48-25f3be12f9fa","2024-12-24T01:05:39.629849+00:00","2024-12-06","2024-12-24T01:05:39.629849+00:00",false,"4b381455-be80-45e1-96e9-03ea15450ad8","a6300bac-4d56-49f3-9e9e-a3919a9bd8cf","{""id"":""f303950d-91e8-4418-8ea3-5189a64b55e1"",""items"":[{""x"":0.32435895479642307,""y"":0.5090837252648519,""z"":10,""id"":""49ad8d50-bcf1-489d-9bab-c0e4e5375ef9"",""type"":""text"",""width"":0,""height"":0,""fontSize"":0.016036990762211375,""fontType"":""Calibri-Bold"",""rotation"":0,""fontColor"":""#000"",""textContent"":""最近不知為何\n突然很想寫小說耶\n請告訴我我是不是瘋了""},{""x"":0.17820510864257819,""y"":0.11374407582938388,""z"":3,""id"":""6724d290-b58c-49e4-88d1-29b59052c187"",""path"":""https://zckngbdtquzqrmrpjhhx.supabase.co/storage/v1/object/public/page_photos/9eb4d9fc-8130-4534-a223-1fe15643cc46/4e047978-5665-42c1-a439-cffc2f0da964.webp"",""type"":""image"",""width"":0.6245887761243718,""height"":0.3848177293657263,""rotation"":0,""placeholder"":""LFHe2iVYOtxv~oERaL-R5?Iv~B--""},{""x"":0.2598290467873615,""y"":0.4439178575271682,""z"":6,""id"":""69fea34b-16fe-448d-9abd-019f57793335"",""type"":""text"",""width"":0,""height"":0,""fontSize"":0.035545023696682464,""fontType"":""Calibri"",""rotation"":0,""fontColor"":""#ffffff"",""textContent"":""今日早餐""},{""x"":0.09957267565604976,""y"":0.6374407673334052,""z"":17,""id"":""e5d3b89a-aa71-4de3-aac9-28cbe81e80b6"",""type"":""text"",""width"":0,""height"":0,""fontSize"":0.01707624880842962,""fontType"":""Calibri-Bold"",""rotation"":0,""fontColor"":""#669bbc"",""textContent"":""昨天風超大\n大到外面管線被吹壞\n現在家裡暖氣跟瓦斯爐都壞掉 還沒熱水\n請問氣溫1度這樣怎麼活😩""}],""maxZIndex"":0,""backgroundImage"":{""path"":""bg_04"",""type"":""local""}}"
"e990c38f-2f3c-4fdc-9aed-cc361268e23c","2024-12-24T01:05:39.629849+00:00","2024-12-07","2024-12-24T01:05:39.629849+00:00",false,"4b381455-be80-45e1-96e9-03ea15450ad8","a6300bac-4d56-49f3-9e9e-a3919a9bd8cf","{""id"":""3ee5f106-afbc-424c-8e58-931a6a2da6c3"",""items"":[{""x"":0.05641025641025641,""y"":0.12203792373151066,""z"":7,""id"":""3cf729b2-8666-4435-9210-35f795fa4666"",""path"":""https://zckngbdtquzqrmrpjhhx.supabase.co/storage/v1/object/public/page_photos/9eb4d9fc-8130-4534-a223-1fe15643cc46/6c8eac7a-d728-46fb-82ae-bddc87ad9306.webp"",""type"":""image"",""width"":0.6912829506563052,""height"":0.23957377140636138,""rotation"":0,""placeholder"":""LlLAdIJ9KMNa}DNISeae1vnPn%nj""},{""x"":0.5611111371945128,""y"":0.37144549763033174,""z"":24,""id"":""20c6f6b3-d2b4-44bd-ab57-5424d4f6d3c6"",""type"":""text"",""width"":0,""height"":0,""fontSize"":0.01135787948296302,""fontType"":""Calibri-Bold"",""rotation"":0,""fontColor"":""#000"",""textContent"":""昨天去法拉盛\n（一個比中國城還中國 \n但離曼哈頓1個半小時遠的地方）\n參加影展\n趁機帶麥可去吃台灣臭豆腐\n他吃完的感想是好臭😷\n他比較愛刈包""},{""x"":0.040598257994040515,""y"":0.6757503979578958,""z"":12,""id"":""4511cda3-e954-49ff-bf04-e7b05a7a1a93"",""path"":""https://zckngbdtquzqrmrpjhhx.supabase.co/storage/v1/object/public/page_photos/9eb4d9fc-8130-4534-a223-1fe15643cc46/67c62342-4db8-4a16-b370-9f79b30834ec.webp"",""type"":""image"",""width"":0.560603477010636,""height"":0.19428497277915996,""rotation"":0,""placeholder"":""LVIWTRlAVuk81GwIjFoM9bbYkpV]""},{""x"":0.3470085730919487,""y"":0.2116903512963756,""z"":21,""id"":""82512ce0-e6dc-4812-a4de-a82d228cf4fd"",""type"":""text"",""width"":0,""height"":0,""fontSize"":0.026066350710900472,""fontType"":""Calibri"",""rotation"":0,""fontColor"":""#ffffff"",""textContent"":""Me""},{""x"":0.0538461342836041,""y"":0.37045814188735665,""z"":8,""id"":""aa163b04-7e14-4856-bbca-8192c1a8f1d3"",""path"":""https://zckngbdtquzqrmrpjhhx.supabase.co/storage/v1/object/public/page_photos/9eb4d9fc-8130-4534-a223-1fe15643cc46/2258862f-726d-4ef4-8674-df21cbf2a7ed.webp"",""type"":""image"",""width"":0.4848384745775154,""height"":0.2987156478439668,""rotation"":0,""placeholder"":""LGI4U~E,-in-7_H@%KS%}bt4IUxt""},{""x"":0.5508547073755512,""y"":0.49170616113744076,""z"":28,""id"":""84184624-eb09-479d-8158-6f3c9506114e"",""type"":""text"",""width"":0,""height"":0,""fontSize"":0.016250132536768245,""fontType"":""Calibri-Bold"",""rotation"":0,""fontColor"":""#669bbc"",""textContent"":""還有今天仍舊沒熱水沒暖氣\n現在外面-2度謝謝🥶""}],""maxZIndex"":0,""backgroundImage"":{""path"":""bg_04"",""type"":""local""}}"
"5c515dc1-7570-4212-802d-b7944c5561a4","2024-12-24T01:05:39.629849+00:00","2024-12-07","2024-12-24T01:05:39.629849+00:00",false,"4b381455-be80-45e1-96e9-03ea15450ad8","632e3d17-8713-46e9-ab1b-604bfa3ce11f","{""id"":""00c28b94-a203-4be0-91ec-c702b8a1f5fd"",""items"":[{""x"":0.08632479936648642,""y"":0.2539494410510308,""z"":13,""id"":""8e095437-068a-445d-ae37-81532c81daf0"",""type"":""text"",""width"":0,""height"":0,""fontSize"":0.011848341232227487,""fontType"":""Calibri"",""rotation"":0,""fontColor"":""#000"",""textContent"":""最近有在想努力這件事\n快撐不住爆量工作但還是沒有提出來\n我也不知道為什麼可能覺得大家都很忙不好意思丟給別人？\n可能我也是悲觀主義者？可能我覺得也不夠努力？\n要怎樣才算夠努力呢？有時覺得會不會就只是無謂的堅持\n就像好報導跟爛新聞一樣都是新聞 錢也沒比較多\n有做跟做好之間的鴻溝真的太大了\n但要如何覺得心安理得又不要太檢討自己可能是要想想的部分\n剛好也快放假了 一次放個爽重整一下吧阿彌陀佛—_—\n對啊是沒人要求我 這都是自己的堅持 \n當一件事的比重佔掉大部分的時間還沒有預期成效的時候真的讓人挺灰心\n繼續做也要滾動調整 媒體在做的事還是有其價值的吧""}],""maxZIndex"":0,""backgroundImage"":{""path"":""bg_04"",""type"":""local""}}"
"13592c3e-4ec6-4acd-bd39-94cd7c3560fe","2024-12-24T01:05:39.629849+00:00","2024-12-07","2024-12-24T01:05:39.629849+00:00",false,"4b381455-be80-45e1-96e9-03ea15450ad8","eecd2083-81ee-4e52-a4cf-fd6687bd002d","{""id"":""99caa2da-f51e-4fe4-bb12-ac6a3b2447a3"",""items"":[{""x"":0.6253333536783866,""y"":0.6163792915532155,""z"":50,""id"":""f5e1255e-d4cc-4793-b681-4d39a71e07fe"",""type"":""text"",""width"":0,""height"":0,""fontSize"":0.017776672581536576,""fontType"":""Calibri"",""rotation"":-0.109169372663765,""fontColor"":""#ffffff"",""textContent"":""今天去看了球賽🏀\n我看到睡著""},{""x"":0.5324444173177093,""y"":0.45997536945812806,""z"":48,""id"":""a3884ac3-af80-4fb0-b2c5-d717df748f2c"",""path"":""https://zckngbdtquzqrmrpjhhx.supabase.co/storage/v1/object/public/page_photos/a25e0568-6a10-4582-9562-2c78fc211089/b2c263f4-689b-421f-a18a-e262d76cdcf0.webp"",""type"":""image"",""width"":0.4475917750349173,""height"":0.20670802418484482,""rotation"":0,""placeholder"":""LFC~*RoL0iWB%Mf8%0WB58V[=^s.""},{""x"":0.15955556233723947,""y"":0.7959770146261884,""z"":34,""id"":""44e59706-f1ab-49a1-a99c-4bd85556e1b9"",""type"":""text"",""width"":0,""height"":0,""fontSize"":0.026148094084604064,""fontType"":""Calibri"",""rotation"":0,""fontColor"":""#c1121f"",""textContent"":""我們未來日本見\n希望我們可以補辦5人國外畢旅""},{""x"":0.6831111246744799,""y"":0.3764367690814532,""z"":24,""id"":""b69fb9db-4503-4fac-a64f-af20649e8115"",""type"":""text"",""width"":0,""height"":0,""fontSize"":0.012315270935960592,""fontType"":""Calibri"",""rotation"":0,""fontColor"":""#c1121f"",""textContent"":""之前看到有人說\nT很愛安定的生活\n我覺得挺真實😻""},{""x"":0.5604444580078133,""y"":0.1494252998840628,""z"":30,""id"":""04102446-c593-48e5-8091-2214c72c6f31"",""type"":""text"",""width"":0,""height"":0,""fontSize"":0.012315270935960592,""fontType"":""Calibri"",""rotation"":0,""fontColor"":""#669bbc"",""textContent"":""其實聽到這邊有點生氣\n如果我活到80歲\n那我用了1/3的時間在唸書想想蠻爽的\n我覺得比起一直工作賺錢\n一直獲得新東西的感覺更好\n對我來說活著是學習\n一直上班很累到底要幹嘛\n總之都是人による問題\nよく考えてから行動すればいい\nまだ未来の可能性はいっぱいあるから\n今何もしなく何も変わらない""},{""x"":0.2875555419921893,""y"":0.1820607490727463,""z"":20,""id"":""6c8daa6b-b5d7-4e6b-a984-88139f5c5d82"",""type"":""text"",""width"":0,""height"":0,""fontSize"":0.011787794034608511,""fontType"":""Calibri"",""rotation"":0,""fontColor"":""#c1121f"",""textContent"":""然後申請的部分目前有可以解決了\n日本人都覺得日本很麻煩的程度ㄏ""},{""x"":0.37955556233723997,""y"":0.2192118414517106,""z"":49,""id"":""0bd1535a-22b6-40fc-8d2b-5980e63b9cfd"",""type"":""text"",""width"":0,""height"":0,""fontSize"":0.011952016818169101,""fontType"":""Calibri"",""rotation"":0,""fontColor"":""#000"",""textContent"":""昨天林欣柔（煮飯室友）\n跟我說了很多\n唯一一個擔心我未來後悔\n但開口告訴我的人\n擔心我走了很多所謂彎路\n覺得我繞很大圈\n覺得我未來會覺得我在浪費時間\n我覺得我都了解也很謝謝她跟我說\n但我知道她為什麼擔心我\n我們都沒有強大的後援\n我們能走到目前幾乎都是靠自己\n但她已經獲得她要的高薪安定生活\n或許我要的一直以來都不是高薪\n（有當然好）\n我希望生活有趣 累沒關係\n唸很久的書又怎麼了嗎\n現在不開始\n我覺得未來的我才會真的後悔\n昨天講完之後覺得我更不應該放棄\n都走到這裡了😼\n""},{""x"":0.032888854980468805,""y"":0.16584564547233377,""z"":10,""id"":""1627bb96-b781-41c2-925f-680f03c637a4"",""path"":""https://zckngbdtquzqrmrpjhhx.supabase.co/storage/v1/object/public/page_photos/a25e0568-6a10-4582-9562-2c78fc211089/5f37faad-7837-4e94-b911-62223e74c082.webp"",""type"":""image"",""width"":0.332319665739032,""height"":0.3323196657390308,""rotation"":0,""placeholder"":""LK71HdR{RhoNssW9axaxNTs@oiaw""},{""x"":0.5,""y"":0.5,""z"":7,""id"":""58e3bff3-8d0d-449b-9a03-cdf0c2351910"",""type"":""text"",""width"":0,""height"":0,""fontSize"":0.03694581280788178,""fontType"":""Calibri"",""rotation"":0,""fontColor"":""#ffffff"",""textContent"":""""},{""x"":0.0031110636393229863,""y"":0.07943349753694581,""z"":11,""id"":""fa1adc8c-bf43-4b04-96bc-b35269cf64c2"",""path"":""https://zckngbdtquzqrmrpjhhx.supabase.co/storage/v1/object/public/page_photos/a25e0568-6a10-4582-9562-2c78fc211089/0c6bd693-4fe7-4ac4-8f14-ab6f2379db47.webp"",""type"":""image"",""width"":0.7021931438433627,""height"":0.13490410152655788,""rotation"":0,""placeholder"":""L4RDQ7qvGV?]+#H?E0MxOTIADOIU""}],""maxZIndex"":0,""backgroundImage"":{""path"":""bg_04"",""type"":""local""}}"
"9b7d0a40-d518-4ba0-901b-533c7705737e","2024-12-24T01:05:39.629849+00:00","2024-12-08","2024-12-24T01:05:39.629849+00:00",false,"4b381455-be80-45e1-96e9-03ea15450ad8","632e3d17-8713-46e9-ab1b-604bfa3ce11f","{""id"":""b0187b17-1f00-45f2-bed5-4eca754d1039"",""items"":[{""x"":0.08632477980393641,""y"":0.32247235085726894,""z"":9,""id"":""768a59aa-c7fd-4524-86f4-cbfa50798edd"",""path"":""https://zckngbdtquzqrmrpjhhx.supabase.co/storage/v1/object/public/page_photos/2caf72af-e28f-4cc1-a20f-e8b79a48964b/b6e42bd5-6b99-4abb-ad9b-a7d24796fecf.webp"",""type"":""image"",""width"":0.4539971214218282,""height"":0.25819741502663274,""rotation"":0,""placeholder"":""LFC7mYE.TM?wt.$$o#9anfQ,n#WA""},{""x"":0.5696580935747205,""y"":0.2665876958042524,""z"":8,""id"":""287fa8d6-db4a-46bd-81ef-aee5f1af9baa"",""path"":""https://zckngbdtquzqrmrpjhhx.supabase.co/storage/v1/object/public/page_photos/2caf72af-e28f-4cc1-a20f-e8b79a48964b/ab23b91a-e3c9-4dde-bb58-2aee8bb4be84.webp"",""type"":""image"",""width"":0.49514994000024104,""height"":0.2843871665943033,""rotation"":0,""placeholder"":""LdLX6.M{Ny%N~q%MxtW?o#xuIUog""},{""x"":0.10854703463040873,""y"":0.18206951629494075,""z"":12,""id"":""23968a04-4e69-4dd7-bcaf-67bf53deae3b"",""type"":""text"",""width"":0,""height"":0,""fontSize"":0.022511848341232227,""fontType"":""Calibri"",""rotation"":0,""fontColor"":""#000"",""textContent"":""大家好我想拍照 讓數位不要躺在家\n美女們請出席 等偶回來！！\n想拍這種""},{""x"":0.35384615384615387,""y"":0.6449447017145379,""z"":14,""id"":""1978e24d-0c6d-4283-ab70-781b501da798"",""type"":""text"",""width"":0,""height"":0,""fontSize"":0.014218009478672985,""fontType"":""Calibri"",""rotation"":0,""fontColor"":""#c1121f"",""textContent"":""老子現在直接去買黑柔濾鏡""}],""maxZIndex"":0,""backgroundImage"":{""path"":""bg_04"",""type"":""local""}}"
"937db267-9ab6-4fa2-8ba1-07d1fb43e468","2024-12-24T01:05:39.629849+00:00","2024-12-08","2024-12-24T01:05:39.629849+00:00",false,"4b381455-be80-45e1-96e9-03ea15450ad8","eecd2083-81ee-4e52-a4cf-fd6687bd002d","{""id"":""cee2b724-afec-4f5e-a99d-702be773c8d5"",""items"":[{""x"":0.05777779134114746,""y"":0.47619048245434725,""z"":48,""id"":""239e3ef3-1cd0-4d5b-9364-5281eba441ab"",""path"":""https://zckngbdtquzqrmrpjhhx.supabase.co/storage/v1/object/public/page_photos/a25e0568-6a10-4582-9562-2c78fc211089/bb5f66f9-dff0-4291-b932-02237c5114c1.webp"",""type"":""image"",""width"":0.4669880800812,""height"":0.2875542365032007,""rotation"":0,""placeholder"":""LZG+dq9aofoM?wWDj@WB01xuayR*""},{""x"":0.13644445800781255,""y"":0.7803776745725739,""z"":50,""id"":""773fc3d6-486b-400c-8c4a-155fa0450546"",""type"":""text"",""width"":0,""height"":0,""fontSize"":0.027093596059113302,""fontType"":""Calibri"",""rotation"":0,""fontColor"":""#fdf0d5"",""textContent"":""謝謝你們都健健康康的活著🫶🏻""},{""x"":0.4466666870117173,""y"":0.09154350769343633,""z"":30,""id"":""c08d46fb-3cfa-40cf-a58b-0e5b59958957"",""path"":""https://zckngbdtquzqrmrpjhhx.supabase.co/storage/v1/object/public/page_photos/a25e0568-6a10-4582-9562-2c78fc211089/4e948d21-6b26-469d-b28c-8ad06898c79a.webp"",""type"":""image"",""width"":0.5266870306737119,""height"":0.32428787119454183,""rotation"":0,""placeholder"":""LPEouo-;Rioz?wt6ROt8E4M{VrtS""},{""x"":0.11377779134114586,""y"":0.0868226694943276,""z"":43,""id"":""47903beb-c5ea-49bc-a40c-221a9651eda0"",""path"":""https://zckngbdtquzqrmrpjhhx.supabase.co/storage/v1/object/public/page_photos/a25e0568-6a10-4582-9562-2c78fc211089/32742254-b9a3-466d-84dc-2c5643360ab6.webp"",""type"":""image"",""width"":0.3091409796756987,""height"":0.14276830957929434,""rotation"":0,""placeholder"":""LdI;qq-r^%Mz~TN2%0WExtjZM|j=""},{""x"":0.023999959309895735,""y"":0.2395319915170148,""z"":47,""id"":""8837e7f7-036c-4f17-a835-5ff790c5ffbb"",""path"":""https://zckngbdtquzqrmrpjhhx.supabase.co/storage/v1/object/public/page_photos/a25e0568-6a10-4582-9562-2c78fc211089/3f519ee1-befc-40bc-b4cc-3100423370da.webp"",""type"":""image"",""width"":0.45316290499029066,""height"":0.2092808982405899,""rotation"":0,""placeholder"":""LOF$tTWqouoybjs.WVWB_3V_nnaz""},{""x"":-0.09955558268229146,""y"":-0.01046797089975995,""z"":19,""id"":""b66f5c16-2e10-41fa-9b57-f5fe1e46075e"",""path"":""https://zckngbdtquzqrmrpjhhx.supabase.co/storage/v1/object/public/page_photos/a25e0568-6a10-4582-9562-2c78fc211089/a0ee1a66-484b-434d-a5b2-e55007fda91b.webp"",""type"":""image"",""width"":1.6719458028155547,""height"":1.0296083340463473,""rotation"":0,""placeholder"":""LXJIO-RjNGkD-;bwRjae0KRibIj]""}],""maxZIndex"":0,""backgroundImage"":{""path"":""bg_04"",""type"":""local""}}"
"7d109a33-dfef-4323-8407-d990c5dae56a","2024-12-24T01:05:39.629849+00:00","2024-12-08","2024-12-24T01:05:39.629849+00:00",false,"4b381455-be80-45e1-96e9-03ea15450ad8","2bdbc127-920a-432e-b1b6-1fa1ed6687a1","{""id"":""c52b62dc-4096-4f83-a281-f8b5bb15ea36"",""items"":[{""x"":0.08031766414642502,""y"":0.5678652289910582,""z"":11,""id"":""0d9bfcde-8cc9-44ca-96a2-f96c334e5121"",""type"":""text"",""width"":0,""height"":0,""fontSize"":0.018012351326623963,""fontType"":""Calibri-Bold"",""rotation"":0,""fontColor"":""#669bbc"",""textContent"":""與大家分享\n最近看到的扯好看漫畫""},{""x"":0.035028526186943125,""y"":0.3072982531344252,""z"":6,""id"":""d1681d76-99c5-4d39-aade-6066a494d33d"",""path"":""https://zckngbdtquzqrmrpjhhx.supabase.co/storage/v1/object/public/page_photos/f7010ecc-27d2-43a4-871e-d7e647d1ee4f/55b81ace-038b-44de-a0d4-ddf1af557afb.webp"",""type"":""image"",""width"":0.6349379602111225,""height"":0.24485484924884465,""rotation"":0,""placeholder"":""LaODwd00t8?I~qtRoeRQ-q?HR*R%""},{""x"":0.01379117568333946,""y"":0.06426130828242292,""z"":3,""id"":""e0e5707f-eb89-4985-93c8-a06ea6df71df"",""path"":""https://zckngbdtquzqrmrpjhhx.supabase.co/storage/v1/object/public/page_photos/f7010ecc-27d2-43a4-871e-d7e647d1ee4f/bde9f792-1193-42dd-9c50-72e3341bda4a.webp"",""type"":""image"",""width"":0.6349001064153472,""height"":0.23438444001701034,""rotation"":0.0118485761457832,""placeholder"":""LUO43j00o#~q~qtRt6M{.8_2WCRP""},{""x"":0.3682062185472931,""y"":0.9161145765630889,""z"":14,""id"":""38a228c7-777a-474f-80ba-2547533e8316"",""type"":""text"",""width"":0,""height"":0,""fontSize"":0.019213174748398894,""fontType"":""Calibri"",""rotation"":0,""fontColor"":""#669bbc"",""textContent"":""Passion 很好看嗎 我先蒐藏\n但還沒完結我是不碰的🥲""}],""maxZIndex"":0,""backgroundImage"":{""path"":""bg_04"",""type"":""local""}}"
"55cc030e-115c-4a88-99ac-30acd3be682b","2024-12-24T01:05:39.629849+00:00","2024-12-08","2024-12-24T01:05:39.629849+00:00",false,"4b381455-be80-45e1-96e9-03ea15450ad8","a6300bac-4d56-49f3-9e9e-a3919a9bd8cf","{""id"":""4cb50457-4808-41e0-87a3-7d6cfd87ed65"",""items"":[{""x"":0.3991452730619,""y"":0.7326224449121552,""z"":26,""id"":""22655f12-74dc-4810-9dcc-71fe99777a56"",""type"":""text"",""width"":0,""height"":0,""fontSize"":0.02014218009478673,""fontType"":""Calibri-Bold"",""rotation"":0,""fontColor"":""#000"",""textContent"":""麥可意外的很喜歡燒仙草！""},{""x"":0.6256409865159256,""y"":0.6196682283663638,""z"":24,""id"":""3468207a-2d03-49ad-9bb5-3c01ae9d6a13"",""type"":""text"",""width"":0,""height"":0,""fontSize"":0.016058687152186613,""fontType"":""Calibri"",""rotation"":0,""fontColor"":""#c1121f"",""textContent"":""好好笑還沒刮啦 \n跟臭豆腐是同一天""},{""x"":0.05213675865760231,""y"":0.560624018664609,""z"":14,""id"":""e2e12313-2801-4744-9450-4d71eee50bb3"",""path"":""https://zckngbdtquzqrmrpjhhx.supabase.co/storage/v1/object/public/page_photos/9eb4d9fc-8130-4534-a223-1fe15643cc46/5ab93a44-ff7a-4604-8726-959b0582edb1.webp"",""type"":""image"",""width"":0.5552138620373616,""height"":0.1924171263577346,""rotation"":0,""placeholder"":""LOHUUm0Mspo}^*?aR*oe.7t7a#%L""},{""x"":0.08376065767728358,""y"":0.759478672985782,""z"":16,""id"":""4f8db1a3-a35b-4b93-833e-db668c6d3801"",""type"":""text"",""width"":0,""height"":0,""fontSize"":0.035545023696682464,""fontType"":""Calibri"",""rotation"":0,""fontColor"":""#ffffff"",""textContent"":""🥷""},{""x"":0.049145370874649486,""y"":0.47768563003901654,""z"":13,""id"":""d5b2565c-f5dc-43d3-abb6-c7a4fa3c65dc"",""type"":""text"",""width"":0,""height"":0,""fontSize"":0.01641513709856007,""fontType"":""Calibri"",""rotation"":0,""fontColor"":""#000"",""textContent"":""前兩天去吃臭豆腐後 \n在路上被冷到快結冰 於是走入鮮芋仙\n在紐約吃得到燒仙草讓我好快樂🥺""},{""x"":0.5354700724283846,""y"":0.7604660377683234,""z"":23,""id"":""fb775c20-25f9-4433-93aa-093776fd799a"",""type"":""text"",""width"":0,""height"":0,""fontSize"":0.013595224277715166,""fontType"":""Calibri-Bold"",""rotation"":0,""fontColor"":""#c1121f"",""textContent"":""畢竟是法拉盛\n一個讓我懷疑自己回台灣的地方\n放眼看都是中文\n還有數學英文補習班的那種""},{""x"":0.047863241342397944,""y"":0.06378355523421303,""z"":12,""id"":""b970844d-965a-4e96-8a63-1905d247fa33"",""path"":""https://zckngbdtquzqrmrpjhhx.supabase.co/storage/v1/object/public/page_photos/9eb4d9fc-8130-4534-a223-1fe15643cc46/9c2707e5-eff5-4ab4-bedc-2851b51c8d3a.webp"",""type"":""image"",""width"":0.6552925425872974,""height"":0.40373474187843006,""rotation"":0,""placeholder"":""LQLDPl~okD$%yEZ~t5bI?HIpjFof""}],""maxZIndex"":0,""backgroundImage"":{""path"":""bg_04"",""type"":""local""}}"
"222a7da9-c400-4283-bae5-e2d040410019","2024-12-24T01:05:39.629849+00:00","2024-12-08","2024-12-24T01:05:39.629849+00:00",false,"4b381455-be80-45e1-96e9-03ea15450ad8","6eea90f5-325a-4ccf-aceb-3471c02914c0","{""id"":""c901b688-0c1f-45c2-b699-22598d53716e"",""items"":[{""x"":0.1284987665618043,""y"":0.302425688980892,""z"":16,""id"":""c4bdb90b-1b0a-4989-bccc-68d1748f200d"",""type"":""text"",""width"":0,""height"":0,""fontSize"":0.011737089201877934,""fontType"":""Calibri-Light"",""rotation"":0,""fontColor"":""#000"",""textContent"":""這個假日大家都去公司趕案子\n因為他們禮拜一跟二要去露營\n阿我沒有要去露營 跟還沒能力跟到大案子 所以就沒去公司\n但看到大家努力的時候 我就會覺得我好像就要多花時間跟上他們\n畢竟做演唱會除了創意、技術要提升還要很多經驗\n但我好累 光平常上班就累得半死\n人到底哪來那麼多時間變厲害 又要很會玩""},{""x"":0.12171330342765979,""y"":0.19287947533835914,""z"":4,""id"":""f9e02d4e-cde6-465a-bfb7-5416f5388372"",""type"":""text"",""width"":0,""height"":0,""fontSize"":0.035211267605633804,""fontType"":""Exo2"",""rotation"":0,""fontColor"":""#669bbc"",""textContent"":""這兩天是假日廢人\n都在睡覺👶""},{""x"":0.5814249752132036,""y"":0.44287947533835914,""z"":27,""id"":""002053df-c684-474e-80ca-0b85edfc86ed"",""type"":""text"",""width"":0,""height"":0,""fontSize"":0.011737089201877934,""fontType"":""Calibri-Light"",""rotation"":0,""fontColor"":""#c1121f"",""textContent"":""偶愛大家\n我今天決定也放過自己排休👩‍❤️‍💋‍👩""}],""maxZIndex"":0,""backgroundImage"":{""path"":""bg_04"",""type"":""local""}}"
"273698cd-c5cc-4e20-b557-fcf9a508781c","2024-12-24T01:05:39.629849+00:00","2024-12-09","2024-12-24T01:05:39.629849+00:00",false,"4b381455-be80-45e1-96e9-03ea15450ad8","eecd2083-81ee-4e52-a4cf-fd6687bd002d","{""id"":""5b7b3e2c-9831-46f2-8fb0-99cd63639fcd"",""items"":[{""x"":0.003999959309896746,""y"":0.7559523746885098,""z"":30,""id"":""c668cc5d-546e-4ee9-945f-5c64165916df"",""path"":""https://zckngbdtquzqrmrpjhhx.supabase.co/storage/v1/object/public/page_photos/a25e0568-6a10-4582-9562-2c78fc211089/eee2d07c-c815-44fe-9df9-758137fe22b3.webp"",""type"":""image"",""width"":0.7852478002798293,""height"":0.36264522796174387,""rotation"":-0.0174377358864821,""placeholder"":""LYK_B-RiD%of.8R,WBj[4Tt6t7fP""},{""x"":0.4080000610351573,""y"":0.5644499210301294,""z"":38,""id"":""1f5d57d3-ddee-4b7e-8625-24385946d1d0"",""type"":""text"",""width"":0,""height"":0,""fontSize"":0.01424553630760936,""fontType"":""Calibri"",""rotation"":0.000952112112949433,""fontColor"":""#c1121f"",""textContent"":""語學最大的回饋感\n就是這種冷到不行的物料\n打開Bilibili發現沒字幕也不會覺得幹\n有片源就是開心\n學日文追星超划死😭👍🏻""},{""x"":0.005333333333333414,""y"":0.26949918211387314,""z"":11,""id"":""ec58732a-b25b-4318-bfb3-ec3180d3bc35"",""path"":""https://zckngbdtquzqrmrpjhhx.supabase.co/storage/v1/object/public/page_photos/a25e0568-6a10-4582-9562-2c78fc211089/a8afdf25-80d5-4e5b-8b87-d7ea090ff357.webp"",""type"":""image"",""width"":0.6596470667684426,""height"":0.3046399631011897,""rotation"":0.0269334938654686,""placeholder"":""LcIi2jWBa1t7?^R*aeay,:WBM{WA""},{""x"":0.060888916015625065,""y"":0.22454843380181033,""z"":7,""id"":""babcadba-218b-4094-bd45-439f06c0635f"",""type"":""text"",""width"":0,""height"":0,""fontSize"":0.014778325123152709,""fontType"":""Calibri-Light"",""rotation"":0,""fontColor"":""#669bbc"",""textContent"":""如果有錄音功能我想在這邊練習面試（1月開始）\n但說不定麥可那時候關台了😭""},{""x"":0.060888916015625065,""y"":0.15599341932775862,""z"":3,""id"":""0028c423-bedc-4a02-8da8-bd81fc4c90e2"",""type"":""text"",""width"":0,""height"":0,""fontSize"":0.017241379310344827,""fontType"":""Calibri"",""rotation"":0,""fontColor"":""#669bbc"",""textContent"":""媽的太冷\n9:20鬧鐘結果我現在才起床==\n而且我在半夢半醒之間打了10:57的卡""},{""x"":0.03244443766276026,""y"":0.607142847747053,""z"":47,""id"":""03cddc6d-dbc8-4f45-b9f5-97df69dfa616"",""type"":""text"",""width"":0,""height"":0,""fontSize"":0.012679153855816009,""fontType"":""Calibri-Bold"",""rotation"":0,""fontColor"":""#669bbc"",""textContent"":""單獨以彈性這一點來說\n我這輩子可能再也\n找不到這麼好的工作了\n剛剛開會的時候跟主管說我23-26要請假出國因為我要考試\n（甚至誠實說了我要考試）\n她還問我結果出來後我是不是4月就要去唸書了\n甚至剛剛才跟我講完我們公司制定好的的年度計劃\n我就說很可能是雖然都還很不確定\n然後我就問她說如果你想要的話\n可以那時候跟我一起去日本玩（欸）\n結果她馬上開始看機票還問她男朋友\n我說我很擔心耽誤到工作\n她還跟我說這麼好的機會一定要去的吧不可能還上班\n這麼這麼好的主管這輩子還能遇到嗎😭""}],""maxZIndex"":0,""backgroundImage"":{""path"":""bg_04"",""type"":""local""}}"
"0dd65cbd-77c7-4fe4-8596-28c89554326c","2024-12-24T01:05:39.629849+00:00","2024-12-09","2024-12-24T01:05:39.629849+00:00",false,"4b381455-be80-45e1-96e9-03ea15450ad8","2bdbc127-920a-432e-b1b6-1fa1ed6687a1","{""id"":""ed35ee25-12b7-4abe-8615-36c1b184ef73"",""items"":[{""x"":0.13342341631650928,""y"":0.09671615180026903,""z"":3,""id"":""d2a8d551-0aef-4bd2-86de-30e1cc87a61d"",""path"":""https://zckngbdtquzqrmrpjhhx.supabase.co/storage/v1/object/public/page_photos/f7010ecc-27d2-43a4-871e-d7e647d1ee4f/adb6ffdd-2b28-46fc-8031-5f7cafba2b83.webp"",""type"":""image"",""width"":0.7336895275249878,""height"":0.4833087464025535,""rotation"":0,""placeholder"":""LjKwnQ~qx]Rj~qR+NFM{tlRjV@Rj""},{""x"":0.18192084630330496,""y"":0.5929885977250323,""z"":5,""id"":""bea34152-8145-428e-8a03-8c461394251f"",""type"":""text"",""width"":0,""height"":0,""fontSize"":0.016811527904849032,""fontType"":""Calibri"",""rotation"":0,""fontColor"":""#669bbc"",""textContent"":""這兩天都在大睡覺真的是爽到不行\n果然人還是要休息不要太累""}],""maxZIndex"":0,""backgroundImage"":{""path"":""bg_04"",""type"":""local""}}"
"1af2b861-2670-469b-a3f6-7b9a5f84837f","2024-12-24T01:05:39.629849+00:00","2024-12-13","2024-12-24T01:05:39.629849+00:00",false,"4b381455-be80-45e1-96e9-03ea15450ad8","2bdbc127-920a-432e-b1b6-1fa1ed6687a1","{""id"":""6ed30cff-f72f-4667-b026-de8eb60f403b"",""items"":[{""x"":0.11879555036624298,""y"":0.10520213433393942,""z"":3,""id"":""711a7a34-f0ca-4706-a0bd-10d8c9d778a6"",""path"":""https://zckngbdtquzqrmrpjhhx.supabase.co/storage/v1/object/public/page_photos/f7010ecc-27d2-43a4-871e-d7e647d1ee4f/e08b7055-8d48-47d3-bb2b-f4645ee201cf.webp"",""type"":""image"",""width"":0.6516862871588327,""height"":0.42929014341661414,""rotation"":0,""placeholder"":""LGHBoGD%?Z?b.6bH~q-pOs%Lof-:""}],""maxZIndex"":0,""backgroundImage"":{""path"":""bg_04"",""type"":""local""}}"
"950e1847-0b3f-4db0-a31c-a2e928d477c3","2024-12-24T01:05:39.629849+00:00","2024-12-09","2024-12-24T01:05:39.629849+00:00",false,"4b381455-be80-45e1-96e9-03ea15450ad8","6eea90f5-325a-4ccf-aceb-3471c02914c0","{""id"":""3751d98c-95b8-4955-8d54-ed445aa89246"",""items"":[{""x"":0.1488549230056257,""y"":0.3935837185998486,""z"":20,""id"":""ad59bbee-ea27-4d46-b0b5-efd1bcd5cea3"",""type"":""text"",""width"":0,""height"":0,""fontSize"":0.014084507042253521,""fontType"":""Calibri"",""rotation"":0,""fontColor"":""#c1121f"",""textContent"":""拎阿嬤勒\n早上請假完 又收到組長小作文\n美好的排休全毀🥰""},{""x"":0.1513995105073649,""y"":0.1864240941867019,""z"":17,""id"":""59495c43-e114-466e-85d3-c906901dd927"",""path"":""https://zckngbdtquzqrmrpjhhx.supabase.co/storage/v1/object/public/page_photos/06435e09-bc0a-4026-82a8-f1743489a5c8/8386ac09-5a84-4b02-842f-cf25e196a6a1.webp"",""type"":""image"",""width"":0.2407940197885,""height"":0.19745863281560916,""rotation"":0,""placeholder"":""LgF$60Rjj?of~TWBj[j[-Oofazay""},{""x"":0.15733675192330637,""y"":0.5031298964236267,""z"":25,""id"":""60e7fa0d-0c80-4db7-8720-a5e314333f92"",""type"":""text"",""width"":0,""height"":0,""fontSize"":0.022300469483568074,""fontType"":""Inkfree"",""rotation"":0,""fontColor"":""#000"",""textContent"":""但連休三天還是很爽👯‍♀️""}],""maxZIndex"":0,""backgroundImage"":{""path"":""bg_09"",""type"":""local""}}"
"26193561-4ab0-4229-a43b-619789708acc","2024-12-24T01:05:39.629849+00:00","2024-12-09","2024-12-24T01:05:39.629849+00:00",false,"4b381455-be80-45e1-96e9-03ea15450ad8","a6300bac-4d56-49f3-9e9e-a3919a9bd8cf","{""id"":""4670fc7c-c495-49bf-b66c-6f5b67c0ac92"",""items"":[{""x"":0.037179487179488206,""y"":0.83846762959991,""z"":55,""id"":""dd77f1d6-bd07-4e81-b5b8-05227fe63229"",""type"":""text"",""width"":0,""height"":0,""fontSize"":0.01935796421694123,""fontType"":""Calibri-Bold"",""rotation"":0,""fontColor"":""#669bbc"",""textContent"":""最後分享今天美麗好天氣\n下台一鞠躬""},{""x"":0.041025680150742816,""y"":0.5331753373711043,""z"":51,""id"":""5aeff427-0304-4c8e-a901-75f4fc149bc9"",""type"":""text"",""width"":0,""height"":0,""fontSize"":0.016587677725118485,""fontType"":""Calibri-Bold"",""rotation"":0,""fontColor"":""#000"",""textContent"":""健身房打卡✅\n雖然我只是跳跳舞\n頭髮超久沒剪 長到很誇張""},{""x"":0.019658074012169565,""y"":0.6155213450933519,""z"":67,""id"":""25a8ded6-5185-4686-b1cc-6b5276a04bed"",""path"":""https://zckngbdtquzqrmrpjhhx.supabase.co/storage/v1/object/public/page_photos/9eb4d9fc-8130-4534-a223-1fe15643cc46/f3f0b99f-b3a3-4bb3-9f84-853085e08eff.webp"",""type"":""image"",""width"":0.6116832259178513,""height"":0.21198737391110425,""rotation"":0,""placeholder"":""LbCjU|M}M|xu.AM|ofj]E3WAxtNG""},{""x"":0.562393188476564,""y"":0.14099527874264217,""z"":52,""id"":""b3421184-2b7f-43c8-845e-cf974be420e9"",""type"":""text"",""width"":0,""height"":0,""fontSize"":0.01923214787209076,""fontType"":""Calibri-Bold"",""rotation"":0,""fontColor"":""#c1121f"",""textContent"":""今天回歸美國人餐點\n吃油膩大漢堡""},{""x"":0.0679487375112682,""y"":0.1362559241706161,""z"":44,""id"":""22a49c5c-b693-4251-b1a7-e8bdb48f65cd"",""path"":""https://zckngbdtquzqrmrpjhhx.supabase.co/storage/v1/object/public/page_photos/9eb4d9fc-8130-4534-a223-1fe15643cc46/6470171e-f602-4e57-881b-b1828ef98597.webp"",""type"":""image"",""width"":0.48573593468451287,""height"":0.29926858535064693,""rotation"":0,""placeholder"":""L7E2h0x_9$%#9HRQoa0L5rMI4mNF""},{""x"":0.490598297119141,""y"":0.3473538674449479,""z"":49,""id"":""ac4d753d-b4b8-433a-ba11-2794d4d065e8"",""path"":""https://zckngbdtquzqrmrpjhhx.supabase.co/storage/v1/object/public/page_photos/9eb4d9fc-8130-4534-a223-1fe15643cc46/8488b548-5a87-4865-be37-00cbe4c79adb.webp"",""type"":""image"",""width"":0.4853067972063744,""height"":0.2990041878522678,""rotation"":0,""placeholder"":""LNJHjmRi~VtRIUR.S5xtx]V@M{%2""},{""x"":0.5679486788236179,""y"":0.7152449079034455,""z"":71,""id"":""15376493-ae40-43ba-a364-afc4eb430732"",""type"":""text"",""width"":0,""height"":0,""fontSize"":0.014412651549960308,""fontType"":""Calibri-Bold"",""rotation"":0,""fontColor"":""#c1121f"",""textContent"":""我自從去年五月回台灣之後\n就沒剪過了…\n但麥可只留了一個半月""}],""maxZIndex"":0,""backgroundImage"":{""path"":""bg_04"",""type"":""local""}}"
"37767298-43e4-4b05-8231-d127e44baa0f","2024-12-24T01:05:39.629849+00:00","2024-12-10","2024-12-24T01:05:39.629849+00:00",false,"4b381455-be80-45e1-96e9-03ea15450ad8","a6300bac-4d56-49f3-9e9e-a3919a9bd8cf","{""id"":""00d058ec-b2f8-4470-b3c2-6f055a6a290b"",""items"":[{""x"":0.04999998043744975,""y"":0.44984202814328195,""z"":7,""id"":""eb21e219-1cd6-41fa-a76c-7a6d6a177753"",""type"":""text"",""width"":0,""height"":0,""fontSize"":0.017340880625139336,""fontType"":""Calibri-Bold"",""rotation"":0,""fontColor"":""#000"",""textContent"":""今日分享\n透過彩繪玻璃拍的模糊紐約街景""},{""x"":0.03974358974358974,""y"":0.11947076806524881,""z"":3,""id"":""7bcb6bfe-61ca-42f8-b0b2-9c836a3f0950"",""path"":""https://zckngbdtquzqrmrpjhhx.supabase.co/storage/v1/object/public/page_photos/9eb4d9fc-8130-4534-a223-1fe15643cc46/bb7df844-88ad-427d-be8b-4060cea93c83.avif"",""type"":""image"",""width"":0.9292429090003025,""height"":0.3220421218988021,""rotation"":0,""placeholder"":""LVHKhL-S#*s;}=N2sDs.5BElkCjb""}],""maxZIndex"":0,""backgroundImage"":{""path"":""bg_04"",""type"":""local""}}"
"074f2847-445f-4170-a6ed-3cab331681a9","2024-12-24T01:05:39.629849+00:00","2024-12-10","2024-12-24T01:05:39.629849+00:00",false,"4b381455-be80-45e1-96e9-03ea15450ad8","2bdbc127-920a-432e-b1b6-1fa1ed6687a1","{""id"":""8239bc21-da21-4ed4-a72f-9a95e573e678"",""items"":[{""x"":0.16503453784518865,""y"":0.17904850156178498,""z"":2,""id"":""d71eaac4-c4af-45f2-bd5b-312cde072acc"",""type"":""text"",""width"":0,""height"":0,""fontSize"":0.019213174748398894,""fontType"":""Calibri"",""rotation"":0,""fontColor"":""#669bbc"",""textContent"":""好不容易做完一場秀結束剛上班第一天\n檔案都還沒整理完同事又想叫我做事\n我真的氣死假裝自己很忙不要來吵我""}],""maxZIndex"":0,""backgroundImage"":{""path"":""bg_04"",""type"":""local""}}"
"aebd9f75-9779-4111-bf6b-2176ad656d99","2024-12-24T01:05:39.629849+00:00","2024-12-10","2024-12-24T01:05:39.629849+00:00",false,"4b381455-be80-45e1-96e9-03ea15450ad8","eecd2083-81ee-4e52-a4cf-fd6687bd002d","{""id"":""cc3bdac2-a675-42c9-951e-af30c8335a8c"",""items"":[{""x"":0.055111124674479206,""y"":0.6110426992031157,""z"":24,""id"":""1270e80b-ae42-491d-a56c-03d943b6c677"",""type"":""text"",""width"":0,""height"":0,""fontSize"":0.021762422315637808,""fontType"":""Calibri"",""rotation"":0,""fontColor"":""#ffffff"",""textContent"":""棉花糖製品\n我真的再可愛都無法""},{""x"":0.1088888753255208,""y"":0.3981937539988547,""z"":22,""id"":""9a434eb1-19ac-40b8-9333-817f7a6ab380"",""type"":""text"",""width"":0,""height"":0,""fontSize"":0.022167487684729065,""fontType"":""Calibri"",""rotation"":0,""fontColor"":""#fdf0d5"",""textContent"":""今天的爽狗🐕""},{""x"":0.03866664632161467,""y"":0.5964696254636269,""z"":19,""id"":""bfc303cc-9282-47f5-8750-c872eca27ea6"",""path"":""https://zckngbdtquzqrmrpjhhx.supabase.co/storage/v1/object/public/page_photos/a25e0568-6a10-4582-9562-2c78fc211089/4faaff76-f95b-4a96-bc95-1f4dc4a6555b.webp"",""type"":""image"",""width"":0.4213085119950907,""height"":0.1945698177317229,""rotation"":0,""placeholder"":""LGDSd#H;55b}9[E3%2%0-dWcNNsg""},{""x"":0.02533333333333304,""y"":0.3846469653651047,""z"":17,""id"":""f9802cde-50d5-4492-a8b5-179436284320"",""path"":""https://zckngbdtquzqrmrpjhhx.supabase.co/storage/v1/object/public/page_photos/a25e0568-6a10-4582-9562-2c78fc211089/db070678-3910-437e-bb3a-c950f71597c0.webp"",""type"":""image"",""width"":0.43373293727236795,""height"":0.2003076988634704,""rotation"":-0.001063180241752,""placeholder"":""LHHeLF~AE1xt9~Nd%1$#Em-;-:M|""},{""x"":0.048444498697916796,""y"":0.28981935097079065,""z"":15,""id"":""da4453aa-97cf-475b-9f49-aff215d28a69"",""type"":""text"",""width"":0,""height"":0,""fontSize"":0.020935960591133004,""fontType"":""Calibri"",""rotation"":0,""fontColor"":""#c1121f"",""textContent"":""我咬妳一口👄🧡""},{""x"":0.4106666666666667,""y"":0.06280788177339902,""z"":7,""id"":""28dbeca0-0809-4cfe-8409-d728769fea78"",""path"":""https://zckngbdtquzqrmrpjhhx.supabase.co/storage/v1/object/public/page_photos/a25e0568-6a10-4582-9562-2c78fc211089/e96b8a33-32d5-429f-8c98-d64ce6cce273.webp"",""type"":""image"",""width"":0.5469307085324053,""height"":0.2525849947040049,""rotation"":-0.00997644979380441,""placeholder"":""LLG[K34.5T%0_Ni^WCtR9w%MnNbJ""},{""x"":0.588,""y"":0.2660098522167488,""z"":11,""id"":""85a940d2-00e4-4a56-b575-a599358e80d8"",""type"":""text"",""width"":0,""height"":0,""fontSize"":0.020935960591133004,""fontType"":""Calibri"",""rotation"":0,""fontColor"":""#ffffff"",""textContent"":""太想吃薯條了\n今天當行動派""},{""x"":0.05644445800781254,""y"":0.19293925092725248,""z"":8,""id"":""32c73b16-cdeb-49a2-a30b-44fb3893413f"",""type"":""text"",""width"":0,""height"":0,""fontSize"":0.03694581280788178,""fontType"":""Calibri"",""rotation"":0,""fontColor"":""#000"",""textContent"":""好想吃薯格格⋯\n00:30""},{""x"":0.5008888346354187,""y"":0.6153530252390886,""z"":28,""id"":""f9489a2f-4585-484e-9eb4-e93eda16c118"",""type"":""text"",""width"":0,""height"":0,""fontSize"":0.022167487684729065,""fontType"":""Calibri"",""rotation"":0,""fontColor"":""#000"",""textContent"":""我起來還是會吃 我是🐷""}],""maxZIndex"":0,""backgroundImage"":{""path"":""bg_04"",""type"":""local""}}"
"be1e1af1-6e35-4594-af82-ee359f7c60df","2024-12-24T01:05:39.629849+00:00","2024-12-12","2024-12-24T01:05:39.629849+00:00",false,"4b381455-be80-45e1-96e9-03ea15450ad8","632e3d17-8713-46e9-ab1b-604bfa3ce11f","{""id"":""3aa2da3d-5c43-41a6-99b6-a9cc02b29cff"",""items"":[],""maxZIndex"":0,""backgroundImage"":{""path"":""bg_04"",""type"":""local""}}"
"65d0d049-e044-46a0-a73f-0b43d96399d3","2024-12-24T01:05:39.629849+00:00","2024-12-11","2024-12-24T01:05:39.629849+00:00",false,"4b381455-be80-45e1-96e9-03ea15450ad8","2bdbc127-920a-432e-b1b6-1fa1ed6687a1","{""id"":""1bf79935-2e64-4514-a7a1-6aa16c46e97d"",""items"":[{""x"":0.1426755481296125,""y"":0.5018247425937908,""z"":11,""id"":""5c70ebda-3625-4b02-b9d4-f36c8a1ea5b9"",""type"":""text"",""width"":0,""height"":0,""fontSize"":0.030020585544373275,""fontType"":""Calibri"",""rotation"":0,""fontColor"":""#c1121f"",""textContent"":""請大家推薦我擦臉的乳液！""},{""x"":0.5000000000000012,""y"":0.5489478499542539,""z"":6,""id"":""bb415fda-3dc3-4690-88e9-e916a41b3309"",""type"":""text"",""width"":0,""height"":0,""fontSize"":0.03602470265324793,""fontType"":""Calibri"",""rotation"":0,""fontColor"":""#ffffff"",""textContent"":""""},{""x"":0.12571393383873758,""y"":0.37163139382089233,""z"":9,""id"":""86c99ed3-cd4d-4c42-9c8f-75c8d4de1a66"",""type"":""text"",""width"":0,""height"":0,""fontSize"":0.01200823421774931,""fontType"":""Calibri"",""rotation"":0,""fontColor"":""#669bbc"",""textContent"":""我昨天想說早點睡\n兩點就入眠\n結果今天還是睡到12點\n鬧鐘響了還是醒不來\n超可怕我是不是有嗜睡症""},{""x"":0.08938508199320909,""y"":0.10117423348980868,""z"":3,""id"":""28883e57-a8b8-446d-8a4b-e30652e29874"",""path"":""https://zckngbdtquzqrmrpjhhx.supabase.co/storage/v1/object/public/page_photos/f7010ecc-27d2-43a4-871e-d7e647d1ee4f/2dbf46c7-2892-4a8d-afe0-63afb16b9340.webp"",""type"":""image"",""width"":0.8137349398019148,""height"":0.2665007519926797,""rotation"":0,""placeholder"":""LVCQuRMx8{%g?]aeRjtRx[xukCIU""},{""x"":0.6288869202137017,""y"":0.7081642305752811,""z"":15,""id"":""c9195d3f-0d17-4f44-9d32-57d5ede403c0"",""type"":""text"",""width"":0,""height"":0,""fontSize"":0.020413998170173826,""fontType"":""Calibri-Bold"",""rotation"":0,""fontColor"":""#000"",""textContent"":""謝謝推推🥰""}],""maxZIndex"":0,""backgroundImage"":{""path"":""bg_04"",""type"":""local""}}"
"1eb5ee4d-3f7b-4485-af96-fe487814420d","2024-12-24T01:05:39.629849+00:00","2024-12-11","2024-12-24T01:05:39.629849+00:00",false,"4b381455-be80-45e1-96e9-03ea15450ad8","eecd2083-81ee-4e52-a4cf-fd6687bd002d","{""id"":""ab1e216e-4b2e-485f-bc8a-9852419bb8bd"",""items"":[{""x"":-0.023111104329427094,""y"":0.4544334975369458,""z"":16,""id"":""db1dd74f-4c24-47a0-8fff-cb5f5426a0bc"",""path"":""https://zckngbdtquzqrmrpjhhx.supabase.co/storage/v1/object/public/page_photos/a25e0568-6a10-4582-9562-2c78fc211089/93b78979-e290-46fb-b497-215776421d6b.webp"",""type"":""image"",""width"":0.8902322014267386,""height"":0.2335215011131712,""rotation"":0,""placeholder"":""LNPaZw~DInI.=}9Ysps:$+IURixa""},{""x"":0.3737778320312507,""y"":0.2742200015213707,""z"":12,""id"":""77df36b0-2152-4dab-9b61-75b01652561a"",""type"":""text"",""width"":0,""height"":0,""fontSize"":0.014778325123152709,""fontType"":""Calibri"",""rotation"":0,""fontColor"":""#c1121f"",""textContent"":""淡季去為什麼機票還那麼貴\n還好我的朋友們都很爭氣\n去紐約可以借等右旋家睡\n去神戶竟然也有人家可以蹭睡\n謝謝你們都很優秀散佈在世界的每個角落👸🏻""},{""x"":0.0008888956705729494,""y"":-0.10119047305854076,""z"":5,""id"":""6bb470f6-02ae-4e11-a3df-852d7322c8e0"",""path"":""https://zckngbdtquzqrmrpjhhx.supabase.co/storage/v1/object/public/page_photos/a25e0568-6a10-4582-9562-2c78fc211089/28f75b9a-e357-4648-9a89-a60ff446c2da.webp"",""type"":""image"",""width"":0.5825428772097386,""height"":0.5825428772097377,""rotation"":0,""placeholder"":""L:NwZqj?ofj]4TWEWUj?D%oeayWC""},{""x"":0.17822220865885413,""y"":0.6999179107215012,""z"":18,""id"":""a24af358-8965-4834-99e5-d883f12f81ae"",""type"":""text"",""width"":0,""height"":0,""fontSize"":0.017241379310344827,""fontType"":""Calibri"",""rotation"":0,""fontColor"":""#000"",""textContent"":""我的電腦記不起來我叫做育瑄\n但他只花了一次就記得教研這兩個字🤡⋯⋯""},{""x"":0.38977779134114665,""y"":0.4417077238336576,""z"":20,""id"":""279adf24-4e74-4749-9324-102a1997337e"",""type"":""text"",""width"":0,""height"":0,""fontSize"":0.023399014778325122,""fontType"":""Calibri"",""rotation"":0,""fontColor"":""#669bbc"",""textContent"":""經過機捷絕對去你家蹭👩‍❤️‍💋‍👩""}],""maxZIndex"":0,""backgroundImage"":{""path"":""bg_04"",""type"":""local""}}"
"a9cacc8f-ca73-44b1-8c7e-298592aecd8c","2024-12-24T01:05:39.629849+00:00","2024-12-11","2024-12-24T01:05:39.629849+00:00",false,"4b381455-be80-45e1-96e9-03ea15450ad8","632e3d17-8713-46e9-ab1b-604bfa3ce11f","{""id"":""632ab7ae-d56a-4889-9862-2daa87517ee3"",""items"":[{""x"":0.1568376394418569,""y"":0.605055298285462,""z"":9,""id"":""cfd3bc0c-f5c0-445f-8f04-68bd5e8871f9"",""path"":""https://zckngbdtquzqrmrpjhhx.supabase.co/storage/v1/object/public/page_photos/2caf72af-e28f-4cc1-a20f-e8b79a48964b/e78b55ec-a145-4716-a735-da44a325f1a6.webp"",""type"":""image"",""width"":0.6788245208253642,""height"":0.17644209627495733,""rotation"":0,""placeholder"":""LPG8Dq?G0eE2xZRjs:%14:o2-pk8""},{""x"":0.21111109806941103,""y"":0.10545021888769063,""z"":12,""id"":""9c1b6ccd-3e0a-422d-b9cb-868b45a619f8"",""path"":""https://zckngbdtquzqrmrpjhhx.supabase.co/storage/v1/object/public/page_photos/2caf72af-e28f-4cc1-a20f-e8b79a48964b/67143855-7e4b-4e68-a731-05a4db45c5bf.webp"",""type"":""image"",""width"":0.45078323653132046,""height"":0.3703116635012429,""rotation"":0.00206102944408748,""placeholder"":""LnJtekE2ofs:~ojZo2WVNGofRkWB""},{""x"":0.5,""y"":0.5,""z"":6,""id"":""0ad7d900-964d-4c8f-8a1d-2870b3130e00"",""type"":""text"",""width"":0,""height"":0,""fontSize"":0.014218009478672985,""fontType"":""Calibri"",""rotation"":0,""fontColor"":""#000"",""textContent"":""好懶得更新麥摳會揍我嗎不曉得\n但我超愛大家的日記 耶！""},{""x"":0.1717948717948718,""y"":0.7997630331753555,""z"":11,""id"":""c5625ea6-5590-461a-9b3f-43db2fef7f46"",""type"":""text"",""width"":0,""height"":0,""fontSize"":0.016587677725118485,""fontType"":""Calibri"",""rotation"":0,""fontColor"":""#669bbc"",""textContent"":""今天第一次來汗蒸幕 原來要脫光洗澡⋯\n把一年份的女生裸體看完了\n不對 平常真的沒在看裸體""}],""maxZIndex"":0,""backgroundImage"":{""path"":""bg_05"",""type"":""local""}}"
"cd655871-50c6-4ed4-92be-501d66b37e97","2024-12-24T01:05:39.629849+00:00","2024-12-11","2024-12-24T01:05:39.629849+00:00",false,"4b381455-be80-45e1-96e9-03ea15450ad8","a6300bac-4d56-49f3-9e9e-a3919a9bd8cf","{""id"":""b98167cc-1441-4e82-942c-b34bb504d97f"",""items"":[{""x"":0.23418806027143438,""y"":0.17061611374407584,""z"":3,""id"":""9fbefd3e-0fb4-4704-800f-728f226a367f"",""type"":""text"",""width"":0,""height"":0,""fontSize"":0.02014218009478673,""fontType"":""Calibri"",""rotation"":0,""fontColor"":""#000"",""textContent"":""昨天超軟爛 什麼事都沒做\n今天要努力趕進度\n（結果還是快中午才起床）""}],""maxZIndex"":0,""backgroundImage"":{""path"":""bg_04"",""type"":""local""}}"
"b6b76b60-79f8-4a93-b2dc-3c9e9ef41a2d","2024-12-24T01:05:39.629849+00:00","2024-12-12","2024-12-24T01:05:39.629849+00:00",false,"4b381455-be80-45e1-96e9-03ea15450ad8","eecd2083-81ee-4e52-a4cf-fd6687bd002d","{""id"":""29aff325-9098-4c0c-8d49-b0e758754fc9"",""items"":[{""x"":0.052888916015625065,""y"":0.5402298913213424,""z"":15,""id"":""aee74e3b-fef0-484f-b780-fcbde30e896e"",""type"":""text"",""width"":0,""height"":0,""fontSize"":0.01600985221674877,""fontType"":""Calibri"",""rotation"":0,""fontColor"":""#000"",""textContent"":""偶媽咪贊助了我一點旅費\n小時候家裡沒錢\n但我想幹嘛的時候我媽還是盡量幫我\n國中考美術班 特地載我去考 結果我選普通班唸\n唸美術老遠載我去北藝考試（落榜）\n去彰師考術科還訂了一晚飯店（後來考很差）\n努力10次有成功2次很好了\n但我媽從來沒有罵我做得不好\n這次不搞藝術還24歲了說要重新唸大學\n我媽也沒有第二句話\n謝謝媽👸🏻我是你的公主\n我最愛妳了\n\n半夜小感性 偷哭""},{""x"":0.5,""y"":0.5,""z"":7,""id"":""093abcf6-dd7a-4e21-a0e7-6763b3bec421"",""type"":""text"",""width"":0,""height"":0,""fontSize"":0.03694581280788178,""fontType"":""Calibri"",""rotation"":0,""fontColor"":""#ffffff"",""textContent"":""""},{""x"":0.060888916015625065,""y"":0.42651887715156406,""z"":6,""id"":""40a6190a-69aa-4078-853d-2275919817f4"",""type"":""text"",""width"":0,""height"":0,""fontSize"":0.020935960591133004,""fontType"":""Calibri"",""rotation"":0,""fontColor"":""#669bbc"",""textContent"":""機票買好了\n我朋友幫我報名了\n明天開始手機又要丟了\n一切順利🤞🏻🍀""},{""x"":0.5320000203450507,""y"":0.10529557589826848,""z"":22,""id"":""4d894849-6ec1-43fc-a04f-436d583816e9"",""path"":""https://zckngbdtquzqrmrpjhhx.supabase.co/storage/v1/object/public/page_photos/a25e0568-6a10-4582-9562-2c78fc211089/0a84b846-4282-4e43-951b-fba5d48faa1a.webp"",""type"":""image"",""width"":0.3876715676434773,""height"":0.26662249676291383,""rotation"":0,""placeholder"":""LRG[+q?ET0Ip-:?wM{RjE,WU%May""},{""x"":0.05333333333333334,""y"":0.1633826006809483,""z"":4,""id"":""8f4d5c42-326c-4aed-b8ad-797c61ea8816"",""path"":""https://zckngbdtquzqrmrpjhhx.supabase.co/storage/v1/object/public/page_photos/a25e0568-6a10-4582-9562-2c78fc211089/ddc90b3b-da6a-4e5b-9e8f-579ce80287d8.webp"",""type"":""image"",""width"":0.5564441797301066,""height"":0.25697853127929804,""rotation"":0,""placeholder"":""L7L4vcO^VC.S^PRjr=M|~RRiIW%1""},{""x"":0.5,""y"":0.5,""z"":23,""id"":""d98ba769-e917-4bb4-bfe9-f96619b2fd71"",""type"":""text"",""width"":0,""height"":0,""fontSize"":0.017241379310344827,""fontType"":""Calibri"",""rotation"":0,""fontColor"":""#c1121f"",""textContent"":""今天8:30爬起床開線上會\n所以我現在下班了17:05""}],""maxZIndex"":0,""backgroundImage"":{""path"":""bg_04"",""type"":""local""}}"
"b2b0958b-9e6e-4ad2-9b44-89de7d093b74","2024-12-24T01:05:39.629849+00:00","2024-12-16","2024-12-24T01:05:39.629849+00:00",false,"4b381455-be80-45e1-96e9-03ea15450ad8","2bdbc127-920a-432e-b1b6-1fa1ed6687a1","{""id"":""6820d530-7648-4f5d-80fe-2369871e6eaf"",""items"":[{""x"":0.060375185807546035,""y"":0.1147696293501928,""z"":3,""id"":""33ab54d6-ad8b-4b63-bee5-8ccc221e178a"",""path"":""https://zckngbdtquzqrmrpjhhx.supabase.co/storage/v1/object/public/page_photos/f7010ecc-27d2-43a4-871e-d7e647d1ee4f/f6d64f20-8095-4569-99f3-0a5b0581fd2b.webp"",""type"":""image"",""width"":0.5866984119736475,""height"":0.38648019818941043,""rotation"":0,""placeholder"":""LME{5?~W~p%fT0bwtRxunMRPi^M{""},{""x"":0.11277314292060092,""y"":0.5331011575400447,""z"":5,""id"":""4282c0d8-46e1-4e40-bf7d-dcb1abf68940"",""type"":""text"",""width"":0,""height"":0,""fontSize"":0.020413998170173826,""fontType"":""Calibri"",""rotation"":0,""fontColor"":""#000"",""textContent"":""辦公室同事感冒到底何時才會好？\n天冷了請小心各位身體""}],""maxZIndex"":0,""backgroundImage"":{""path"":""bg_04"",""type"":""local""}}"
"353b46de-0c0f-4257-8de8-b0be2cfa7be6","2024-12-24T01:05:39.629849+00:00","2024-12-15","2024-12-24T01:05:39.629849+00:00",false,"4b381455-be80-45e1-96e9-03ea15450ad8","a6300bac-4d56-49f3-9e9e-a3919a9bd8cf","{""id"":""5afe5b1a-c17d-4361-a20f-47ad20002538"",""items"":[{""x"":0.5470085730919462,""y"":0.2365718859631872,""z"":33,""id"":""3801de81-ccf0-42a5-82c2-ab6fab2ffe0b"",""type"":""text"",""width"":0,""height"":0,""fontSize"":0.022511848341232227,""fontType"":""Calibri"",""rotation"":0,""fontColor"":""#FFC300"",""textContent"":""更新來了""},{""x"":0.055555529472155384,""y"":0.11729857819905178,""z"":8,""id"":""9c853ed6-2de0-46d4-8c8e-fd0eddc3504e"",""type"":""text"",""width"":0,""height"":0,""fontSize"":0.02132701421800948,""fontType"":""Calibri"",""rotation"":0,""fontColor"":""#000"",""textContent"":""今天晚上要去一個小影展\n一樣晚點貼照片☺️\n這幾天每天都出門\n要累死""},{""x"":0.01880338619916849,""y"":0.2586888137021896,""z"":18,""id"":""2e0d073c-db7e-4221-b21d-cdb3ffea24a2"",""path"":""https://zckngbdtquzqrmrpjhhx.supabase.co/storage/v1/object/public/page_photos/9eb4d9fc-8130-4534-a223-1fe15643cc46/f96d0cd9-bfaf-418c-9556-35881edc7e21.avif"",""type"":""image"",""width"":0.5153172830525,""height"":0.3174940606484597,""rotation"":0,""placeholder"":""LXGuRD^*M|kC~U%1t6WCxZRjoft7""},{""x"":0.03376065767728359,""y"":0.5860979432743305,""z"":14,""id"":""fe130bce-3214-4dee-95d1-08153916e774"",""path"":""https://zckngbdtquzqrmrpjhhx.supabase.co/storage/v1/object/public/page_photos/9eb4d9fc-8130-4534-a223-1fe15643cc46/e2ccb756-2ff5-4ae4-9100-c5a1d0dcc825.avif"",""type"":""image"",""width"":0.44881350618643845,""height"":0.27652016968832704,""rotation"":0,""placeholder"":""LGExz;9G5RxZyDt4Mxoz0LbbRia#""}],""maxZIndex"":0,""backgroundImage"":{""path"":""bg_04"",""type"":""local""}}"
"141f926e-4db9-49f8-a4ee-cd0404cdefd7","2024-12-24T01:05:39.629849+00:00","2024-12-16","2024-12-24T01:05:39.629849+00:00",false,"4b381455-be80-45e1-96e9-03ea15450ad8","632e3d17-8713-46e9-ab1b-604bfa3ce11f","{""id"":""00a5afbe-ead3-4fa0-aeee-71d23973e1c8"",""items"":[{""x"":0.38290596986428205,""y"":0.6603475633955675,""z"":6,""id"":""6a663810-ad2d-40a1-8541-2214b9d6ab13"",""type"":""text"",""width"":0,""height"":0,""fontSize"":0.013033175355450236,""fontType"":""Calibri"",""rotation"":0,""fontColor"":""#000"",""textContent"":""牛腸鍋意外的好吃ㄟ\n九州好讚喔""},{""x"":0.12948721861227921,""y"":0.11334913714802063,""z"":7,""id"":""56b97bd0-3565-4f80-99b1-e9bb9bed285a"",""path"":""https://zckngbdtquzqrmrpjhhx.supabase.co/storage/v1/object/public/page_photos/2caf72af-e28f-4cc1-a20f-e8b79a48964b/64769c96-df4e-4399-9899-149f5f2d0be2.webp"",""type"":""image"",""width"":0.6024092333290103,""height"":0.49487014428291465,""rotation"":0.00474518378660749,""placeholder"":""LTGRkwkWbb%1M|M|NGWB0Mt5aeRl""},{""x"":0.023504266983423488,""y"":0.7053712419988981,""z"":14,""id"":""273457df-c9a8-4e3d-a071-eb6f9e9a2ea6"",""path"":""https://zckngbdtquzqrmrpjhhx.supabase.co/storage/v1/object/public/page_photos/2caf72af-e28f-4cc1-a20f-e8b79a48964b/c1a04b8f-ee7a-44da-975f-649b2f64e2f5.webp"",""type"":""image"",""width"":0.4256242303976846,""height"":0.34964391754627966,""rotation"":0,""placeholder"":""LZF$kq%hWVWApfWEV@j@p0t7ogWC""},{""x"":0.5747862791403718,""y"":0.7494075829383886,""z"":11,""id"":""e6c0f388-0728-4e12-9d77-ef14a2362d0a"",""path"":""https://zckngbdtquzqrmrpjhhx.supabase.co/storage/v1/object/public/page_photos/2caf72af-e28f-4cc1-a20f-e8b79a48964b/31dc244d-2b4e-41da-9268-552254c130c9.webp"",""type"":""image"",""width"":0.4274889577138872,""height"":0.35117576305090287,""rotation"":0,""placeholder"":""L7H-*.DgO]o]=q=^D+Mx?Hxv-Os;""}],""maxZIndex"":0,""backgroundImage"":{""path"":""bg_05"",""type"":""local""}}"
"5323f323-d548-4617-83ce-c2aa2dada2d8","2024-12-24T01:05:39.629849+00:00","2024-12-16","2024-12-24T01:05:39.629849+00:00",false,"4b381455-be80-45e1-96e9-03ea15450ad8","eecd2083-81ee-4e52-a4cf-fd6687bd002d","{""id"":""0276c61f-18ae-496b-b6ef-85845a431b93"",""items"":[{""x"":0.048444417317708266,""y"":0.5377668371341502,""z"":14,""id"":""a5bd9fa4-eace-434e-ab26-a704321e08f3"",""type"":""text"",""width"":0,""height"":0,""fontSize"":0.014778325123152709,""fontType"":""Calibri"",""rotation"":0,""fontColor"":""#000"",""textContent"":""兩週沒見結果玩一個太晚\n最後邊吃烏龍麵配啤酒\n邊看海賊王看到4:30才去刷牙睡覺\n但早上還是9點起來搭高鐵下高雄出差\n（爬不出棉被好想死）\n接下來是3日出差咩 希望拍攝順利""},{""x"":-0.004888895670572907,""y"":0.04720854171978424,""z"":3,""id"":""8e6b5a58-4046-4614-9f09-fb4fb6aa44ec"",""path"":""https://zckngbdtquzqrmrpjhhx.supabase.co/storage/v1/object/public/page_photos/a25e0568-6a10-4582-9562-2c78fc211089/5e0f4b65-cf88-42e6-bc87-e8102f7c4c17.webp"",""type"":""image"",""width"":0.564432621369584,""height"":0.26066777464728325,""rotation"":0,""placeholder"":""LiG0LX8_D$Rj?wMxRPaeIBkBt7oz""},{""x"":-0.01822220865885416,""y"":0.267036127926681,""z"":5,""id"":""e81811cc-3000-48d6-a901-e832b4cc3e53"",""path"":""https://zckngbdtquzqrmrpjhhx.supabase.co/storage/v1/object/public/page_photos/a25e0568-6a10-4582-9562-2c78fc211089/ccd77038-4351-4eb3-a1ea-efd39ac3a2ad.webp"",""type"":""image"",""width"":0.5758105022176481,""height"":0.26592233784682023,""rotation"":-0.000141988069349175,""placeholder"":""LVE39s~qofIAIoIVM{M{IURjt7xu""},{""x"":0.5382222086588533,""y"":0.7733990147783252,""z"":17,""id"":""6184aed0-a954-47c6-89bd-0b3c33ba98e4"",""type"":""text"",""width"":0,""height"":0,""fontSize"":0.017241379310344827,""fontType"":""Calibri"",""rotation"":0,""fontColor"":""#c1121f"",""textContent"":""跟等右旋快2年沒見了\n可以再一起睡了""}],""maxZIndex"":0,""backgroundImage"":{""path"":""bg_05"",""type"":""local""}}"
"c33d57e3-7321-4c58-b790-a28516bacb01","2024-12-24T01:05:39.629849+00:00","2024-12-16","2024-12-24T01:05:39.629849+00:00",false,"4b381455-be80-45e1-96e9-03ea15450ad8","a6300bac-4d56-49f3-9e9e-a3919a9bd8cf","{""id"":""464adfdd-20da-435b-b73a-b4dde56e16ec"",""items"":[{""x"":0.2358974358974359,""y"":0.5509478582590107,""z"":8,""id"":""2baf28fe-19b8-4a64-b4f8-8f221715c753"",""type"":""text"",""width"":0,""height"":0,""fontSize"":0.02350890038328116,""fontType"":""Calibri"",""rotation"":0,""fontColor"":""#669bbc"",""textContent"":""昨天除了健身整天在家\n跟大家分享藍色的麥可""},{""x"":0.18675212371043667,""y"":0.18917852103427726,""z"":4,""id"":""861dc625-fde1-4ef6-8df1-83440122e4b1"",""path"":""https://zckngbdtquzqrmrpjhhx.supabase.co/storage/v1/object/public/page_photos/9eb4d9fc-8130-4534-a223-1fe15643cc46/2fc70d06-1e37-4bd0-bc7b-e404522bb27e.avif"",""type"":""image"",""width"":0.6014393780226077,""height"":0.3705550670281469,""rotation"":1.64543144755897,""placeholder"":""LSAAkd_L.2x^RVRgV[V|V:RhRrWF""}],""maxZIndex"":0,""backgroundImage"":{""path"":""bg_04"",""type"":""local""}}"
"623d6b14-2856-49a1-b2eb-6b9c9b7ed507","2024-12-24T01:05:39.629849+00:00","2024-12-18","2024-12-24T01:05:39.629849+00:00",false,"4b381455-be80-45e1-96e9-03ea15450ad8","6eea90f5-325a-4ccf-aceb-3471c02914c0","{""id"":""4a166339-92ae-4e88-ab24-3ea244c3b1f8"",""items"":[{""x"":0.08439352797491247,""y"":0.17527385944491783,""z"":3,""id"":""d32b3f43-fc09-4d21-8651-59d3a486f330"",""path"":""https://zckngbdtquzqrmrpjhhx.supabase.co/storage/v1/object/public/page_photos/06435e09-bc0a-4026-82a8-f1743489a5c8/527d8d30-8cab-45a0-8a07-234c717bfdfa.webp"",""type"":""image"",""width"":0.6188411484039491,""height"":0.3806018330559495,""rotation"":0,""placeholder"":""LBD]n~T1E0~VxQD%SJoI0z?a-oE1""},{""x"":0.10899065711722722,""y"":0.5653364871029566,""z"":10,""id"":""57fc8fa0-af4b-4b3d-af13-ef6608196b54"",""type"":""text"",""width"":0,""height"":0,""fontSize"":0.011737089201877934,""fontType"":""Calibri"",""rotation"":0,""fontColor"":""#000"",""textContent"":""聖誕節要來嚕\n昨天跟同事噴的假樹""}],""maxZIndex"":0,""backgroundImage"":{""path"":""bg_04"",""type"":""local""}}"
"535acf78-b25d-4e50-8cc5-f3f623960d3e","2024-12-24T01:05:39.629849+00:00","2024-12-17","2024-12-24T01:05:39.629849+00:00",false,"4b381455-be80-45e1-96e9-03ea15450ad8","eecd2083-81ee-4e52-a4cf-fd6687bd002d","{""id"":""73300e91-c24c-480e-b6f2-f045e68029d2"",""items"":[{""x"":0.12844449869791838,""y"":0.4064039596783116,""z"":11,""id"":""b2df8e4b-01b1-4b8d-b309-1c2c069d7211"",""type"":""text"",""width"":0,""height"":0,""fontSize"":0.01847290640394089,""fontType"":""Calibri"",""rotation"":0,""fontColor"":""#669bbc"",""textContent"":""王敬🈹生日 ㅈㄱㅎ!\n從22歲開始生日願望都歸我 我每年可以許6個""},{""x"":0.03244441731770747,""y"":0.5316092016661699,""z"":29,""id"":""6c400ac7-929a-46dd-9c79-d2d7a41dd948"",""type"":""text"",""width"":0,""height"":0,""fontSize"":0.012315270935960592,""fontType"":""Calibri"",""rotation"":0,""fontColor"":""#fdf0d5"",""textContent"":""出差咩回台北了\n第一天大爆拍\n然後晚上參加我老闆兒子的生日派對\n我老闆兒子跟王敬予都7生日\n氣質跟我男朋友形容小時候的他蠻像的\n覺得星座真有趣\n第二天早上8點多起來大爆拍攝\n晚上再去參加公司協辦的耶誕晚會⋯\n照片是我老闆跟其他公司同事們還有我主管\n我第一次控大機🎥\n因為提早拍完我跟我主管搭中午的高鐵回台北了\n順利的出差結束\n我要回家大爆睡\n\n""},{""x"":0.14355554199218745,""y"":0.3185550144740517,""z"":36,""id"":""0639384f-14bb-4635-b2f9-766ae8866a1d"",""type"":""text"",""width"":0,""height"":0,""fontSize"":0.05665024630541872,""fontType"":""Calibri"",""rotation"":0,""fontColor"":""#ffffff"",""textContent"":""🎂""},{""x"":0.0897777506510408,""y"":0.10509029632718694,""z"":31,""id"":""276602a4-7eea-41f4-9164-575e8838ff9a"",""path"":""https://zckngbdtquzqrmrpjhhx.supabase.co/storage/v1/object/public/page_photos/a25e0568-6a10-4582-9562-2c78fc211089/e1f9e357-afb3-4b60-b651-4e232976d357.webp"",""type"":""image"",""width"":0.819140773684688,""height"":0.2837233283236675,""rotation"":0,""placeholder"":""LOJ*Fz%2%L^*R2jrob%L_NxubIM{""},{""x"":0.33466666666666667,""y"":0.11699507389162561,""z"":33,""id"":""49b65a8c-ccd2-48e4-b34f-5659e58a0feb"",""type"":""text"",""width"":0,""height"":0,""fontSize"":0.04433497536945813,""fontType"":""Calibri"",""rotation"":0,""fontColor"":""#ffffff"",""textContent"":""👑""},{""x"":-0.010222249348958132,""y"":0.5798439627210493,""z"":25,""id"":""d20eab36-5602-4a66-bf5c-a3c167e5e61d"",""path"":""https://zckngbdtquzqrmrpjhhx.supabase.co/storage/v1/object/public/page_photos/a25e0568-6a10-4582-9562-2c78fc211089/25be720e-aa2c-4cbf-8808-450db55f51ca.webp"",""type"":""image"",""width"":0.6945554238266534,""height"":0.42768191122330906,""rotation"":-0.0078423339487097,""placeholder"":""LOC$o{x]0Kxa0Kni?bW;o}s.VsR*""},{""x"":0.515111083984376,""y"":0.5816913097362796,""z"":30,""id"":""62e81897-6e05-4b74-ab2c-9f3c65a9dc2b"",""type"":""text"",""width"":0,""height"":0,""fontSize"":0.01847290640394089,""fontType"":""Calibri"",""rotation"":0,""fontColor"":""#ffffff"",""textContent"":""不超過20也太浮誇😍""}],""maxZIndex"":0,""backgroundImage"":{""path"":""bg_02"",""type"":""local""}}"
"003eb18c-2b7a-41df-bae9-e24b2d9a8ee0","2024-12-24T01:05:39.629849+00:00","2024-12-18","2024-12-24T01:05:39.629849+00:00",false,"4b381455-be80-45e1-96e9-03ea15450ad8","eecd2083-81ee-4e52-a4cf-fd6687bd002d","{""id"":""f2368106-f4aa-4521-ae04-9aefec83d18d"",""items"":[{""x"":0.03511108398437494,""y"":0.11124795998258548,""z"":12,""id"":""234c052a-b797-4f7c-8ed8-98bde9b16609"",""path"":""https://zckngbdtquzqrmrpjhhx.supabase.co/storage/v1/object/public/page_photos/a25e0568-6a10-4582-9562-2c78fc211089/83d66729-5d1a-4234-9c7a-7e53af744d56.webp"",""type"":""image"",""width"":0.8982782488781199,""height"":0.23335045335311327,""rotation"":0,""placeholder"":""LCF#p{4:1Ni^_N~BI[EL?uD+-:WY""},{""x"":0.0511111246744792,""y"":0.3600164328889889,""z"":13,""id"":""3c1669be-6f22-4fa4-8f7b-3110c75d81bf"",""type"":""text"",""width"":0,""height"":0,""fontSize"":0.014778325123152709,""fontType"":""Calibri"",""rotation"":0,""fontColor"":""#000"",""textContent"":""人家收攤了但我們嘴甜誇老闆娘漂亮\n還有情勒我們從淡水來😍\n吃到夜市王第一名瑞豐夜市的蚵仔煎\n還跟老闆娘拍到照😍🧡""}],""maxZIndex"":0,""backgroundImage"":{""path"":""bg_04"",""type"":""local""}}"
"67c861d9-2104-4501-a544-b583eb615ace","2024-12-24T01:05:39.629849+00:00","2024-12-17","2024-12-24T01:05:39.629849+00:00",false,"4b381455-be80-45e1-96e9-03ea15450ad8","6eea90f5-325a-4ccf-aceb-3471c02914c0","{""id"":""0dc5638b-15d3-4e0a-a6ed-9ccca0bbf248"",""items"":[{""x"":0.3757421284838168,""y"":0.24902191520296832,""z"":33,""id"":""2ba072cb-cae3-480f-b9a7-a2a05143fb08"",""path"":""https://zckngbdtquzqrmrpjhhx.supabase.co/storage/v1/object/public/page_photos/06435e09-bc0a-4026-82a8-f1743489a5c8/4849f9e9-67d4-4739-a4a2-70995ba7c484.webp"",""type"":""image"",""width"":0.2059732387378224,""height"":0.19181583880324998,""rotation"":0,""placeholder"":""LRJQWM0L9_E2k?D*xHjFEOayoHt7""},{""x"":0.1276505642568186,""y"":0.5101721320353756,""z"":39,""id"":""6b4130a8-1b19-43c6-b156-698dec755d91"",""type"":""text"",""width"":0,""height"":0,""fontSize"":0.012910798122065728,""fontType"":""Exo2-Italic"",""rotation"":0,""fontColor"":""#000"",""textContent"":""聖誕節遊戲要用小時候的照片\n好像要猜還怎樣\n有夠難選 我的怎麼看都是我👶""},{""x"":0.31933842239186006,""y"":0.7022691825186149,""z"":71,""id"":""fdc10176-e446-4314-8803-3493ddfd411d"",""type"":""text"",""width"":0,""height"":0,""fontSize"":0.011737089201877934,""fontType"":""Calibri"",""rotation"":0,""fontColor"":""#000"",""textContent"":""要下班的時候\n聽說三樓的同事們在談心\n還講到哭 欸要哭一起哭 我也想哭\n但聽說上去會被趕下來😍\n\n我這層的同事安靜到沒人敢進來串門子\n我每天都要趁中午吃飯跑去找其他組的人聊天\n然後我也不敢在我這層樓亂叫 怕惹到脾氣差的同事🥵\n乾我真的要換組^^ 哪來的毛這麼多""},{""x"":0.3570822795838804,""y"":0.14553992401266316,""z"":11,""id"":""a6c3b0fd-4001-4bfd-a93e-5ee8ff799caf"",""path"":""https://zckngbdtquzqrmrpjhhx.supabase.co/storage/v1/object/public/page_photos/06435e09-bc0a-4026-82a8-f1743489a5c8/aade37f0-8c6c-45d4-bd19-b1eeb5c85533.webp"",""type"":""image"",""width"":0.549891180707313,""height"":0.16905670849983923,""rotation"":0,""placeholder"":""LSHB}XVs9a?wEND%Dht7?vbvs.xt""},{""x"":0.5907548511301297,""y"":0.5809859154929577,""z"":74,""id"":""2ae4d70a-beef-4ef4-a88e-2a8126d776a2"",""type"":""text"",""width"":0,""height"":0,""fontSize"":0.011737089201877934,""fontType"":""Calibri-Light"",""rotation"":0,""fontColor"":""#c1121f"",""textContent"":""不會\n他們那組都是好棒棒大姐姐""},{""x"":0.5458014684779059,""y"":0.36482785005524887,""z"":38,""id"":""688d7168-a49c-4bc4-a98b-e9966f21ca27"",""path"":""https://zckngbdtquzqrmrpjhhx.supabase.co/storage/v1/object/public/page_photos/06435e09-bc0a-4026-82a8-f1743489a5c8/886e0386-de7b-424f-b779-7f8513c743c4.webp"",""type"":""image"",""width"":0.30239600206543515,""height"":0.18632568733708801,""rotation"":0.00157690264110993,""placeholder"":""LCEfZQBOxsrwUCv~E2xt.hNfxaNG""},{""x"":0.5623409475079008,""y"":0.2676056158934401,""z"":17,""id"":""cf48f25c-62d2-4f22-9cbc-ec9752fb1db8"",""path"":""https://zckngbdtquzqrmrpjhhx.supabase.co/storage/v1/object/public/page_photos/06435e09-bc0a-4026-82a8-f1743489a5c8/9f0bf187-a51d-4081-8c2b-a4c7fa06945a.webp"",""type"":""image"",""width"":0.3847547654098244,""height"":0.11831660626452348,""rotation"":0.193274877173352,""placeholder"":""LbFr#DWB0Kxu4noK-;ayS#WBs:js""},{""x"":0.10262933396201093,""y"":0.19679187720930047,""z"":13,""id"":""1cb0ae55-52ad-4cd6-ba58-622547841bd1"",""path"":""https://zckngbdtquzqrmrpjhhx.supabase.co/storage/v1/object/public/page_photos/06435e09-bc0a-4026-82a8-f1743489a5c8/13a9f2b3-ac8d-458f-ace4-d9737586b0d9.webp"",""type"":""image"",""width"":0.3450487843419135,""height"":0.19867153178024177,""rotation"":-0.189898459463724,""placeholder"":""LeJ7%q$jD%i|4maxxGkC%gI.xtkV""},{""x"":0.11535201909887861,""y"":0.3630672866749648,""z"":37,""id"":""4f60738e-e7fe-4003-98c5-f77a840066bb"",""path"":""https://zckngbdtquzqrmrpjhhx.supabase.co/storage/v1/object/public/page_photos/06435e09-bc0a-4026-82a8-f1743489a5c8/6be30528-1a2d-4f90-b2a7-e3b240030789.webp"",""type"":""image"",""width"":0.3631327817678982,""height"":0.12562604157991433,""rotation"":0.0919351881854743,""placeholder"":""LVGbk+-nk7s:8^D%ENRj%gxuoft7""}],""maxZIndex"":0,""backgroundImage"":{""path"":""bg_04"",""type"":""local""}}"
"d5c34602-7021-4819-b86b-b50c8585604f","2024-12-24T01:05:39.629849+00:00","2024-12-17","2024-12-24T01:05:39.629849+00:00",false,"4b381455-be80-45e1-96e9-03ea15450ad8","a6300bac-4d56-49f3-9e9e-a3919a9bd8cf","{""id"":""e459cc4f-8259-458d-ad6a-dcfa784e07af"",""items"":[{""x"":0.08547007242838538,""y"":0.4684044173543495,""z"":11,""id"":""c87a497d-ff61-41f4-b2f4-ef42779964cf"",""type"":""text"",""width"":0,""height"":0,""fontSize"":0.017772511848341232,""fontType"":""Calibri"",""rotation"":0,""fontColor"":""#669bbc"",""textContent"":""今天天氣不錯\n有跟麥可去去散步""},{""x"":0.07905981601812898,""y"":0.6080173745539514,""z"":16,""id"":""f5547ac6-6d2f-42ee-9f93-7099675bd573"",""type"":""text"",""width"":0,""height"":0,""fontSize"":0.014033060857214811,""fontType"":""Calibri-Bold"",""rotation"":0,""fontColor"":""#c1121f"",""textContent"":""我媽最近說1月底計劃要來紐約找我\n剛剛跟我確定機票訂了\n總共17天 還要求我晚上必須跟她睡一起\n等於白天夜晚每分每秒都要跟她一起過\n我現在頭痛欲裂 發瘋\n\n也不是說我跟她有什麼深仇大恨\n她資助我來美國我是感恩戴德 \n一輩子還不完的\n但一想到這17天每天都會被碎唸嘮叨講道理\n就覺得心好累好累……\n求拍拍及心境調節🥹🥹""},{""x"":0.06452986888396307,""y"":0.12914691943127962,""z"":10,""id"":""367175fc-aecd-4af9-b797-5c5fe3bcb404"",""path"":""https://zckngbdtquzqrmrpjhhx.supabase.co/storage/v1/object/public/page_photos/9eb4d9fc-8130-4534-a223-1fe15643cc46/9b9bb797-53b4-4171-a17a-7a1c30eef7f3.avif"",""type"":""image"",""width"":0.5478059707574539,""height"":0.33751078767046916,""rotation"":0,""placeholder"":""LYEpD~RjIoayt.t7oIay02oLxZj?""},{""x"":0.45042736346905127,""y"":0.5015797728045853,""z"":21,""id"":""4b3d015d-f90e-43b8-9ad7-f048a960f30c"",""type"":""text"",""width"":0,""height"":0,""fontSize"":0.014368064814101304,""fontType"":""Calibri"",""rotation"":0,""fontColor"":""#000"",""textContent"":""我已經在為瘋狂中英翻譯做心理準備""}],""maxZIndex"":0,""backgroundImage"":{""path"":""bg_09"",""type"":""local""}}"
"7de6a8eb-1e67-4f04-9a31-eaff9f42d621","2024-12-24T01:05:39.629849+00:00","2024-12-18","2024-12-24T01:05:39.629849+00:00",false,"4b381455-be80-45e1-96e9-03ea15450ad8","632e3d17-8713-46e9-ab1b-604bfa3ce11f","{""id"":""3bf4e412-1ba0-4698-b7b1-e0353e986168"",""items"":[{""x"":0.15555556859725564,""y"":0.13724328895315757,""z"":3,""id"":""71e2290c-2d58-43af-9793-a0f0e15735bc"",""path"":""https://zckngbdtquzqrmrpjhhx.supabase.co/storage/v1/object/public/page_photos/2caf72af-e28f-4cc1-a20f-e8b79a48964b/950d481b-6005-4f6f-8cd9-b5ba1fc1363a.webp"",""type"":""image"",""width"":0.38795204279180767,""height"":0.318696780808436,""rotation"":0,""placeholder"":""LCIXdGIAGHOrOq4.IBrr75?G~At7""},{""x"":0.04871794871794872,""y"":0.4822274881516588,""z"":14,""id"":""1f6f15b7-6d65-4809-a8a9-7f0207f55d9f"",""type"":""text"",""width"":0,""height"":0,""fontSize"":0.018957345971563982,""fontType"":""Calibri"",""rotation"":0,""fontColor"":""#000"",""textContent"":""紅薯冰淇淋好好吃喔""}],""maxZIndex"":0,""backgroundImage"":{""path"":""bg_04"",""type"":""local""}}"
"1a19db9e-f53a-4d72-a203-701990c0e057","2024-12-24T01:05:39.629849+00:00","2024-12-18","2024-12-24T01:05:39.629849+00:00",false,"4b381455-be80-45e1-96e9-03ea15450ad8","a6300bac-4d56-49f3-9e9e-a3919a9bd8cf","{""id"":""8d058f8e-830e-4dea-9f08-02dd5fdc4bad"",""items"":[{""x"":0.07735044039212743,""y"":0.11769353495954941,""z"":4,""id"":""1db7acaa-f6da-46cf-8e42-1714d9af0a6d"",""type"":""text"",""width"":0,""height"":0,""fontSize"":0.014726242584585663,""fontType"":""Calibri"",""rotation"":0,""fontColor"":""#000"",""textContent"":""今天下午預計去中國城的天仁茗茶買茶葉\n當聖誕期間去麥可家拜訪的伴手禮\n晚點貼照片""},{""x"":0.44914529262444874,""y"":0.17910740386818366,""z"":20,""id"":""51731e50-a89a-451b-b4d7-ba9f3c51bb2f"",""path"":""https://zckngbdtquzqrmrpjhhx.supabase.co/storage/v1/object/public/page_photos/9eb4d9fc-8130-4534-a223-1fe15643cc46/4da9028f-38b0-4fed-9bcf-deac9d038283.avif"",""type"":""image"",""width"":0.522442220208959,""height"":0.321883832356231,""rotation"":0,""placeholder"":""LKI;nzI.-VRp~U%MIVRP~ASiV@Ri""},{""x"":0.02863249167417872,""y"":0.20971563981042537,""z"":26,""id"":""7a42d4b8-1417-46e9-8162-14cea7c784ee"",""path"":""https://zckngbdtquzqrmrpjhhx.supabase.co/storage/v1/object/public/page_photos/9eb4d9fc-8130-4534-a223-1fe15643cc46/ac6eb6b4-7350-4968-9ddc-e161aa6818d1.avif"",""type"":""image"",""width"":0.5079534804645205,""height"":0.3129571206653448,""rotation"":0,""placeholder"":""LGJao:4TwItSK-4=9vIVV[t8M{xt""},{""x"":0.05470088078425564,""y"":0.4103475453164337,""z"":25,""id"":""a5b61b29-1c54-466e-bef6-8190462d4a1d"",""path"":""https://zckngbdtquzqrmrpjhhx.supabase.co/storage/v1/object/public/page_photos/9eb4d9fc-8130-4534-a223-1fe15643cc46/94c83a9b-2334-4746-9d1d-561b86eff3ea.avif"",""type"":""image"",""width"":0.47919793899106156,""height"":0.2952404363452038,""rotation"":-0.000264049675831934,""placeholder"":""LHJ7~-_NXU-;KRt7oLRP9bRPM_jE""},{""x"":0.5,""y"":0.5,""z"":11,""id"":""f0ddc02c-0a8b-42e5-9d90-b7ac49f3fb67"",""type"":""text"",""width"":0,""height"":0,""fontSize"":0.035545023696682464,""fontType"":""Calibri"",""rotation"":0,""fontColor"":""#000"",""textContent"":""""},{""x"":0.5534188099396564,""y"":0.5045418581126422,""z"":30,""id"":""56514b55-ab5b-43ad-ae6d-af8c8981839d"",""type"":""text"",""width"":0,""height"":0,""fontSize"":0.014164196939162795,""fontType"":""Calibri"",""rotation"":0,""fontColor"":""#000"",""textContent"":""買完茶跑去吃鴨肉飯和腸粉\n很好吃…\n天仁的珍奶也好好喝\n這趟很快樂\n除了回家路上開始下雨的部分""}],""maxZIndex"":0,""backgroundImage"":{""path"":""bg_04"",""type"":""local""}}"
"6ee887f3-1bf0-4536-9d5a-e3c26b524728","2024-12-24T01:05:39.629849+00:00","2024-12-19","2024-12-24T01:05:39.629849+00:00",false,"4b381455-be80-45e1-96e9-03ea15450ad8","6eea90f5-325a-4ccf-aceb-3471c02914c0","{""id"":""c747c01f-8b44-4950-a2da-de4fe366a848"",""items"":[{""x"":0.14715861546174275,""y"":0.15962442210022887,""z"":9,""id"":""b6294310-23e2-4af6-bad5-7364cec61d42"",""path"":""https://zckngbdtquzqrmrpjhhx.supabase.co/storage/v1/object/public/page_photos/06435e09-bc0a-4026-82a8-f1743489a5c8/fd25cb7f-a4fa-4b43-a680-7d4d44184ab9.webp"",""type"":""image"",""width"":0.5336475303146565,""height"":0.3692314778409495,""rotation"":-6.28393199788141,""placeholder"":""LKFrbJogxtNG0LxuIUof~pxtNHxa""},{""x"":0.24639523726989898,""y"":0.5438184782932617,""z"":8,""id"":""9a059558-33dc-4abf-a0f2-705d2ba8c16e"",""type"":""text"",""width"":0,""height"":0,""fontSize"":0.02112676056338028,""fontType"":""Calibri"",""rotation"":0,""fontColor"":""#000"",""textContent"":""明天要交換禮物\n祝福我🧚‍♀️""}],""maxZIndex"":0,""backgroundImage"":{""path"":""bg_05"",""type"":""local""}}"
"3d820643-ea2d-4f7c-aeea-2fa1c618b740","2024-12-24T01:05:39.629849+00:00","2024-12-19","2024-12-24T01:05:39.629849+00:00",false,"4b381455-be80-45e1-96e9-03ea15450ad8","eecd2083-81ee-4e52-a4cf-fd6687bd002d","{""id"":""8e07c655-f18c-4770-9915-1b380627003c"",""items"":[{""x"":0.014222249348958348,""y"":0.06075532095772882,""z"":3,""id"":""25d6d68f-1fc6-4ae3-8da0-63ba4e0905ae"",""path"":""https://zckngbdtquzqrmrpjhhx.supabase.co/storage/v1/object/public/page_photos/a25e0568-6a10-4582-9562-2c78fc211089/991d4d47-3a7d-4b5c-8a09-d84ce238b9a6.webp"",""type"":""image"",""width"":0.459417375313744,""height"":0.4594173753137439,""rotation"":0,""placeholder"":""LG550DNAtAj[rsSdoMadoyjdawkE""},{""x"":0.2724444580078133,""y"":0.22372742826715517,""z"":5,""id"":""31c6d17f-25d2-4fdd-af35-aacbc3f659f3"",""type"":""text"",""width"":0,""height"":0,""fontSize"":0.013546798029556651,""fontType"":""Calibri-Bold"",""rotation"":0,""fontColor"":""#c1121f"",""textContent"":""國中到高中一講話就會3小時停不下來\n果然一拍即合還是有點基因上的根據""},{""x"":0.012,""y"":0.5055418719211823,""z"":8,""id"":""23474676-a7ac-4baa-8728-a43e3eeac423"",""path"":""https://zckngbdtquzqrmrpjhhx.supabase.co/storage/v1/object/public/page_photos/a25e0568-6a10-4582-9562-2c78fc211089/b35307c2-fcd9-472a-8de8-ce5c01d16228.webp"",""type"":""image"",""width"":0.49891576355458134,""height"":0.23143465222359483,""rotation"":0,""placeholder"":""LGIhW_D*ys%h9at7_3-n.SxvnOEM""},{""x"":0.015111104329427093,""y"":0.7339901383874446,""z"":13,""id"":""93503948-44f1-4025-879e-c3a72b1a4ae1"",""path"":""https://zckngbdtquzqrmrpjhhx.supabase.co/storage/v1/object/public/page_photos/a25e0568-6a10-4582-9562-2c78fc211089/771a9979-9bf0-4a69-ac8c-9568b4e583c5.webp"",""type"":""image"",""width"":0.9117737773171307,""height"":0.23393210624926353,""rotation"":0,""placeholder"":""LNJaG,%NR*.80LxGW=oJ_2NGoIWV""},{""x"":0.4377777709960934,""y"":0.49589490655607754,""z"":11,""id"":""2f649748-c8ff-43d3-a9b2-e18b107d9ff0"",""path"":""https://zckngbdtquzqrmrpjhhx.supabase.co/storage/v1/object/public/page_photos/a25e0568-6a10-4582-9562-2c78fc211089/8d2be24b-6ea2-4c0c-9b07-0c03e27a4edb.webp"",""type"":""image"",""width"":0.6857549644487626,""height"":0.25251321966770934,""rotation"":-0.000257293051831045,""placeholder"":""LQG[pHMI1b9v5FwZxuyDyFxtrpM|""},{""x"":0.5,""y"":0.5,""z"":17,""id"":""a67d9e52-7f29-45bc-8abe-8a65357811a3"",""type"":""text"",""width"":0,""height"":0,""fontSize"":0.03694581280788178,""fontType"":""Calibri"",""rotation"":0,""fontColor"":""#ffffff"",""textContent"":""""},{""x"":0.4795555826822907,""y"":0.42405582296437194,""z"":16,""id"":""ddb8b348-e6e9-4bb5-bd1d-7fe68c8f80cf"",""type"":""text"",""width"":0,""height"":0,""fontSize"":0.012315270935960592,""fontType"":""Calibri-Bold"",""rotation"":0,""fontColor"":""#c1121f"",""textContent"":""剪短真的會停不下來\n然後我28又要去剪頭髮了\n但這次是猶豫要不要染頭髮🥹\n但因為225要面試我好像還是先不要衝動⋯""}],""maxZIndex"":0,""backgroundImage"":{""path"":""bg_04"",""type"":""local""}}"
"b0c2e1ae-baea-4f30-9b13-08c151aa8ca9","2024-12-24T01:05:39.629849+00:00","2024-12-20","2024-12-24T01:05:39.629849+00:00",false,"4b381455-be80-45e1-96e9-03ea15450ad8","eecd2083-81ee-4e52-a4cf-fd6687bd002d","{""id"":""52db2129-fe85-4278-bcc1-6247d46a39fc"",""items"":[{""x"":-0.03333333333333333,""y"":-0.023809517545653077,""z"":7,""id"":""2a72290f-dd86-4338-9d32-8f35691e8342"",""path"":""https://zckngbdtquzqrmrpjhhx.supabase.co/storage/v1/object/public/page_photos/a25e0568-6a10-4582-9562-2c78fc211089/62bfde0f-f136-4c7e-9cac-3b81c0cbb97b.webp"",""type"":""image"",""width"":0.7066561850709546,""height"":0.5801774918480751,""rotation"":0,""placeholder"":""LLL4HCX89G?H.mxrxCV@T0R*xtt5""},{""x"":0.308,""y"":0.5320197044334976,""z"":9,""id"":""dea709b3-4e33-4e27-a916-767d1ccfd219"",""type"":""text"",""width"":0,""height"":0,""fontSize"":0.022167487684729065,""fontType"":""Calibri"",""rotation"":0,""fontColor"":""#c1121f"",""textContent"":""育瑄媽遠端投食麥當勞""},{""x"":-0.00711110432942632,""y"":0.4478653593016379,""z"":6,""id"":""f36b4f1c-2d3a-45fd-8117-106db65fb971"",""path"":""https://zckngbdtquzqrmrpjhhx.supabase.co/storage/v1/object/public/page_photos/a25e0568-6a10-4582-9562-2c78fc211089/66b14948-0b6f-4555-a632-51e12026e2ea.webp"",""type"":""image"",""width"":0.5021613235000507,""height"":0.5021613235000517,""rotation"":-0.00670884994155001,""placeholder"":""LEO;Pc?G.8%MaK%2WANFT#%2H?NF""},{""x"":0.15866666666666668,""y"":0.8243021283830911,""z"":11,""id"":""2fed874b-f994-4052-8a60-5446c1278c57"",""type"":""text"",""width"":0,""height"":0,""fontSize"":0.022167487684729065,""fontType"":""Calibri"",""rotation"":0,""fontColor"":""#c1121f"",""textContent"":""沒抽到夢幻""}],""maxZIndex"":0,""backgroundImage"":{""path"":""bg_04"",""type"":""local""}}"
"8e055151-a5fb-4371-9959-627e0b6b16b7","2024-12-24T01:05:39.629849+00:00","2024-12-20","2024-12-24T01:05:39.629849+00:00",false,"4b381455-be80-45e1-96e9-03ea15450ad8","2bdbc127-920a-432e-b1b6-1fa1ed6687a1","{""id"":""ff5da86c-2d67-4506-810b-151d505b5d56"",""items"":[],""maxZIndex"":0,""backgroundImage"":{""path"":""bg_04"",""type"":""local""}}"
"8e3fb2d7-a6c9-4bd5-aae7-b4096ab751f4","2024-12-24T01:05:39.629849+00:00","2024-12-20","2024-12-24T01:05:39.629849+00:00",false,"4b381455-be80-45e1-96e9-03ea15450ad8","632e3d17-8713-46e9-ab1b-604bfa3ce11f","{""id"":""e1366eb0-c9d6-407b-a310-fc44c657c896"",""items"":[{""x"":0.29658119006034617,""y"":0.11769351688041504,""z"":3,""id"":""f6b32de6-452e-4e09-ab99-1e4662d79e24"",""path"":""https://zckngbdtquzqrmrpjhhx.supabase.co/storage/v1/object/public/page_photos/2caf72af-e28f-4cc1-a20f-e8b79a48964b/f440895b-2b36-48fc-8e3d-5edcbfb36ecb.webp"",""type"":""image"",""width"":0.5464026311740179,""height"":0.44886156115401066,""rotation"":0,""placeholder"":""LGH_lCD+9Zoyx|ITxtWBt-.5DjVt""}],""maxZIndex"":0,""backgroundImage"":{""path"":""bg_09"",""type"":""local""}}"
"56b777d6-a2ee-40c1-803e-015024a9778c","2024-12-24T01:05:39.629849+00:00","2024-12-20","2024-12-24T01:05:39.629849+00:00",false,"4b381455-be80-45e1-96e9-03ea15450ad8","6eea90f5-325a-4ccf-aceb-3471c02914c0","{""id"":""e6809f53-5ee9-40e4-9f1c-46b9cc375e50"",""items"":[{""x"":0.5279898607093868,""y"":0.19053211122611385,""z"":48,""id"":""d6c374e6-c0b1-450a-beab-bae4eee30ad0"",""type"":""text"",""width"":0,""height"":0,""fontSize"":0.012910798122065728,""fontType"":""Calibri"",""rotation"":0,""fontColor"":""#FFF"",""textContent"":""聖母瑪卡卡""},{""x"":0.04919425828462952,""y"":0.5835289395471138,""z"":60,""id"":""e5a829eb-9fd7-43e9-841a-a3f387fda563"",""path"":""https://zckngbdtquzqrmrpjhhx.supabase.co/storage/v1/object/public/page_photos/06435e09-bc0a-4026-82a8-f1743489a5c8/f57ca234-2222-4d13-95f8-eeec0cdde1cc.webp"",""type"":""image"",""width"":0.4577860691359822,""height"":0.11864959280291314,""rotation"":0,""placeholder"":""LQJZn+RQwH-mQm-.-.$~~VE2n4s.""},{""x"":0.6649703591227838,""y"":0.4649843565175223,""z"":64,""id"":""0f255d78-a4e3-4099-8cea-7af71e861ce0"",""path"":""https://zckngbdtquzqrmrpjhhx.supabase.co/storage/v1/object/public/page_photos/06435e09-bc0a-4026-82a8-f1743489a5c8/13932dfc-3d04-43a2-a595-2d2d1d09e78a.webp"",""type"":""image"",""width"":0.2651489969997532,""height"":0.217666813887304,""rotation"":0.290105775697258,""placeholder"":""LSHm*+RnV[V[~9a#R+xF-nNIt5jG""},{""x"":0.2603901482113741,""y"":0.059859145974888964,""z"":62,""id"":""dc622547-f323-4f2e-b51c-177dd125b066"",""path"":""https://zckngbdtquzqrmrpjhhx.supabase.co/storage/v1/object/public/page_photos/06435e09-bc0a-4026-82a8-f1743489a5c8/e10b322d-02cc-4762-9a7b-7a9976da922b.webp"",""type"":""image"",""width"":0.35334447432564886,""height"":0.12611841134586618,""rotation"":0,""placeholder"":""LEBo~%%MDhv|.9WWZ}n#0#WA%2b_""},{""x"":0.3490246100583435,""y"":0.7249609002484952,""z"":33,""id"":""2e0fd812-7529-4f66-8a7f-a58147022ad0"",""type"":""text"",""width"":0,""height"":0,""fontSize"":0.014084507042253521,""fontType"":""Calibri"",""rotation"":0,""fontColor"":""#669bbc"",""textContent"":""我送這個阿哈哈哈哈哈\n口風琴\n我自己很想要😍👻🥵""},{""x"":0.0992366800478089,""y"":0.1731220746823885,""z"":59,""id"":""8749a5a4-901e-4ffe-9668-78e56525a600"",""path"":""https://zckngbdtquzqrmrpjhhx.supabase.co/storage/v1/object/public/page_photos/06435e09-bc0a-4026-82a8-f1743489a5c8/fb88fa0f-b671-4f0d-b39e-20c9b8829463.webp"",""type"":""image"",""width"":0.666681320587402,""height"":0.4612777447021984,""rotation"":0.00320334315756446,""placeholder"":""LJJQ=l}k?ajX?uxZnhxt}*IqIVRk""},{""x"":0.6217132451880051,""y"":0.7507824427644952,""z"":31,""id"":""2a457178-38b3-41d3-809c-0c677234aac5"",""path"":""https://zckngbdtquzqrmrpjhhx.supabase.co/storage/v1/object/public/page_photos/06435e09-bc0a-4026-82a8-f1743489a5c8/5886d3d5-9951-4aa1-a4e1-a36e8637a721.webp"",""type"":""image"",""width"":0.25151148120992595,""height"":0.18761275798338733,""rotation"":0.0598008222052933,""placeholder"":""LUGcGLE18xxu-:%zi_Di8{xa.7M{""},{""x"":0.11916881299200865,""y"":0.789906103286385,""z"":32,""id"":""0edda352-b177-4b95-b9f2-844e9769167b"",""type"":""text"",""width"":0,""height"":0,""fontSize"":0.015258215962441314,""fontType"":""Calibri"",""rotation"":0,""fontColor"":""#c1121f"",""textContent"":""抽到聖誕節倒數茶包盒👻\n沒抽好禮物的命^^""},{""x"":0.5144190120939695,""y"":0.1169796437724656,""z"":63,""id"":""674de02a-baeb-41c3-9b0c-c903d1dfb23c"",""path"":""https://zckngbdtquzqrmrpjhhx.supabase.co/storage/v1/object/public/page_photos/06435e09-bc0a-4026-82a8-f1743489a5c8/f2806a11-0e53-4de4-88d3-4931fc28f5ee.webp"",""type"":""image"",""width"":0.39694005284389566,""height"":0.18309558775545892,""rotation"":0,""placeholder"":""LhHKE[XSt3WC0NM|NHjZ--t6xZt6""},{""x"":0.5288380241879389,""y"":0.6032864028859025,""z"":70,""id"":""761eac3a-627d-4579-90cc-528b71e91c92"",""type"":""text"",""width"":0,""height"":0,""fontSize"":0.011737089201877934,""fontType"":""Calibri"",""rotation"":0,""fontColor"":""#FFF"",""textContent"":""我好累 \n一個晚上就把我一個月的社交能量用盡""},{""x"":0.6212892022751654,""y"":0.20892018779342722,""z"":73,""id"":""7f77a4f1-438c-48e1-8223-6a234be47bf8"",""type"":""text"",""width"":0,""height"":0,""fontSize"":0.01995305164319249,""fontType"":""Calibri"",""rotation"":0,""fontColor"":""#FFF"",""textContent"":""聖母瑪卡卡""},{""x"":-0.18447839091448984,""y"":0.20011736193732982,""z"":117,""id"":""87d4c129-62f1-4242-a7e5-e3d31055cfcc"",""path"":""https://zckngbdtquzqrmrpjhhx.supabase.co/storage/v1/object/public/page_photos/06435e09-bc0a-4026-82a8-f1743489a5c8/b93501fa-30a3-41b4-b850-174cfd098779.webp"",""type"":""image"",""width"":0.677714362845603,""height"":0.1756508959306737,""rotation"":0,""placeholder"":""LDHALLXT9xS3VaxG~8R+^IM{9bRl""},{""x"":0.1268023425386145,""y"":0.3820422714305035,""z"":104,""id"":""bd619111-56d3-44d7-8044-1d51ea0f36d4"",""type"":""text"",""width"":0,""height"":0,""fontSize"":0.009289537295329636,""fontType"":""Calibri"",""rotation"":6.27878166084354,""fontColor"":""#FFF"",""textContent"":""我組長沒來\n所以我玩+笑得很開心👶\n他在放長假 下禮拜要回來了\n我不要了\n\n不知道我還會做這份工作多久\n但我其實滿喜歡這份工作 還有其他同事\n平常打打鬧鬧講幹話 嗆馬卡卡 滿有趣的\n雖然有時候真的是會做到精神耗弱\n但每次完成後看到呈現在舞台的畫面 就又會想繼續努力下去\n\n我也知道不做動畫也可以活\n其他各種工作一大堆\n但進來這間公司工作後好像就有點半被綁住\n也不確定離職後真的可以換什麼工作\n雖然好像做什麼其實都可以好好活著\n但感覺做越久就會越難割捨\n哈👶""},{""x"":0.06573369848819186,""y"":0.2108763932062418,""z"":119,""id"":""5a80bf9b-d680-495b-84ca-6f850f715480"",""type"":""text"",""width"":0,""height"":0,""fontSize"":0.00749560133024574,""fontType"":""Calibri-Bold"",""rotation"":0,""fontColor"":""#fdf0d5"",""textContent"":""拍照等太久 老闆臉超臭😍\n我是拍照的人 但還好不是我辦的活動\n我不用負責 阿彌陀佛""}],""maxZIndex"":0,""backgroundImage"":{""path"":""bg_04"",""type"":""local""}}"
"8a7db992-848f-4c0b-93c6-a44f23786096","2024-12-24T01:05:39.629849+00:00","2024-12-21","2024-12-24T01:05:39.629849+00:00",false,"4b381455-be80-45e1-96e9-03ea15450ad8","6eea90f5-325a-4ccf-aceb-3471c02914c0","{""id"":""00d23301-3c09-4502-b346-5518982a8f8b"",""items"":[{""x"":0.08312130217030458,""y"":0.14671359711409623,""z"":22,""id"":""3963786d-4eee-45fc-a1b7-a8c084421e1c"",""path"":""https://zckngbdtquzqrmrpjhhx.supabase.co/storage/v1/object/public/page_photos/06435e09-bc0a-4026-82a8-f1743489a5c8/063456c6-95c5-42f6-8020-d0c21e33292d.webp"",""type"":""image"",""width"":0.5921162503172468,""height"":0.5921162503172465,""rotation"":-0.00272573638085971,""placeholder"":""LgD+YuVtjut7ofjYj[WV0eo|kCV@""},{""x"":0.43638669079496434,""y"":0.2323943841065587,""z"":23,""id"":""509fe4dd-7234-4238-ac5d-968a6a873635"",""type"":""text"",""width"":0,""height"":0,""fontSize"":0.01643192488262911,""fontType"":""Calibri"",""rotation"":0,""fontColor"":""#c1121f"",""textContent"":""我最近一看到這隻熊就會大笑\n荒謬到超愛""}],""maxZIndex"":0,""backgroundImage"":{""path"":""bg_04"",""type"":""local""}}"
"0b270a0b-5b56-4246-afd9-1021f8787a7a","2024-12-24T01:05:39.736214+00:00","2024-12-20","2024-12-24T01:05:39.736214+00:00",false,"4b381455-be80-45e1-96e9-03ea15450ad8","a6300bac-4d56-49f3-9e9e-a3919a9bd8cf","{""id"":""41858262-9a21-41d8-8f58-c5be02c3c0f1"",""items"":[{""x"":0.5333333724584334,""y"":0.10860980065512998,""z"":6,""id"":""793b6e49-15d1-4726-9de4-7bc15b66f8e2"",""path"":""https://zckngbdtquzqrmrpjhhx.supabase.co/storage/v1/object/public/page_photos/9eb4d9fc-8130-4534-a223-1fe15643cc46/3d5600f1-7a54-452b-8fb1-defdb6c04283.avif"",""type"":""image"",""width"":0.4361627783561641,""height"":0.268725882399532,""rotation"":0,""placeholder"":""LaG+8gRPV@V@~VM{ozx]tRRjjFf8""},{""x"":0.09615384615384616,""y"":0.5258688813702193,""z"":11,""id"":""ba73ea55-6081-4888-91b4-2a52f385d167"",""path"":""https://zckngbdtquzqrmrpjhhx.supabase.co/storage/v1/object/public/page_photos/9eb4d9fc-8130-4534-a223-1fe15643cc46/e2e1cc5b-5395-47bb-9206-0e2c8aff62de.avif"",""type"":""image"",""width"":0.8217888749745154,""height"":0.28480242408773226,""rotation"":0,""placeholder"":""LBFreO$%R:0zDN9F-:9a9Z%gaKad""},{""x"":0.05641025641025641,""y"":0.1338862559241706,""z"":3,""id"":""ada8282d-1ef3-4a0f-97f2-84f8b0398cd9"",""type"":""text"",""width"":0,""height"":0,""fontSize"":0.015402843601895734,""fontType"":""Calibri"",""rotation"":0,""fontColor"":""#000"",""textContent"":""上巴士了\n等抵達麥可爸媽家再更新\n（已經快累死）""},{""x"":0.5786324916741795,""y"":0.35110583915529625,""z"":9,""id"":""7a253144-c1c7-4155-a5c0-8f1ecee2825c"",""type"":""text"",""width"":0,""height"":0,""fontSize"":0.011848341232227487,""fontType"":""Calibri-Bold"",""rotation"":0,""fontColor"":""#FFF"",""textContent"":""附上麥可新髮型""},{""x"":0.09401710705879411,""y"":0.4194312796208531,""z"":13,""id"":""68cdd428-5e22-4158-896b-8dc5c3e40462"",""type"":""text"",""width"":0,""height"":0,""fontSize"":0.016587677725118485,""fontType"":""Calibri"",""rotation"":0,""fontColor"":""#000"",""textContent"":""成功抵達了\n但一進門就忙著寒暄沒時間拍照\n明天拍\n快累死先睡""}],""maxZIndex"":0,""backgroundImage"":{""path"":""bg_04"",""type"":""local""}}"
"43e02684-5ed5-48da-98b2-0798d01e78e1","2024-12-24T01:05:39.736214+00:00","2024-12-21","2024-12-24T01:05:39.736214+00:00",false,"4b381455-be80-45e1-96e9-03ea15450ad8","632e3d17-8713-46e9-ab1b-604bfa3ce11f","{""id"":""e6635246-bc88-48fc-83b8-e95ff5c9d410"",""items"":[{""x"":0.15940174200595947,""y"":0.13684835027179384,""z"":17,""id"":""66303a48-b3ca-4dd6-8092-f1e88808c96d"",""path"":""https://zckngbdtquzqrmrpjhhx.supabase.co/storage/v1/object/public/page_photos/2caf72af-e28f-4cc1-a20f-e8b79a48964b/45c84c45-c09f-49b1-b1c6-1bca17c9d85d.webp"",""type"":""image"",""width"":0.7321935673021154,""height"":0.5072486798845154,""rotation"":-0.00166273847661587,""placeholder"":""LUDSq3~qxuM{~q.8xuV@Ndbcxuof""},{""x"":0.43760692889873587,""y"":0.6034755074017417,""z"":18,""id"":""0d4d8f96-b9d5-4443-bffd-ae999c5312cb"",""type"":""text"",""width"":0,""height"":0,""fontSize"":0.013033175355450236,""fontType"":""Calibri"",""rotation"":0,""fontColor"":""#FFF"",""textContent"":""今年還是一個人獨美💅💅💅""},{""x"":0.3769230377979769,""y"":0.6670616294535414,""z"":19,""id"":""999e1c8b-e009-45ad-8ddb-be5544c09476"",""type"":""text"",""width"":0,""height"":0,""fontSize"":0.014218009478672985,""fontType"":""Calibri"",""rotation"":0,""fontColor"":""#669bbc"",""textContent"":""很愛看大家的生活小記\n好看多發愛大家""}],""maxZIndex"":0,""backgroundImage"":{""path"":""bg_04"",""type"":""local""}}"
"007d7ed9-b2f6-4578-9168-27134ffacbc3","2024-12-24T01:05:39.736214+00:00","2024-12-21","2024-12-24T01:05:39.736214+00:00",false,"4b381455-be80-45e1-96e9-03ea15450ad8","2bdbc127-920a-432e-b1b6-1fa1ed6687a1","{""id"":""92f94fa3-69f5-4eaf-ada1-ee22927664c7"",""items"":[{""x"":0.10771738357014213,""y"":0.629007936287449,""z"":7,""id"":""7c1f39fe-7732-4dcc-8665-489949269b07"",""type"":""text"",""width"":0,""height"":0,""fontSize"":0.01200823421774931,""fontType"":""Calibri"",""rotation"":0,""fontColor"":""#c1121f"",""textContent"":""我朋友一直跟我推薦怪獸與他們的產地兄弟檔跟鄧布利多情侶很香\n我決定明天來看""},{""x"":0.34125683483564445,""y"":0.6485967056149196,""z"":22,""id"":""37f8cc21-05fa-4d94-b034-99c96757246a"",""type"":""text"",""width"":0,""height"":0,""fontSize"":0.01200823421774931,""fontType"":""Calibri"",""rotation"":0,""fontColor"":""#669bbc"",""textContent"":""今天去等有軒家附近玩非常冷""},{""x"":0.4447984490129692,""y"":0.6705045926930804,""z"":14,""id"":""062f3530-b813-4470-ba8d-f2e058cd9dbd"",""path"":""https://zckngbdtquzqrmrpjhhx.supabase.co/storage/v1/object/public/page_photos/f7010ecc-27d2-43a4-871e-d7e647d1ee4f/51947a17-ac63-4812-b689-3f977ad98622.webp"",""type"":""image"",""width"":0.3350739700617778,""height"":0.2207257625292594,""rotation"":0,""placeholder"":""LJEL$,9GE1RO4o-pR*kC0KV@~Voe""},{""x"":0.5821130708584364,""y"":0.3686919570120846,""z"":20,""id"":""553a6dd9-a79f-4a61-84a9-3a15ca4d4bf9"",""path"":""https://zckngbdtquzqrmrpjhhx.supabase.co/storage/v1/object/public/page_photos/f7010ecc-27d2-43a4-871e-d7e647d1ee4f/2da5c2c7-d9ca-49f6-921b-db346b4de936.webp"",""type"":""image"",""width"":0.35724393333371735,""height"":0.23532994693529463,""rotation"":0,""placeholder"":""LEDS:stR9ZkD?wbGxtof_4RPxtt7""},{""x"":0.06690193663040812,""y"":0.6793687367591968,""z"":10,""id"":""31c8e033-eeb2-44c9-a139-0b03b68dd287"",""path"":""https://zckngbdtquzqrmrpjhhx.supabase.co/storage/v1/object/public/page_photos/f7010ecc-27d2-43a4-871e-d7e647d1ee4f/87fafdba-9ddb-46d0-b1c9-a60527eaa753.webp"",""type"":""image"",""width"":0.37406015677154236,""height"":0.24640742257594786,""rotation"":0.01803303000922,""placeholder"":""L3H-V:4T00PC00G^9_4o0002.S?v""},{""x"":0.06754192610581726,""y"":0.015282494042406137,""z"":6,""id"":""959b2a3a-dc22-4426-ba92-56475182b6bb"",""path"":""https://zckngbdtquzqrmrpjhhx.supabase.co/storage/v1/object/public/page_photos/f7010ecc-27d2-43a4-871e-d7e647d1ee4f/bf5f53cb-cc18-470f-8777-247fa86e0757.webp"",""type"":""image"",""width"":0.5259247792324634,""height"":0.5774105535946563,""rotation"":0.0571462389496564,""placeholder"":""L49t7N}+Rk4?019bRk?ZM{Rjsle-""}],""maxZIndex"":0,""backgroundImage"":{""path"":""bg_04"",""type"":""local""}}"
"9c585e8e-7564-4b3c-a167-0eda2799cbfa","2024-12-24T01:05:39.736214+00:00","2024-12-21","2024-12-24T01:05:39.736214+00:00",false,"4b381455-be80-45e1-96e9-03ea15450ad8","eecd2083-81ee-4e52-a4cf-fd6687bd002d","{""id"":""e42ab53a-7b16-4cdc-8d25-1077cec5accf"",""items"":[{""x"":0.5986666259765626,""y"":0.2770935960591133,""z"":68,""id"":""a2148291-93b6-4498-9d1b-fcb80f7daba0"",""type"":""text"",""width"":0,""height"":0,""fontSize"":0.013546798029556651,""fontType"":""Calibri-Bold"",""rotation"":0,""fontColor"":""#000"",""textContent"":""要不是錢會用光\n還真希望天天放假\n天天見朋友\n天天出去玩\n賺錢就是為了與愛人們相聚""},{""x"":0.28933333333333333,""y"":0.5439244726021293,""z"":65,""id"":""7d9d4bad-0725-49d6-9b1d-70ca1ac02df6"",""type"":""text"",""width"":0,""height"":0,""fontSize"":0.01847290640394089,""fontType"":""Calibri-Bold"",""rotation"":0,""fontColor"":""#FFC300"",""textContent"":""我也好期待收到好吃的\n阿姆阿姆""},{""x"":0.10444445800781253,""y"":0.1941707968124606,""z"":73,""id"":""1b973163-bc3c-45b1-8cf9-e2c8bc59a9b2"",""type"":""text"",""width"":0,""height"":0,""fontSize"":0.017241379310344827,""fontType"":""Calibri"",""rotation"":0,""fontColor"":""#ffffff"",""textContent"":""剛剛回家找到了""},{""x"":0.56533331298828,""y"":0.06937603880031946,""z"":67,""id"":""0a10a4e3-72cb-4c57-8c61-e93b0b93d3e4"",""path"":""https://zckngbdtquzqrmrpjhhx.supabase.co/storage/v1/object/public/page_photos/a25e0568-6a10-4582-9562-2c78fc211089/b58aec0f-f040-4471-be86-2c4754119d89.webp"",""type"":""image"",""width"":0.42675203593074934,""height"":0.2502650926171404,""rotation"":0,""placeholder"":""LFK1zV-=0fslbHNHnit7JCIAI9x]""},{""x"":0.025333312988281065,""y"":0.55275043243258,""z"":27,""id"":""17ac8077-c93c-40af-9df4-815d09821b7e"",""path"":""https://zckngbdtquzqrmrpjhhx.supabase.co/storage/v1/object/public/page_photos/a25e0568-6a10-4582-9562-2c78fc211089/5a0f6af3-41d1-4620-ad38-209c3c372c25.webp"",""type"":""image"",""width"":0.5052476988543253,""height"":0.4261300657509741,""rotation"":0,""placeholder"":""LPIEz]%Mjebc.AR*t6aK^jXRRjn$""},{""x"":0.5577777913411467,""y"":0.8468801376267611,""z"":44,""id"":""a015bce8-bfc7-4fbe-8550-070d303d4b98"",""type"":""text"",""width"":0,""height"":0,""fontSize"":0.020935960591133004,""fontType"":""Calibri"",""rotation"":0,""fontColor"":""#000"",""textContent"":""謝謝天才意見\n明天去逛Áesop""},{""x"":0.0715555013020832,""y"":0.3107553303535357,""z"":43,""id"":""714aafaf-0cf5-4b8c-ab8f-62c2d4d0f8d9"",""type"":""text"",""width"":0,""height"":0,""fontSize"":0.02586206896551724,""fontType"":""Calibri-Bold"",""rotation"":0,""fontColor"":""#c1121f"",""textContent"":""需要交換禮物意見\n大量徵求\n拜託\n預算1000""},{""x"":0.462666666666664,""y"":0.7188013011011588,""z"":62,""id"":""22dea546-9d04-4973-8438-1df8b5496c6d"",""type"":""text"",""width"":0,""height"":0,""fontSize"":0.013546798029556651,""fontType"":""Calibri-Bold"",""rotation"":0,""fontColor"":""#c1121f"",""textContent"":""哪個小天才給的意見\n我覺得電子雞很棒\n但我瘋狂被我媽打槍\n不過我覺得這個很可愛 大家覺得呢""},{""x"":0.6546666666666666,""y"":0.4437602752535209,""z"":63,""id"":""e59a90a9-e73d-4df2-a138-3e19da96a64f"",""type"":""text"",""width"":0,""height"":0,""fontSize"":0.022167487684729065,""fontType"":""Calibri"",""rotation"":0,""fontColor"":""#ffffff"",""textContent"":""我媽的💩""},{""x"":0.0497777506510416,""y"":0.1028325217110771,""z"":72,""id"":""d2b5ee89-d5cf-4a1b-a379-c9af800c2846"",""type"":""text"",""width"":0,""height"":0,""fontSize"":0.01196706468398149,""fontType"":""Calibri"",""rotation"":-0.00540912326771492,""fontColor"":""#000"",""textContent"":""很煩早上出門拿太多東西\n（幫家人帶禮盒回竹南，然後淡水下大雨還要拿傘）\n我的悠遊卡很像掉在路上 或家裡\n我就很痛苦 每次講了就會被罵\n但每次我室友不見東西的時候我也是很翻白眼\n不是啊就都不要掉東西\n而且這幾年掉東西的次數已經低很多很多\n就連大家一起出國掉東西的都不是我\n還要安撫說「沒事沒關係不見我們再想辦法」\n但每次我東西不見要承受的都是\n「阿怎麼又是你？」「欸Yui妳真的很冒失欸」\n「你的人生真的都在掉東西耶」\n今年我敢保證家裡十次有人掉東西9次都不是我\n好生氣有夠不爽 就抱怨\n""},{""x"":0.5639999796549467,""y"":0.3745895160242845,""z"":61,""id"":""527db867-776b-4e69-af0e-c87c7bca6a56"",""path"":""https://zckngbdtquzqrmrpjhhx.supabase.co/storage/v1/object/public/page_photos/a25e0568-6a10-4582-9562-2c78fc211089/1ce35164-25e1-411d-b377-4221cb51a4da.webp"",""type"":""image"",""width"":0.42938683826486135,""height"":0.35253434997115024,""rotation"":-0.0268237661407662,""placeholder"":""LME2qH0MW.s9?FR-bFs-s+SPnhof""}],""maxZIndex"":0,""backgroundImage"":{""path"":""bg_05"",""type"":""local""}}"
"87a0f831-cf0d-4cbc-bb0e-b49a5f91cd5e","2024-12-24T01:05:39.736214+00:00","2024-12-21","2024-12-24T01:05:39.736214+00:00",false,"4b381455-be80-45e1-96e9-03ea15450ad8","a6300bac-4d56-49f3-9e9e-a3919a9bd8cf","{""id"":""24e5edfc-dc17-4c56-b834-0e41131a100f"",""items"":[{""x"":0.09145296536959127,""y"":0.10920220867717428,""z"":28,""id"":""ac6fc50e-fb7a-4fed-b8f1-5e2a715e5ea2"",""path"":""https://zckngbdtquzqrmrpjhhx.supabase.co/storage/v1/object/public/page_photos/9eb4d9fc-8130-4534-a223-1fe15643cc46/19e99f4f-26c7-48d1-85e8-399ddbf1ef36.avif"",""type"":""image"",""width"":0.37471246307267947,""height"":0.23086549857558292,""rotation"":0.103273311433422,""placeholder"":""LCH2G.?G-o~q_2I99GkBtQ_3%MIU""},{""x"":0.5641025641025641,""y"":0.31398104265402843,""z"":47,""id"":""a97e86ba-d669-414d-ada1-2be10202dd30"",""type"":""text"",""width"":0,""height"":0,""fontSize"":0.011848341232227487,""fontType"":""Calibri-Bold"",""rotation"":0,""fontColor"":""#FFF"",""textContent"":""麥可爸媽家的狗勾Lexi""},{""x"":0.09743589743589744,""y"":0.5999210050320735,""z"":41,""id"":""55666ca3-da87-4401-b1f6-e3b7cc3ef7e0"",""type"":""text"",""width"":0,""height"":0,""fontSize"":0.014218009478672985,""fontType"":""Calibri-Bold"",""rotation"":0,""fontColor"":""#000"",""textContent"":""今天早起跟麥可一家人去附近健行\n颳風很冷還飄雪 但有出太陽""},{""x"":0.4465811704978,""y"":0.3378751944591647,""z"":40,""id"":""03c0ef03-b80a-47ac-aba8-6ba4c669b9ab"",""path"":""https://zckngbdtquzqrmrpjhhx.supabase.co/storage/v1/object/public/page_photos/9eb4d9fc-8130-4534-a223-1fe15643cc46/42aa60d6-1076-4bdc-8aea-daacb3607a29.avif"",""type"":""image"",""width"":0.4626201477051205,""height"":0.2850266312875142,""rotation"":0.0563653559619937,""placeholder"":""LNIrBC%hRNoct:%NoztR.T%3t7WB""},{""x"":0.07735044039212743,""y"":0.36038705183996445,""z"":27,""id"":""3bc8d07e-d630-4cbd-b538-00826636783a"",""path"":""https://zckngbdtquzqrmrpjhhx.supabase.co/storage/v1/object/public/page_photos/9eb4d9fc-8130-4534-a223-1fe15643cc46/c1b811a2-79e7-4ccb-b784-955dc741dff3.avif"",""type"":""image"",""width"":0.3666371478732051,""height"":0.22589018589344315,""rotation"":-0.0651445116842342,""placeholder"":""LTDm8b%Mt7of_NxtbIWB%Mj]WCM{""},{""x"":0.49273507533929484,""y"":0.1068325585098634,""z"":30,""id"":""1787ae34-a3bb-41f9-a48c-1e1ad968a41a"",""path"":""https://zckngbdtquzqrmrpjhhx.supabase.co/storage/v1/object/public/page_photos/9eb4d9fc-8130-4534-a223-1fe15643cc46/8fa2cb26-3dbb-4b53-9707-447db9ed969a.avif"",""type"":""image"",""width"":0.37770083697163076,""height"":0.23270667680716586,""rotation"":-0.0534139719107046,""placeholder"":""LQGl6k=^ITR:}~M{D+oHA3E3RO%M""},{""x"":0.19316238012069306,""y"":0.12164295793144668,""z"":46,""id"":""7b627e5e-0a2a-44d5-8d44-91e01f385794"",""type"":""text"",""width"":0,""height"":0,""fontSize"":0.011848341232227487,""fontType"":""Calibri-Bold"",""rotation"":0,""fontColor"":""#000"",""textContent"":""他爸媽最近搬新家\n美輪美奐""}],""maxZIndex"":0,""backgroundImage"":{""path"":""bg_05"",""type"":""local""}}"
"73555e3d-71c5-4e07-be5d-4064d8372bcc","2024-12-24T01:05:39.629849+00:00","2024-12-13","2024-12-24T22:51:22.349856+00:00",false,"4b381455-be80-45e1-96e9-03ea15450ad8","632e3d17-8713-46e9-ab1b-604bfa3ce11f","{""id"":""6a7b5279-0d9c-470e-b6b7-092cfbb92f5d"",""items"":[{""x"":0.10470088078425488,""y"":0.13408371622528553,""z"":4,""id"":""070581a9-2859-455b-8150-bc1e13fe269c"",""path"":""https://zckngbdtquzqrmrpjhhx.supabase.co/storage/v1/object/public/page_photos/2caf72af-e28f-4cc1-a20f-e8b79a48964b/bf6a23b1-40c2-4601-a5aa-0c0552f22d48.webp"",""type"":""image"",""width"":0.497344148812659,""height"":0.4085607541588981,""rotation"":0,""placeholder"":""LFG[i[i^8_I]0MobM^IATeR$D%x[""},{""x"":0.6495726756560487,""y"":0.397709326721481,""z"":6,""id"":""12b9a414-aa36-4481-95e8-d684fe068c9a"",""type"":""text"",""width"":0,""height"":0,""fontSize"":0.02132701421800948,""fontType"":""Calibri"",""rotation"":0,""fontColor"":""#000"",""textContent"":""好了啦超大碗""},{""x"":0.5846153454902846,""y"":0.4928909952606635,""z"":15,""id"":""1723bd3d-8d05-4ae5-b8d4-5542ea81b2ff"",""type"":""text"",""width"":0,""height"":0,""fontSize"":0.014218009478672985,""fontType"":""Calibri"",""rotation"":0,""fontColor"":""#c1121f"",""textContent"":""海鮮湯麵！有大概 四種貝類？""},{""x"":0.20854703463040872,""y"":0.6508688904097856,""z"":12,""id"":""3fc79a26-cf40-4f41-8a7e-68601fd00a92"",""type"":""text"",""width"":0,""height"":0,""fontSize"":0.013033175355450236,""fontType"":""Calibri-Light"",""rotation"":0,""fontColor"":""#669bbc"",""textContent"":""今天有練吉他\n講了好幾年想去上課\n到現在還沒去  準備要去了（應該啦🥵""},{""x"":0.5239315913273744,""y"":0.5185624072902014,""z"":10,""id"":""c2c5f902-d019-4e6c-a36d-b980d173cc7b"",""path"":""https://zckngbdtquzqrmrpjhhx.supabase.co/storage/v1/object/public/page_photos/2caf72af-e28f-4cc1-a20f-e8b79a48964b/10f55916-c7ab-473f-aff7-52aaeea5c91b.webp"",""type"":""image"",""width"":0.4757565725581923,""height"":0.3908268842500142,""rotation"":0,""placeholder"":""LTF~X8N2M_o}~qn$IUxu%hNGVto2""}],""maxZIndex"":0,""backgroundImage"":{""path"":""bg_04"",""type"":""local""}}"
"1187a5ee-5c3b-4d7a-8426-16759ef0f121","2024-12-24T01:05:39.736214+00:00","2024-12-22","2024-12-24T01:05:39.736214+00:00",false,"4b381455-be80-45e1-96e9-03ea15450ad8","6eea90f5-325a-4ccf-aceb-3471c02914c0","{""id"":""373e180d-d707-4fdf-a25f-eedf4f26e85b"",""items"":[{""x"":0.10474982031125803,""y"":0.4921752768503099,""z"":15,""id"":""8250dad5-3bc5-4cb2-a762-e77ce52b4c33"",""path"":""https://zckngbdtquzqrmrpjhhx.supabase.co/storage/v1/object/public/page_photos/06435e09-bc0a-4026-82a8-f1743489a5c8/60f63985-7e46-4477-aae0-a0064d232894.webp"",""type"":""image"",""width"":0.39638534234575823,""height"":0.3250483871505129,""rotation"":-0.125984987658239,""placeholder"":""LJIhKdxt9tWE?]%LR5D*DioyE2n+""},{""x"":0.30661577608142493,""y"":0.1694053327533568,""z"":7,""id"":""68ed9ecf-f3b2-4d61-ab10-5a3c2d9f84c3"",""type"":""text"",""width"":0,""height"":0,""fontSize"":0.014084507042253521,""fontType"":""Calibri"",""rotation"":0,""fontColor"":""#c1121f"",""textContent"":""今天吃福勝亭 配AE😍""},{""x"":0.5585241730279898,""y"":0.744131455399061,""z"":18,""id"":""596c885a-43e8-4ce8-b653-a16c8f204499"",""type"":""text"",""width"":0,""height"":0,""fontSize"":0.012910798122065728,""fontType"":""Calibri"",""rotation"":0,""fontColor"":""#000"",""textContent"":""久違的在假日的午後躺在床上\n準備來睡\n晚安""},{""x"":0.5,""y"":0.5,""z"":20,""id"":""c74e61a0-70c1-4bf5-a932-59c2be7d77c2"",""type"":""text"",""width"":0,""height"":0,""fontSize"":0.011737089201877934,""fontType"":""Calibri"",""rotation"":0,""fontColor"":""#000"",""textContent"":""最近一直聽到同事在說時間過的好快\n（包括我自己也覺得）\n忙一忙就年底了\n回頭看今年在幹嘛都覺得好遙遠\n跟會忘記自己某年某月某日到底做了甚麼\n我覺得他們都需要這個app\n請麥可堅持開發下去""}],""maxZIndex"":0,""backgroundImage"":{""path"":""bg_04"",""type"":""local""}}"
"7274fbe1-b456-4f6a-9c0c-73752197417a","2024-12-24T01:05:39.736214+00:00","2024-12-23","2024-12-24T01:05:39.736214+00:00",false,"4b381455-be80-45e1-96e9-03ea15450ad8","2bdbc127-920a-432e-b1b6-1fa1ed6687a1","{""id"":""901c8d05-a615-49b4-8c18-2dbefca1413c"",""items"":[{""x"":0.05600783692465895,""y"":0.07688701360027174,""z"":3,""id"":""c1458137-4620-4d7a-b88d-64f388679352"",""path"":""https://zckngbdtquzqrmrpjhhx.supabase.co/storage/v1/object/public/page_photos/f7010ecc-27d2-43a4-871e-d7e647d1ee4f/15262a48-b365-40d2-8884-01f8b82b2131.webp"",""type"":""image"",""width"":0.8160491077526919,""height"":0.30237867213160147,""rotation"":0.0110602307795038,""placeholder"":""L9A,LGM_0zaK0L~V#kEMpcD*?GNG""}],""maxZIndex"":0,""backgroundImage"":{""path"":""bg_04"",""type"":""local""}}"
"4d639118-5365-4f18-8f7e-716c6996cbee","2024-12-24T01:05:39.736214+00:00","2024-12-23","2024-12-24T01:05:39.736214+00:00",false,"4b381455-be80-45e1-96e9-03ea15450ad8","632e3d17-8713-46e9-ab1b-604bfa3ce11f","{""id"":""be2bbf67-a77b-4b01-b578-27059be17475"",""items"":[{""x"":0.12051282051282051,""y"":0.2962085308056872,""z"":3,""id"":""37f52df1-31da-4225-9234-4e7b93b205e1"",""type"":""text"",""width"":0,""height"":0,""fontSize"":0.011848341232227487,""fontType"":""Calibri"",""rotation"":0,""fontColor"":""#000"",""textContent"":""按照自己安排的進度完成東西\n九點多開始躺在床上看了一個多小時的書\n今天的我已經太有效率了\n\n都已經過了忙季才在記錄工作日誌 唉 爆炸得要死的時候都沒記錄到\n會不會檢查完我的工作日誌主管覺得我太閒啊 笑死\n我的工作真的可大可小 可以當一個小編也可以當一個巨人\n但我是個膽小鬼ㄏㄏ 常常也不知道怎麼做才是對的\n有流量還是深度 有時候兩個都沒有😇😇 恨自己不夠聰明機智ㄤ""}],""maxZIndex"":0,""backgroundImage"":{""path"":""bg_04"",""type"":""local""}}"
"ee6de057-a91d-4175-820c-3f6b47418ded","2024-12-24T01:05:39.736214+00:00","2024-12-22","2024-12-24T01:05:39.736214+00:00",false,"4b381455-be80-45e1-96e9-03ea15450ad8","632e3d17-8713-46e9-ab1b-604bfa3ce11f","{""id"":""55da4e44-5f3d-4e5b-a8d1-605c60fa0608"",""items"":[{""x"":0.10427347819010409,""y"":0.8025276401031635,""z"":7,""id"":""9a2f9efd-e385-4876-9b83-5de8eca4928b"",""type"":""text"",""width"":0,""height"":0,""fontSize"":0.011848341232227487,""fontType"":""Calibri"",""rotation"":0,""fontColor"":""#FFF"",""textContent"":""今天在石門水庫走走～真的是離我家蠻近ㄉ\n福岡戒斷症狀中嗚嗚\n走路18分鐘可以到任何地方真是太方便了""},{""x"":-0.17008545704376998,""y"":-0.016587677725118485,""z"":5,""id"":""7e89b045-72ef-4371-bf02-0feaea5998cd"",""path"":""https://zckngbdtquzqrmrpjhhx.supabase.co/storage/v1/object/public/page_photos/2caf72af-e28f-4cc1-a20f-e8b79a48964b/f885a724-febf-4e3d-886f-75c080bba261.webp"",""type"":""image"",""width"":1.3268093741818665,""height"":1.0899539882694633,""rotation"":0,""placeholder"":""LGGRbO%N0i%Kv~jvShS44WnhtMNH""},{""x"":0.6572649050981589,""y"":0.5469984081684135,""z"":11,""id"":""4c336b0f-b425-40ba-87a5-2c001b14b0e6"",""type"":""text"",""width"":0,""height"":0,""fontSize"":0.022511848341232227,""fontType"":""Calibri"",""rotation"":0,""fontColor"":""#c1121f"",""textContent"":""幹 已提告""}],""maxZIndex"":0,""backgroundImage"":{""path"":""bg_04"",""type"":""local""}}"
"3a8605d4-dc33-4158-a2be-a09543bb94cf","2024-12-24T01:05:39.736214+00:00","2024-12-22","2024-12-24T01:05:39.736214+00:00",false,"4b381455-be80-45e1-96e9-03ea15450ad8","eecd2083-81ee-4e52-a4cf-fd6687bd002d","{""id"":""1b84108b-4ac5-42a4-a31f-1b124b4bcfca"",""items"":[{""x"":0.08222220865885334,""y"":0.5784072312228201,""z"":16,""id"":""52977827-f6ee-4815-876c-a9186320e26b"",""type"":""text"",""width"":0,""height"":0,""fontSize"":0.014778325123152709,""fontType"":""Calibri"",""rotation"":0,""fontColor"":""#ffffff"",""textContent"":""很久違地去了北美館\n今天跟我新認識的萌桑一起去\n她帶了一位明天要飛回去大阪的孩子一起來玩\n跟不同人來感覺很不一樣\n想到我們一起來已經是很久很久以前的事了\n看到一樣的角落但你們都不在\n有點感傷 想人了""},{""x"":0.32044445800781335,""y"":0.7902298725297302,""z"":17,""id"":""151bd777-5f33-4230-aa4a-d80e1d2252d6"",""type"":""text"",""width"":0,""height"":0,""fontSize"":0.029556650246305417,""fontType"":""Calibri-Bold"",""rotation"":0,""fontColor"":""#c1121f"",""textContent"":""姐妹們 走""},{""x"":0.05911116536458347,""y"":0.10283253110688313,""z"":14,""id"":""30b49304-0dc6-4898-814c-8af3f1d9c626"",""path"":""https://zckngbdtquzqrmrpjhhx.supabase.co/storage/v1/object/public/page_photos/a25e0568-6a10-4582-9562-2c78fc211089/e9e912f5-cc7f-4e81-83da-518d3543025a.webp"",""type"":""image"",""width"":0.71840103110364,""height"":0.5898202225809852,""rotation"":0,""placeholder"":""LGG8v2s9Vst7NGkBWCj[0gkCShWB""},{""x"":0.49288887532552,""y"":0.2701149550564766,""z"":8,""id"":""75ba192e-0d7c-43f5-b26e-c0039a5d62ab"",""type"":""text"",""width"":0,""height"":0,""fontSize"":0.01600985221674877,""fontType"":""Calibri"",""rotation"":0,""fontColor"":""#ffffff"",""textContent"":""看起來都很貴的貓""}],""maxZIndex"":0,""backgroundImage"":{""path"":""bg_04"",""type"":""local""}}"
"2203269c-a768-4ebd-83d9-7e52e594d9c0","2024-12-24T01:05:39.736214+00:00","2024-12-23","2024-12-24T01:05:39.736214+00:00",false,"4b381455-be80-45e1-96e9-03ea15450ad8","eecd2083-81ee-4e52-a4cf-fd6687bd002d","{""id"":""60229f5b-872a-47a8-8891-8097b17e3377"",""items"":[{""x"":0.16044441731770745,""y"":0.18226600985221675,""z"":10,""id"":""377fa2b1-3344-499d-96ec-e76e9ea5ad29"",""type"":""text"",""width"":0,""height"":0,""fontSize"":0.01600985221674877,""fontType"":""Calibri"",""rotation"":0,""fontColor"":""#669bbc"",""textContent"":""幹聊一聊本來覺得還不錯\n結果電話一打又下頭🐸咧\n大家見面前真的要打電話\n聲音好重要\n對不起 我辦不到\n#無法給你一個家\n\n每次被傷害完又只好回去找日本男\n至少聲音好聽腦袋清晰🐸咧2\n明明是為了對日本男下頭才去找新對象\n怎麼越找越沒信心 頭很痛\n到底一樣標準的人哪裡找""}],""maxZIndex"":0,""backgroundImage"":{""path"":""bg_04"",""type"":""local""}}"
"06904959-e6d3-4b2d-9766-d3399a9369e8","2024-12-24T01:05:39.629849+00:00","2024-12-13","2024-12-24T22:52:22.792377+00:00",false,"4b381455-be80-45e1-96e9-03ea15450ad8","6eea90f5-325a-4ccf-aceb-3471c02914c0","{""id"":""4ac75d4d-d523-461f-a235-857b6d02554d"",""items"":[{""x"":0.36301950158660307,""y"":0.15297340787072652,""z"":33,""id"":""1d650e7f-8a54-4db6-9114-a3cbdba7b5c1"",""path"":""https://zckngbdtquzqrmrpjhhx.supabase.co/storage/v1/object/public/page_photos/06435e09-bc0a-4026-82a8-f1743489a5c8/b9dcea34-cac2-4d3a-80c0-2e48d454d772.webp"",""type"":""image"",""width"":0.5733437551004656,""height"":0.4701598242138404,""rotation"":0.00693436804677683,""placeholder"":""LLB3f;-:x]%L~V.7x[xuX8-:%1oy""},{""x"":0.31679389312977096,""y"":0.5997652403065868,""z"":12,""id"":""50bec885-108d-4e79-85a0-09787c0f210f"",""path"":""https://zckngbdtquzqrmrpjhhx.supabase.co/storage/v1/object/public/page_photos/06435e09-bc0a-4026-82a8-f1743489a5c8/47813673-b16c-417a-8bfc-3f189f88aed1.webp"",""type"":""image"",""width"":0.3277310169323537,""height"":0.20156226862975704,""rotation"":0,""placeholder"":""LNI#lcof9a9G_NM{bIM{~oxu%Lof""},{""x"":0.40670054195491345,""y"":0.4186228541701056,""z"":43,""id"":""b42bc2b7-5a59-4c2b-82af-f87a45d4da36"",""type"":""text"",""width"":0,""height"":0,""fontSize"":0.012910798122065728,""fontType"":""Calibri-Light"",""rotation"":0,""fontColor"":""#669bbc"",""textContent"":""今天有練吉他\n講了好幾年想去上課\n到現在還沒去  準備要去了（應該啦🥵""},{""x"":0.1895674300254453,""y"":0.5250391176608803,""z"":36,""id"":""dad7411e-cdf8-4602-9f02-e69c5e174f18"",""type"":""text"",""width"":0,""height"":0,""fontSize"":0.012910798122065728,""fontType"":""Calibri-Light"",""rotation"":0,""fontColor"":""#000"",""textContent"":""同事跟卡卡穿很像的外套\n同事快氣死""},{""x"":0.11535199968566107,""y"":0.49647888219412445,""z"":35,""id"":""f19fb3f9-a3dd-4f0f-8db2-5a84a8aa58d1"",""path"":""https://zckngbdtquzqrmrpjhhx.supabase.co/storage/v1/object/public/page_photos/06435e09-bc0a-4026-82a8-f1743489a5c8/d9794ab5-c753-44a2-a729-349a9a1ab012.webp"",""type"":""image"",""width"":0.5897118889564249,""height"":0.3626866547102899,""rotation"":0,""placeholder"":""LVIhZ~j]9aRj~pj[ofju-oxtxuf+""}],""maxZIndex"":0,""backgroundImage"":{""path"":""bg_04"",""type"":""local""}}"
"c81b31e1-5275-40ce-8487-2824c31fa45e","2024-12-26T04:17:34.126998+00:00","2024-12-25","2024-12-26T15:30:21.861706+00:00",false,"4b381455-be80-45e1-96e9-03ea15450ad8","a6300bac-4d56-49f3-9e9e-a3919a9bd8cf","{""id"":""c81b31e1-5275-40ce-8487-2824c31fa45e"",""items"":[{""x"":0.5371794676169371,""y"":0.20497632139666958,""z"":36,""id"":""2d2342d3-f050-4fe8-905a-a2e2f1097dcb"",""path"":""https://zckngbdtquzqrmrpjhhx.supabase.co/storage/v1/object/public/page_photos/9eb4d9fc-8130-4534-a223-1fe15643cc46/2d2342d3-f050-4fe8-905a-a2e2f1097dcb.webp"",""type"":""image"",""width"":0.4338865152721292,""height"":0.267323445428326,""rotation"":0.016120612078275087,""placeholder"":""LAEoxmD%#RTJyG-:M_bw^S%KFxeT""},{""x"":0.13717946761693703,""y"":0.5859004829732163,""z"":29,""id"":""1d87932e-5caa-4f0c-8a9f-48f3ef29043b"",""path"":""https://zckngbdtquzqrmrpjhhx.supabase.co/storage/v1/object/public/page_photos/9eb4d9fc-8130-4534-a223-1fe15643cc46/1d87932e-5caa-4f0c-8a9f-48f3ef29043b.webp"",""type"":""image"",""width"":0.71866250019046,""height"":0.24906253709207293,""rotation"":-0.010098809791202812,""placeholder"":""LIL|rxDiIp?b_M-;xZ-;.SRiRjt8""},{""x"":0.5641025249774639,""y"":0.48657188596318685,""z"":35,""id"":""df2e16ef-7a75-49c5-8a91-842125a42afa"",""type"":""text"",""width"":0,""height"":0,""fontSize"":0.011848341232227487,""fontType"":""Calibri-Bold"",""rotation"":0,""fontColor"":""#000"",""textContent"":""🎄聖誕節🎄\n開了好多禮物 全部忘記拍照\n越開越覺得愧疚自己回送太少\n打算新年的時候補送禮物🥲🥲""},{""x"":0.4974359365609976,""y"":0.5987361709088511,""z"":30,""id"":""40b591cc-9916-4ba0-a542-90b8d59405e1"",""type"":""text"",""width"":0,""height"":0,""fontSize"":0.011848341232227487,""fontType"":""Calibri-Bold"",""rotation"":0,""fontColor"":""#000"",""textContent"":""聖誕襪裡收到一個七巧板\n剛好變成完美飯後娛樂""},{""x"":0.06880340576171876,""y"":0.2549368058335725,""z"":33,""id"":""3424e0c7-c277-4957-83ed-b0cf221d6bde"",""type"":""text"",""width"":0,""height"":0,""fontSize"":0.17772511848341233,""fontType"":""Calibri"",""rotation"":0,""fontColor"":""#000"",""textContent"":""🌲""},{""x"":0.08504270895933494,""y"":0.13052921385561686,""z"":32,""id"":""0570bc31-281f-4133-a810-8968fdffb256"",""type"":""text"",""width"":0,""height"":0,""fontSize"":0.02512580761876365,""fontType"":""Calibri-Bold"",""rotation"":0,""fontColor"":""#c1121f"",""textContent"":""聖誕節快樂🤶\n請大家幫忙裝飾\n我的聖誕樹⬇️""},{""x"":0.1376068115234375,""y"":0.5268562280736263,""z"":37,""id"":""a753c58a-6dea-4cbf-ad88-875662aa7a43"",""type"":""text"",""width"":0,""height"":0,""fontSize"":0.016587677725118485,""fontType"":""Calibri"",""rotation"":0,""fontColor"":""#669bbc"",""textContent"":""沒有PS5 \n但有奧術設定集🥹""},{""x"":0.2940171070587941,""y"":0.8763823125034712,""z"":38,""id"":""966fbad9-8988-4590-8d37-37eebfb43669"",""type"":""text"",""width"":0,""height"":0,""fontSize"":0.018957345971563982,""fontType"":""Calibri"",""rotation"":0,""fontColor"":""#669bbc"",""textContent"":""他一直問我要不要刮\n但我好像有點習慣摸他鬍子了""}],""maxZIndex"":38,""backgroundImage"":{""path"":""bg_05"",""type"":""local""}}"
"7949a7a2-c31a-4a98-8f6f-a9a8b88786c0","2024-12-28T12:44:10.753447+00:00","2024-12-28","2024-12-28T12:44:10.753447+00:00",false,"4b381455-be80-45e1-96e9-03ea15450ad8","632e3d17-8713-46e9-ab1b-604bfa3ce11f","{""id"":""7949a7a2-c31a-4a98-8f6f-a9a8b88786c0"",""items"":[{""x"":0.11965807401216948,""y"":0.17476302413578848,""z"":1,""id"":""1aa48c85-1c43-4ce5-8771-fbe9decde0ba"",""path"":""https://zckngbdtquzqrmrpjhhx.supabase.co/storage/v1/object/public/page_photos/2caf72af-e28f-4cc1-a20f-e8b79a48964b/1aa48c85-1c43-4ce5-8771-fbe9decde0ba.webp"",""type"":""image"",""width"":0.4743813069568533,""height"":0.3896971241983629,""rotation"":0,""placeholder"":""LaI#V~V@S~of~pWAxuoJ.8tQr=t7""},{""x"":0.4145299275716146,""y"":0.19312796208530805,""z"":2,""id"":""58eafaed-5ba7-436c-9bac-7fb905c2ad78"",""type"":""text"",""width"":0,""height"":0,""fontSize"":0.015402843601895734,""fontType"":""Calibri"",""rotation"":0,""fontColor"":""#000"",""textContent"":""不小心買到很韓妹的粉桃色口紅\n（我通常都買偏暖色）""},{""x"":0.35641021728515626,""y"":0.5440363318999232,""z"":3,""id"":""bf6f0791-cc39-48bf-a8ba-031b9ee91064"",""path"":""https://zckngbdtquzqrmrpjhhx.supabase.co/storage/v1/object/public/page_photos/2caf72af-e28f-4cc1-a20f-e8b79a48964b/bf6f0791-cc39-48bf-a8ba-031b9ee91064.webp"",""type"":""image"",""width"":0.5519756407414123,""height"":0.3400797786558464,""rotation"":0,""placeholder"":""LNF5%1RP01VsnPbHt7ag0eM{?Hx[""},{""x"":0.17948714036207933,""y"":0.6425750334680927,""z"":4,""id"":""878db740-e37d-49ff-84c7-03c62fd2dc3d"",""type"":""text"",""width"":0,""height"":0,""fontSize"":0.015402843601895734,""fontType"":""Calibri"",""rotation"":0,""fontColor"":""#669bbc"",""textContent"":""我書桌還在過聖誕""}],""maxZIndex"":4,""backgroundImage"":{""path"":""bg_01"",""type"":""local""}}"
"42c55d89-a368-4048-ada5-707c35637f66","2024-12-28T02:52:19.665603+00:00","2024-12-28","2024-12-29T02:44:37.383473+00:00",false,"4b381455-be80-45e1-96e9-03ea15450ad8","eecd2083-81ee-4e52-a4cf-fd6687bd002d","{""id"":""42c55d89-a368-4048-ada5-707c35637f66"",""items"":[{""x"":0.006666646321614583,""y"":-0.04536124168358413,""z"":1,""id"":""8ecd9994-60ea-4515-b3c1-3b8fa8a541d5"",""path"":""https://zckngbdtquzqrmrpjhhx.supabase.co/storage/v1/object/public/page_photos/a25e0568-6a10-4582-9562-2c78fc211089/8ecd9994-60ea-4515-b3c1-3b8fa8a541d5.webp"",""type"":""image"",""width"":0.5749952236639906,""height"":0.4720814644203535,""rotation"":0,""placeholder"":""LNGkE{Ne0#of?Gt7X8j@0~WW?Gs.""},{""x"":0.5924444580078125,""y"":0.2619047681686326,""z"":2,""id"":""65662b78-bf55-4ea4-88d8-355a0cc0bf53"",""type"":""text"",""width"":0,""height"":0,""fontSize"":0.017241379310344827,""fontType"":""Calibri"",""rotation"":0,""fontColor"":""#000"",""textContent"":""報告 去剪頭髮的路上\n剪完回報""},{""x"":-0.02,""y"":0.34339079833383046,""z"":25,""id"":""f60c406b-a478-445c-a5da-695e0c3cb47d"",""path"":""https://zckngbdtquzqrmrpjhhx.supabase.co/storage/v1/object/public/page_photos/a25e0568-6a10-4582-9562-2c78fc211089/f60c406b-a478-445c-a5da-695e0c3cb47d.webp"",""type"":""image"",""width"":0.5643767529256043,""height"":0.33097393439221456,""rotation"":0,""placeholder"":""LCIhgCES0R^#Dit7%MRjT5%Js49c""},{""x"":0.5328888753255209,""y"":0.43431854248046875,""z"":16,""id"":""d8cfab1f-5aac-4913-96f2-ca741a10dee8"",""type"":""text"",""width"":0,""height"":0,""fontSize"":0.01847290640394089,""fontType"":""Calibri"",""rotation"":0,""fontColor"":""#000"",""textContent"":""交換禮物天使出動""},{""x"":0.4337777506510417,""y"":0.5447455157200104,""z"":27,""id"":""f961bec2-0e6d-4de6-8bec-d926fc8e1370"",""path"":""https://zckngbdtquzqrmrpjhhx.supabase.co/storage/v1/object/public/page_photos/a25e0568-6a10-4582-9562-2c78fc211089/f961bec2-0e6d-4de6-8bec-d926fc8e1370.webp"",""type"":""image"",""width"":0.5510421866712805,""height"":0.45241558840006607,""rotation"":0,""placeholder"":""LGH1;^o~%gxt8^D%-oM{K5E1}?t7""},{""x"":0.021777832031249847,""y"":0.5675287387641192,""z"":14,""id"":""2e52aca1-7a88-4bec-a82f-a32de03a71d4"",""path"":""https://zckngbdtquzqrmrpjhhx.supabase.co/storage/v1/object/public/page_photos/a25e0568-6a10-4582-9562-2c78fc211089/2e52aca1-7a88-4bec-a82f-a32de03a71d4.webp"",""type"":""image"",""width"":0.44596551831297204,""height"":0.3661457457413563,""rotation"":-0.1018965029560579,""placeholder"":""LMHBuh$%M{WU4,M|oIxtDi$*kBNG""},{""x"":0.5,""y"":0.5,""z"":17,""id"":""90b1d088-ec80-4b0b-935c-09395b9ec8ac"",""type"":""text"",""width"":0,""height"":0,""fontSize"":0.03694581280788178,""fontType"":""Calibri"",""rotation"":0,""fontColor"":""#000"",""textContent"":""""},{""x"":0.0395555419921875,""y"":0.7089491219356142,""z"":19,""id"":""e40e6fbc-af36-4a4d-8d68-e31dd4c2c6fd"",""type"":""text"",""width"":0,""height"":0,""fontSize"":0.019704433497536946,""fontType"":""Calibri"",""rotation"":0,""fontColor"":""#fdf0d5"",""textContent"":""百變怪的解壓捏捏""},{""x"":0.5,""y"":0.5,""z"":26,""id"":""cc62dc7a-2b82-4557-a1f4-f231c60abaeb"",""type"":""text"",""width"":0,""height"":0,""fontSize"":0.03694581280788178,""fontType"":""Calibri"",""rotation"":0,""fontColor"":""#000"",""textContent"":""剪好了""},{""x"":0.5115555419921874,""y"":0.877257793407722,""z"":28,""id"":""27d168bd-6b4c-4950-ba2b-b331ad4b8832"",""type"":""text"",""width"":0,""height"":0,""fontSize"":0.020935960591133004,""fontType"":""Calibri"",""rotation"":0,""fontColor"":""#fdf0d5"",""textContent"":""被說看起來25.26\n大🏚️""}],""maxZIndex"":28,""backgroundImage"":{""path"":""bg_04"",""type"":""local""}}"
"fe3ce6e7-80c3-418a-a8ef-696b6e045bb7","2024-12-29T02:55:53.40098+00:00","2024-12-29","2025-01-02T04:48:48.942469+00:00",false,"4b381455-be80-45e1-96e9-03ea15450ad8","eecd2083-81ee-4e52-a4cf-fd6687bd002d","{""id"":""fe3ce6e7-80c3-418a-a8ef-696b6e045bb7"",""items"":[{""x"":0.072,""y"":0.11432677771657558,""z"":1,""id"":""16f2bd13-ef90-4576-8cd9-53929efbad83"",""path"":""https://zckngbdtquzqrmrpjhhx.supabase.co/storage/v1/object/public/page_photos/a25e0568-6a10-4582-9562-2c78fc211089/16f2bd13-ef90-4576-8cd9-53929efbad83.webp"",""type"":""image"",""width"":0.4428434807175155,""height"":0.3635824964840028,""rotation"":-0.0805910889666388,""placeholder"":""LaJRBVD%NGtR8wt7t7bHXRt7xZRP""},{""x"":0.31333333333333335,""y"":0.1720032903361203,""z"":2,""id"":""2eb3d7e0-c48f-4436-a27e-864919975375"",""type"":""text"",""width"":0,""height"":0,""fontSize"":0.017241379310344827,""fontType"":""Calibri"",""rotation"":0,""fontColor"":""#fdf0d5"",""textContent"":""濕髮咩""},{""x"":0.2617777913411458,""y"":0.45320193286012544,""z"":15,""id"":""cde61d59-8203-4d19-9559-b8ecbf10a28e"",""type"":""text"",""width"":0,""height"":0,""fontSize"":0.017241379310344827,""fontType"":""Calibri"",""rotation"":0,""fontColor"":""#000"",""textContent"":""還是這邊有需要髮蠟的朋友可以舉手\n我現在有四罐 買太多用不完""},{""x"":0.0315555419921875,""y"":0.7348112002969376,""z"":30,""id"":""dac73eee-b9ff-4f98-9388-e54bf2cd5b84"",""path"":""https://zckngbdtquzqrmrpjhhx.supabase.co/storage/v1/object/public/page_photos/a25e0568-6a10-4582-9562-2c78fc211089/dac73eee-b9ff-4f98-9388-e54bf2cd5b84.webp"",""type"":""image"",""width"":0.2759648848152123,""height"":0.22657215502069977,""rotation"":0,""placeholder"":""LMGRPC~qO@^+V?E1VssnIp%1=_IV""},{""x"":0.49155556233723957,""y"":0.08723318165746229,""z"":7,""id"":""36cd555a-82ca-4e16-981a-09108869029e"",""path"":""https://zckngbdtquzqrmrpjhhx.supabase.co/storage/v1/object/public/page_photos/a25e0568-6a10-4582-9562-2c78fc211089/36cd555a-82ca-4e16-981a-09108869029e.webp"",""type"":""image"",""width"":0.4484420128362116,""height"":0.2629849946259744,""rotation"":0,""placeholder"":""L9H.WqtRR*ax0Ksl?aW=_NWA4TtR""},{""x"":0.024444417317708335,""y"":0.8637109765865533,""z"":31,""id"":""1cc67cff-938e-492c-a2a3-403cb628636c"",""type"":""text"",""width"":0,""height"":0,""fontSize"":0.012315270935960592,""fontType"":""Calibri"",""rotation"":0,""fontColor"":""#000"",""textContent"":""貼一下昨天\n反正我們最後沒有找到帽子\n然後我超難過\n很像是看我很難過\n他就說想吃這個（他很摳，這很貴）\n是蠻好吃的\n但我大概不是吃好吃東西可以開心的人很歡""},{""x"":0.42044451904296876,""y"":0.7748357932555852,""z"":19,""id"":""132c6b6b-c004-4f9c-b954-28462b5a897b"",""path"":""https://zckngbdtquzqrmrpjhhx.supabase.co/storage/v1/object/public/page_photos/a25e0568-6a10-4582-9562-2c78fc211089/132c6b6b-c004-4f9c-b954-28462b5a897b.webp"",""type"":""image"",""width"":0.5369638917275231,""height"":0.2122726714834174,""rotation"":0,""placeholder"":""LfO}3NjdIVk8-tjYbDj]9aWUxajb""},{""x"":0.3124444580078125,""y"":0.4938423457404076,""z"":32,""id"":""8d4f55e4-4c2b-4c47-83cf-e0f87f06d812"",""type"":""text"",""width"":0,""height"":0,""fontSize"":0.012315270935960592,""fontType"":""Calibri"",""rotation"":0,""fontColor"":""#000"",""textContent"":""其實是1/2的日記 但偷偷放這邊\n從跨年就回我訊息都亂回\n我才不信跟一個大阪直男跨年去哪裡看什麼聖誕燈飾\n又剛好看到周餅乾發文\n秒醒氣死 我為什麼要被你欺負啊 訊息完全不想回直接去睡\n剛剛收到訊息跟我喔嗨唷\n突然火整個起來我只想說喔嗨唷個頭 嗨你媽\n12/28那天的約會爛透了\n當天就看到兩三次一個叫しず的女生在回他訊息\n媽的12/31一整天訊息都不回\n我看你跟我出門的時候很愛回訊息\n問在幹嘛也只跟我說在回別人訊息\n我只想說哈囉你現在面前坐著一個活人\n還看到前女友電話簿名字應該叫做Kon Dee❤️ \n還給我放愛心勒\n\n2025拒絕內耗我要更好\n我要考到大學\n幹你娘不讀不回主導權應該是在我手上\n雞掰沒有要跟我在一起就滾\n""}],""maxZIndex"":32,""backgroundImage"":{""path"":""bg_04"",""type"":""local""}}"
"127e7356-5cee-4831-a5c7-eca38f22e352","2024-12-26T16:48:39.759794+00:00","2024-12-26","2024-12-30T16:03:32.942707+00:00",false,"4b381455-be80-45e1-96e9-03ea15450ad8","eecd2083-81ee-4e52-a4cf-fd6687bd002d","{""id"":""127e7356-5cee-4831-a5c7-eca38f22e352"",""items"":[{""x"":0.028444437662760415,""y"":0.08702791148218615,""z"":1,""id"":""18a4e5bd-9e35-4f26-8e77-43c44dcb52df"",""path"":""https://zckngbdtquzqrmrpjhhx.supabase.co/storage/v1/object/public/page_photos/a25e0568-6a10-4582-9562-2c78fc211089/18a4e5bd-9e35-4f26-8e77-43c44dcb52df.webp"",""type"":""image"",""width"":0.4446868720309416,""height"":0.4446868720309416,""rotation"":0.003836755074874798,""placeholder"":""L55|{5s;1GkD:-nhATRi=}oNODkC""},{""x"":0.4982222086588542,""y"":0.3821839017821063,""z"":2,""id"":""3a67f7ac-c5f4-4012-bb64-43335ce344bf"",""type"":""text"",""width"":0,""height"":0,""fontSize"":0.012315270935960592,""fontType"":""Calibri"",""rotation"":0,""fontColor"":""#000"",""textContent"":""今天去主管家樓下的公設料理廳工作\n我已經在家廢太多天\n太感謝把我抓去上班了\n不然我大概進度會欠到過年\n明天要大家一起去看星際效應""},{""x"":0.14977779134114583,""y"":0.5484400782091864,""z"":3,""id"":""1cd0ed7f-153a-47b0-a76e-09bc5794f84b"",""type"":""text"",""width"":0,""height"":0,""fontSize"":0.012315270935960592,""fontType"":""Calibri"",""rotation"":0,""fontColor"":""#000"",""textContent"":""然後我禮拜六要去交換禮物\n但主辦人今天臨時傳訊息說\n改成大家自己跟想交換的人交換\n欸這樣哪有好玩\n交流個頭啦""},{""x"":0.276,""y"":0.6970443349753694,""z"":4,""id"":""296319a9-2a5e-4fb9-aa5b-296191cf9fe1"",""type"":""text"",""width"":0,""height"":0,""fontSize"":0.014778325123152709,""fontType"":""Calibri"",""rotation"":0,""fontColor"":""#c1121f"",""textContent"":""我挑禮物超用心\n氣死""},{""x"":0.5,""y"":0.5,""z"":5,""id"":""fbd87280-8ea2-473d-abb6-28ab8820546e"",""type"":""text"",""width"":0,""height"":0,""fontSize"":0.012315270935960592,""fontType"":""Calibri"",""rotation"":0,""fontColor"":""#c1121f"",""textContent"":""人情壓力\n但看完很開心""},{""x"":0.2324444580078125,""y"":0.7528735757461322,""z"":6,""id"":""faf59a9e-1987-4622-8afc-304c30281757"",""type"":""text"",""width"":0,""height"":0,""fontSize"":0.01847290640394089,""fontType"":""Calibri"",""rotation"":0,""fontColor"":""#c1121f"",""textContent"":""我換到桌遊！\n結果沒有大家都準備禮物 氣死""}],""maxZIndex"":6,""backgroundImage"":{""path"":""bg_05"",""type"":""local""}}"
"eb4a9702-3b4a-41d7-a9e4-6a614b723d64","2024-12-30T16:33:14.499055+00:00","2024-12-30","2024-12-30T16:36:37.397452+00:00",false,"4b381455-be80-45e1-96e9-03ea15450ad8","2bdbc127-920a-432e-b1b6-1fa1ed6687a1","{""id"":""eb4a9702-3b4a-41d7-a9e4-6a614b723d64"",""items"":[{""x"":0.05147139761182997,""y"":0.10330527088343279,""z"":1,""id"":""ed0907c3-23ac-452f-8646-3bc64db3942a"",""path"":""https://zckngbdtquzqrmrpjhhx.supabase.co/storage/v1/object/public/page_photos/f7010ecc-27d2-43a4-871e-d7e647d1ee4f/ed0907c3-23ac-452f-8646-3bc64db3942a.webp"",""type"":""image"",""width"":0.5987590730350816,""height"":0.39288428425649363,""rotation"":0.00017363512294044092,""placeholder"":""LXF$IkNf-p-:~VWAWVofNLadM{M{""},{""x"":0.4297040000557899,""y"":0.3257786889525585,""z"":2,""id"":""4272ce16-358f-454c-bdb4-26cab952fa64"",""path"":""https://zckngbdtquzqrmrpjhhx.supabase.co/storage/v1/object/public/page_photos/f7010ecc-27d2-43a4-871e-d7e647d1ee4f/4272ce16-358f-454c-bdb4-26cab952fa64.webp"",""type"":""image"",""width"":0.5340270402757695,""height"":0.35040944002541485,""rotation"":-0.0007892699208977838,""placeholder"":""LVG8[v%M^*M{~pS4WqR,t7RPM|t6""},{""x"":0.08556976848178441,""y"":0.6661715943771878,""z"":3,""id"":""e11560d8-12ce-41be-aee7-0e042fd85eec"",""type"":""text"",""width"":0,""height"":0,""fontSize"":0.012008234217749313,""fontType"":""Calibri-Bold"",""rotation"":0,""fontColor"":""#000"",""textContent"":""今天休假本來要起床吃早餐\n怕懶人如我懶得出去買吃的\n結果昨天在同事的房間裡玩overcooked 玩太晚整個起不來\n下午才醒 然後餓肚子到晚上跟同事去大吃火鍋跟夜市\n超廢的行程但我好愛""},{""x"":0.0837698645061917,""y"":0.769719163213208,""z"":4,""id"":""613ac6e9-3f36-4088-83ac-f86b24e3598b"",""type"":""text"",""width"":0,""height"":0,""fontSize"":0.012008234217749313,""fontType"":""Calibri-Bold"",""rotation"":0,""fontColor"":""#669bbc"",""textContent"":""九月來了一個新同事\n長得很男的女生\n一天到晚咳嗽我真的對他印象很差\n這次出差很不巧跟他同房==只能硬著頭皮聊天\n一樣的感受是人沒有到爛但就不是我會交的朋友的類型\n今天去吃晚餐的時候跟其他同事聊到\n結果發現大家都有點討厭他哈哈笑出來說話比我還狠""}],""maxZIndex"":4,""backgroundImage"":{""path"":""bg_04"",""type"":""local""}}"
"bd5066db-6cba-424c-9840-ba87e9b215f7","2024-12-30T16:47:44.396465+00:00","2024-12-29","2024-12-30T16:47:44.396465+00:00",false,"4b381455-be80-45e1-96e9-03ea15450ad8","a6300bac-4d56-49f3-9e9e-a3919a9bd8cf","{""id"":""bd5066db-6cba-424c-9840-ba87e9b215f7"",""items"":[{""x"":0.0636752201960637,""y"":0.12480253065931854,""z"":1,""id"":""45879847-0612-4c94-a2d4-3a43eecede3f"",""path"":""https://zckngbdtquzqrmrpjhhx.supabase.co/storage/v1/object/public/page_photos/9eb4d9fc-8130-4534-a223-1fe15643cc46/45879847-0612-4c94-a2d4-3a43eecede3f.webp"",""type"":""image"",""width"":0.5437770475612616,""height"":0.33502851271546924,""rotation"":0,""placeholder"":""LEF~8I4T0-IU8{%1%LE2IAtSH?-;""},{""x"":0.06837608141776844,""y"":0.46958926955670544,""z"":2,""id"":""2c253b18-4efb-4ea9-af0f-24b0d911f221"",""type"":""text"",""width"":0,""height"":0,""fontSize"":0.014218009478672985,""fontType"":""Calibri"",""rotation"":0,""fontColor"":""#000"",""textContent"":""今天回紐約\n離開歡樂聖誕假期\n回去面對堆積如山的工作😶‍🌫️""},{""x"":0.1880341554299379,""y"":0.5529225968636607,""z"":3,""id"":""81fe07af-f984-4960-bf67-8b8d1e55e692"",""path"":""https://zckngbdtquzqrmrpjhhx.supabase.co/storage/v1/object/public/page_photos/9eb4d9fc-8130-4534-a223-1fe15643cc46/81fe07af-f984-4960-bf67-8b8d1e55e692.webp"",""type"":""image"",""width"":0.7106497963911933,""height"":0.24628562256448344,""rotation"":0,""placeholder"":""LSE{5{Iqs:ju_NV@xZNKX.M|sRR-""}],""maxZIndex"":3,""backgroundImage"":{""path"":""bg_04"",""type"":""local""}}"
"767267bb-ac03-4c20-9462-38c6adc8d95d","2025-01-02T14:15:22.908128+00:00","2025-01-02","2025-01-02T14:15:55.081567+00:00",false,"4b381455-be80-45e1-96e9-03ea15450ad8","632e3d17-8713-46e9-ab1b-604bfa3ce11f","{""id"":""767267bb-ac03-4c20-9462-38c6adc8d95d"",""items"":[{""x"":0.10854703463040866,""y"":0.49763034983268845,""z"":1,""id"":""20d94f8a-89b0-4e83-a5e4-99860960b41d"",""type"":""text"",""width"":0,""height"":0,""fontSize"":0.015402843601895734,""fontType"":""Calibri"",""rotation"":0,""fontColor"":""#000"",""textContent"":""某幾個瞬間覺得快燃燒殆盡了還是撐過去的2024下半年\n今年想當賺錢漂亮女💅💅💅\n不要再覺得沒關係 不要再不敢拿\n時光有限 活在喜歡的世界裡（人、事、物）""},{""x"":0.3521367390950521,""y"":0.6899684164761367,""z"":2,""id"":""f9a66033-01cc-41ca-add4-5512cc55d2f5"",""type"":""text"",""width"":0,""height"":0,""fontSize"":0.013033175355450236,""fontType"":""Calibri"",""rotation"":0,""fontColor"":""#000"",""textContent"":""我明天要出門 可能一週沒化妝了笑死""}],""maxZIndex"":2,""backgroundImage"":{""path"":""bg_09"",""type"":""local""}}"
"b5c2560e-95e1-4332-b612-c49e99248cc4","2024-12-30T16:49:07.164505+00:00","2024-12-30","2025-01-01T17:23:29.058063+00:00",false,"4b381455-be80-45e1-96e9-03ea15450ad8","a6300bac-4d56-49f3-9e9e-a3919a9bd8cf","{""id"":""b5c2560e-95e1-4332-b612-c49e99248cc4"",""items"":[{""x"":0.06837606185521834,""y"":0.19056079737948015,""z"":7,""id"":""b9532c58-f4d0-4e30-aa74-3f3404c62124"",""path"":""https://zckngbdtquzqrmrpjhhx.supabase.co/storage/v1/object/public/page_photos/9eb4d9fc-8130-4534-a223-1fe15643cc46/b9532c58-f4d0-4e30-aa74-3f3404c62124.webp"",""type"":""image"",""width"":0.5247811475808217,""height"":0.3233248776564305,""rotation"":0,""placeholder"":""LnD^7mMwxYt7%%RPadWVSkf,WUWB""},{""x"":0.0632478762895633,""y"":0.12993681487313943,""z"":2,""id"":""471de600-c494-4fbe-b775-ecf1bfd879e0"",""type"":""text"",""width"":0,""height"":0,""fontSize"":0.018957345971563982,""fontType"":""Calibri"",""rotation"":0,""fontColor"":""#000"",""textContent"":""今天早上做事\n晚上要去麥可朋友的卡拉ok攤""},{""x"":0.4188034448868189,""y"":0.46800947867298576,""z"":8,""id"":""9defdb3c-c737-44aa-8543-439edfab93aa"",""type"":""text"",""width"":0,""height"":0,""fontSize"":0.017772511848341232,""fontType"":""Calibri"",""rotation"":0,""fontColor"":""#fdf0d5"",""textContent"":""麥可熊""},{""x"":0.3418803484011919,""y"":0.5177725208879083,""z"":12,""id"":""f1f44cbb-51c9-409c-b685-c759c1f0b762"",""path"":""https://zckngbdtquzqrmrpjhhx.supabase.co/storage/v1/object/public/page_photos/9eb4d9fc-8130-4534-a223-1fe15643cc46/f1f44cbb-51c9-409c-b685-c759c1f0b762.webp"",""type"":""image"",""width"":0.6032579133119669,""height"":0.371675491614008,""rotation"":0,""placeholder"":""LiFhSyNht6S79WjCj^skS}oMa^WU""},{""x"":0.612820551945613,""y"":0.22630331753554503,""z"":10,""id"":""2968b90a-7d7c-466d-831f-7c2b4a56bfeb"",""type"":""text"",""width"":0,""height"":0,""fontSize"":0.015402843601895734,""fontType"":""Calibri"",""rotation"":0,""fontColor"":""#000"",""textContent"":""韓國城很多卡拉ok\n麥可很多亞裔朋友\n所以意外的蠻常去的\n""},{""x"":0.5102564102564102,""y"":0.5229067870225952,""z"":13,""id"":""3453b4d7-f129-4ef4-b8ee-2e4dac5e0e3a"",""type"":""text"",""width"":0,""height"":0,""fontSize"":0.011848341232227487,""fontType"":""Calibri-Bold"",""rotation"":0,""fontColor"":""#fdf0d5"",""textContent"":""好好笑 他還真的有點青花瓷來唱\n但因為看不懂中文字\n所以是英文拼音版的歌詞\n全場只有我也聽過 跟他一起唱""}],""maxZIndex"":13,""backgroundImage"":{""path"":""bg_04"",""type"":""local""}}"
"9867e437-f374-4bcb-ad44-e324a7df2f43","2024-12-31T01:42:39.043075+00:00","2024-12-31","2024-12-31T19:35:17.295901+00:00",false,"4b381455-be80-45e1-96e9-03ea15450ad8","2bdbc127-920a-432e-b1b6-1fa1ed6687a1","{""id"":""9867e437-f374-4bcb-ad44-e324a7df2f43"",""items"":[{""x"":0.07412583894199795,""y"":0.10129331539010958,""z"":1,""id"":""381237ae-709e-4df1-bcaa-debb692a0a6f"",""path"":""https://zckngbdtquzqrmrpjhhx.supabase.co/storage/v1/object/public/page_photos/f7010ecc-27d2-43a4-871e-d7e647d1ee4f/381237ae-709e-4df1-bcaa-debb692a0a6f.webp"",""type"":""image"",""width"":0.3869637057538109,""height"":0.25490747314066226,""rotation"":-0.02109404921127256,""placeholder"":""L6Fr9I~C040101~A$xNH01Mx-4-o""},{""x"":0.10510229534573026,""y"":0.3750507681062215,""z"":2,""id"":""dde7bb1e-3bbc-4498-9b9c-3f383529f5ff"",""type"":""text"",""width"":0,""height"":0,""fontSize"":0.013209057639524244,""fontType"":""Calibri"",""rotation"":0,""fontColor"":""#000"",""textContent"":""剛剛出門吃飯店早餐剛好遇到飯店的清掃人員\n應該是個東南亞人 問我什麼時候幫我們清掃房間\n我：下午四點可以嗎\n（因為今天三點半上工）\n居然給我面帶難色用不流利的中文討價還價說\n四點有ㄉㄧㄢˊ太晚惹～我們武點就下班惹～\n阿我想說所以四點不是還沒下班❔😡😍\n\n我已成為慣老闆""},{""x"":0.04600801832146115,""y"":0.5754837249248047,""z"":10,""id"":""d7360a2b-e5ec-4b23-8dda-8fdc18de9d06"",""path"":""https://zckngbdtquzqrmrpjhhx.supabase.co/storage/v1/object/public/page_photos/f7010ecc-27d2-43a4-871e-d7e647d1ee4f/d7360a2b-e5ec-4b23-8dda-8fdc18de9d06.webp"",""type"":""image"",""width"":0.4952108409653392,""height"":0.1834953253348238,""rotation"":-0.06263620663985736,""placeholder"":""LUI4O@-pJ8r?~BxaRkof9EV@s:t6""},{""x"":0.046969886455270976,""y"":0.7484113366802351,""z"":11,""id"":""a318c19d-c02a-462b-b8e3-a7643c28ea8a"",""path"":""https://zckngbdtquzqrmrpjhhx.supabase.co/storage/v1/object/public/page_photos/f7010ecc-27d2-43a4-871e-d7e647d1ee4f/a318c19d-c02a-462b-b8e3-a7643c28ea8a.webp"",""type"":""image"",""width"":0.923316288811785,""height"":0.2565940738578039,""rotation"":-0.0063301115370065775,""placeholder"":""LAFO_vx]_Nx^#vI=IsaL0dk=wIRP""},{""x"":0.5118194417821036,""y"":0.5389858926258715,""z"":9,""id"":""97e50968-8554-4fa8-8bff-2e1dc9197b4b"",""path"":""https://zckngbdtquzqrmrpjhhx.supabase.co/storage/v1/object/public/page_photos/f7010ecc-27d2-43a4-871e-d7e647d1ee4f/97e50968-8554-4fa8-8bff-2e1dc9197b4b.webp"",""type"":""image"",""width"":0.42045443412809097,""height"":0.2769690691420179,""rotation"":0.08199970178699334,""placeholder"":""LcFEs9jEoNog~Daen,kD%NR+sWog""},{""x"":0.388799535897043,""y"":0.7489185159018795,""z"":12,""id"":""710999ef-baa4-4564-a9fd-1a6961dc1c9b"",""type"":""text"",""width"":0,""height"":0,""fontSize"":0.025217291857273557,""fontType"":""Calibri"",""rotation"":0,""fontColor"":""#FFC300"",""textContent"":""新年快樂！""}],""maxZIndex"":12,""backgroundImage"":{""path"":""bg_04"",""type"":""local""}}"
"86794e08-e291-4b1d-beb9-c45414556411","2025-01-04T03:21:52.434157+00:00","2025-01-03","2025-01-04T03:21:53.535303+00:00",false,"4b381455-be80-45e1-96e9-03ea15450ad8","eecd2083-81ee-4e52-a4cf-fd6687bd002d","{""id"":""86794e08-e291-4b1d-beb9-c45414556411"",""items"":[{""x"":0.13155556233723958,""y"":0.07348112284843558,""z"":1,""id"":""fdd0b884-a856-4af5-813b-8ad14fcb8990"",""path"":""https://zckngbdtquzqrmrpjhhx.supabase.co/storage/v1/object/public/page_photos/a25e0568-6a10-4582-9562-2c78fc211089/fdd0b884-a856-4af5-813b-8ad14fcb8990.webp"",""type"":""image"",""width"":0.6679633433270389,""height"":0.5111180919382596,""rotation"":0,""placeholder"":""LIG@#wWBEiozNMVsoeWW0#R-xZWB""},{""x"":0.228888916015625,""y"":0.6268472906403941,""z"":2,""id"":""6f9e1bd4-f523-4b7d-bc1b-a308f2c8f823"",""type"":""text"",""width"":0,""height"":0,""fontSize"":0.029556650246305417,""fontType"":""Calibri"",""rotation"":0,""fontColor"":""#000"",""textContent"":""偷約會\n好久沒認真上班(#^.^#)""}],""maxZIndex"":2,""backgroundImage"":{""path"":""bg_04"",""type"":""local""}}"
"0c9cbe45-7a95-42ba-9462-df082abce961","2024-12-31T17:48:20.629073+00:00","2024-12-31","2024-12-31T17:48:20.629073+00:00",false,"4b381455-be80-45e1-96e9-03ea15450ad8","6eea90f5-325a-4ccf-aceb-3471c02914c0","{""id"":""0c9cbe45-7a95-42ba-9462-df082abce961"",""items"":[{""x"":0.46649703785360025,""y"":0.5418623176538888,""z"":64,""id"":""0f01cc7d-4a6b-481a-a9b6-2397dc68b6ea"",""path"":""https://zckngbdtquzqrmrpjhhx.supabase.co/storage/v1/object/public/page_photos/06435e09-bc0a-4026-82a8-f1743489a5c8/0f01cc7d-4a6b-481a-a9b6-2397dc68b6ea.webp"",""type"":""image"",""width"":0.4975262923386054,""height"":0.34173861595215144,""rotation"":-0.03638917665027264,""placeholder"":""LNMQuIxuxu?b?wxtxuM{_1WERja{""},{""x"":0.02162851814095304,""y"":0.11130670538530643,""z"":41,""id"":""ee4f0e14-2727-403d-8f50-cde5371857ed"",""path"":""https://zckngbdtquzqrmrpjhhx.supabase.co/storage/v1/object/public/page_photos/06435e09-bc0a-4026-82a8-f1743489a5c8/ee4f0e14-2727-403d-8f50-cde5371857ed.webp"",""type"":""image"",""width"":0.5915049168044516,""height"":0.40629022970322465,""rotation"":-0.16088544349797712,""placeholder"":""L9EV{eR-4mXUIUWrWCoc4maxs+e-""},{""x"":0.5776082007332911,""y"":0.31611894777683025,""z"":62,""id"":""dfc837f7-a952-43c1-9e0e-1041947ced3b"",""path"":""https://zckngbdtquzqrmrpjhhx.supabase.co/storage/v1/object/public/page_photos/06435e09-bc0a-4026-82a8-f1743489a5c8/dfc837f7-a952-43c1-9e0e-1041947ced3b.webp"",""type"":""image"",""width"":0.37389140742380794,""height"":0.22995199235924335,""rotation"":0.08113836438230537,""placeholder"":""L8EelWcF=?=|WI019EW?2c^PM_tR""},{""x"":0.5330789192335598,""y"":0.12949923842165945,""z"":63,""id"":""fc71126b-f423-4fcd-af12-30b7dfafb270"",""path"":""https://zckngbdtquzqrmrpjhhx.supabase.co/storage/v1/object/public/page_photos/06435e09-bc0a-4026-82a8-f1743489a5c8/fc71126b-f423-4fcd-af12-30b7dfafb270.webp"",""type"":""image"",""width"":0.43783150672168675,""height"":0.1514681180824145,""rotation"":0.037371296176467395,""placeholder"":""LGD+e-~VxZ9unmD%Io-pkWRjIoxu""},{""x"":0.008481751264810083,""y"":0.6099374171154038,""z"":47,""id"":""9dc53e4c-2507-47ca-b250-9591532682bb"",""path"":""https://zckngbdtquzqrmrpjhhx.supabase.co/storage/v1/object/public/page_photos/06435e09-bc0a-4026-82a8-f1743489a5c8/9dc53e4c-2507-47ca-b250-9591532682bb.webp"",""type"":""image"",""width"":0.49721047025462506,""height"":0.30579611081387736,""rotation"":0.13772946764120664,""placeholder"":""LQGuRHoaRjtm~pn}fSs:x[MxjE%L""},{""x"":0.10856645889864562,""y"":0.5037167240196553,""z"":61,""id"":""806d319f-8505-4cc6-b2ea-8e41f58bd6f3"",""path"":""https://zckngbdtquzqrmrpjhhx.supabase.co/storage/v1/object/public/page_photos/06435e09-bc0a-4026-82a8-f1743489a5c8/806d319f-8505-4cc6-b2ea-8e41f58bd6f3.webp"",""type"":""image"",""width"":0.29192599445551626,""height"":0.179541339313017,""rotation"":0.04120855732715806,""placeholder"":""LnK-d;Mx_NRjNLflt6ax.8ogRPoL""},{""x"":0.4291773012272881,""y"":0.5766822922397667,""z"":65,""id"":""3898d8b5-2e7f-437e-bf08-522d623adb25"",""type"":""text"",""width"":0,""height"":0,""fontSize"":0.01233210915328986,""fontType"":""Calibri"",""rotation"":0,""fontColor"":""#000"",""textContent"":""今年依然跟高中寶們一起跨年👯‍♀️👶🧚‍♀️""}],""maxZIndex"":65,""backgroundImage"":{""path"":""bg_09"",""type"":""local""}}"
"a1eb8304-29c8-4cbe-b1f1-ab471519cada","2025-01-01T11:06:12.8465+00:00","2025-01-01","2025-01-01T11:06:12.8465+00:00",false,"4b381455-be80-45e1-96e9-03ea15450ad8","6eea90f5-325a-4ccf-aceb-3471c02914c0","{""id"":""a1eb8304-29c8-4cbe-b1f1-ab471519cada"",""items"":[{""x"":0.08736217780270968,""y"":0.16607981220657278,""z"":1,""id"":""ab210b38-0eea-4652-a27e-3c9ad13e0afa"",""path"":""https://zckngbdtquzqrmrpjhhx.supabase.co/storage/v1/object/public/page_photos/06435e09-bc0a-4026-82a8-f1743489a5c8/ab210b38-0eea-4652-a27e-3c9ad13e0afa.webp"",""type"":""image"",""width"":0.5466370634256618,""height"":0.3361946258627309,""rotation"":-0.09524936849420795,""placeholder"":""LnJkiqD%~qWCofazfkj[-;ofV@of""},{""x"":0.5016963463703185,""y"":0.33548513600524044,""z"":3,""id"":""30c5a8f7-8314-4701-b62f-7d2b261026a2"",""path"":""https://zckngbdtquzqrmrpjhhx.supabase.co/storage/v1/object/public/page_photos/06435e09-bc0a-4026-82a8-f1743489a5c8/30c5a8f7-8314-4701-b62f-7d2b261026a2.webp"",""type"":""image"",""width"":0.43427277538554154,""height"":0.26708795105871336,""rotation"":0.05086504018719462,""placeholder"":""LnKBBvD%~qoLofa|oMjt%gs;V@Wo""},{""x"":0.6115352057925311,""y"":0.15786386767463498,""z"":4,""id"":""ebffb3ac-3c1a-43d9-a7f3-260ab53143e8"",""path"":""https://zckngbdtquzqrmrpjhhx.supabase.co/storage/v1/object/public/page_photos/06435e09-bc0a-4026-82a8-f1743489a5c8/ebffb3ac-3c1a-43d9-a7f3-260ab53143e8.webp"",""type"":""image"",""width"":0.267555494944254,""height"":0.16455291003613742,""rotation"":0.16895307521023217,""placeholder"":""LlK-XvIT_NR*X9bHoeay.8ofV@s:""},{""x"":0.12934689121391937,""y"":0.5258216320628851,""z"":5,""id"":""df758be3-4fbe-4f49-bb32-09813136ec48"",""type"":""text"",""width"":0,""height"":0,""fontSize"":0.011737089201877934,""fontType"":""Calibri"",""rotation"":0,""fontColor"":""#000"",""textContent"":""今天的行程是吃火鍋🍲\n青花驕讚\n但我目前還是最愛鼎王""}],""maxZIndex"":5,""backgroundImage"":{""path"":""bg_01"",""type"":""local""}}"
"3ddb1dab-fa42-40d0-a853-d39569005d83","2024-12-30T16:02:10.210868+00:00","2024-12-30","2025-01-01T15:17:34.105478+00:00",false,"4b381455-be80-45e1-96e9-03ea15450ad8","eecd2083-81ee-4e52-a4cf-fd6687bd002d","{""id"":""3ddb1dab-fa42-40d0-a853-d39569005d83"",""items"":[{""x"":0.07244445800781242,""y"":0.10201149738480893,""z"":3,""id"":""62b1734c-f17d-46e0-a96c-083c7f8a84c1"",""path"":""https://zckngbdtquzqrmrpjhhx.supabase.co/storage/v1/object/public/page_photos/a25e0568-6a10-4582-9562-2c78fc211089/62b1734c-f17d-46e0-a96c-083c7f8a84c1.webp"",""type"":""image"",""width"":0.4490669270982126,""height"":0.3686920583729167,""rotation"":-0.09353699315591402,""placeholder"":""LkJkJuoyR+t8_Nt7n$of-oj]WVWB""},{""x"":0.07066666666666667,""y"":0.4913792915532154,""z"":13,""id"":""7d10c52b-ce9b-419b-b417-6ba79ef697f7"",""type"":""text"",""width"":0,""height"":0,""fontSize"":0.01847290640394089,""fontType"":""Calibri"",""rotation"":0,""fontColor"":""#000"",""textContent"":""原本是為了要買發熱衣去一趟京站\n不小心又經過妮可和\n結果居然找到到帽子了⋯\n然後就買到了😭🥹\n\n回家看到成山的零食\n他們明天要去信義跨年101\n我會跟如婷去看LSS\n然後留在淡水等大家回家\n開心！開心！""},{""x"":0.48977777099609376,""y"":0.06650245365838112,""z"":5,""id"":""bdb13dc0-d923-4fbf-8cd8-6ef39278263c"",""path"":""https://zckngbdtquzqrmrpjhhx.supabase.co/storage/v1/object/public/page_photos/a25e0568-6a10-4582-9562-2c78fc211089/bdb13dc0-d923-4fbf-8cd8-6ef39278263c.webp"",""type"":""image"",""width"":0.4098376121344538,""height"":0.3364840822121953,""rotation"":0.08176625773488677,""placeholder"":""LPI#V.-;~W%1~WIos,jFD-V[IoWB""},{""x"":0.5995555419921875,""y"":0.4117405520284117,""z"":10,""id"":""9aff1b21-9210-4a25-98e6-cb4019b590be"",""type"":""text"",""width"":0,""height"":0,""fontSize"":0.01847290640394089,""fontType"":""Calibri"",""rotation"":0,""fontColor"":""#000"",""textContent"":""欣柔的牛肉麵""},{""x"":0.5475555216471354,""y"":0.6403940792741447,""z"":11,""id"":""93272b54-0386-43df-a05e-a9c98244d300"",""path"":""https://zckngbdtquzqrmrpjhhx.supabase.co/storage/v1/object/public/page_photos/a25e0568-6a10-4582-9562-2c78fc211089/93272b54-0386-43df-a05e-a9c98244d300.webp"",""type"":""image"",""width"":0.39244474488433556,""height"":0.3924447448843355,""rotation"":0,""placeholder"":""LEF5EX-l?ax]IuIqIqsA0|Rjs:My""},{""x"":0.12133333333333333,""y"":0.8214285902201836,""z"":12,""id"":""4b8b47b4-c02f-44c7-9f07-c9e2652e4ccc"",""type"":""text"",""width"":0,""height"":0,""fontSize"":0.020935960591133004,""fontType"":""Calibri"",""rotation"":0,""fontColor"":""#000"",""textContent"":""他說很像多佛朗明哥\n的衣服要穿看看\n叫我幫他貼隻墨鏡""},{""x"":0.588,""y"":0.9142036062156038,""z"":14,""id"":""25239f1c-8210-46cb-8571-cc9043163d7c"",""type"":""text"",""width"":0,""height"":0,""fontSize"":0.019704433497536946,""fontType"":""Calibri"",""rotation"":0,""fontColor"":""#FFF"",""textContent"":""那個也是店裡賣的\n笑死""}],""maxZIndex"":14,""backgroundImage"":{""path"":""bg_04"",""type"":""local""}}"
"13f6587d-5f40-42b1-bdd4-2ee2f80cddc2","2025-01-02T17:08:55.793757+00:00","2025-01-02","2025-01-02T17:08:55.793757+00:00",false,"4b381455-be80-45e1-96e9-03ea15450ad8","a6300bac-4d56-49f3-9e9e-a3919a9bd8cf","{""id"":""13f6587d-5f40-42b1-bdd4-2ee2f80cddc2"",""items"":[{""x"":0.10940170288085938,""y"":0.20082938388625593,""z"":5,""id"":""27780bf2-eb0c-4601-8c2b-8952cb3d192e"",""path"":""https://zckngbdtquzqrmrpjhhx.supabase.co/storage/v1/object/public/page_photos/9eb4d9fc-8130-4534-a223-1fe15643cc46/27780bf2-eb0c-4601-8c2b-8952cb3d192e.webp"",""type"":""image"",""width"":0.792876828086713,""height"":0.27478255001820323,""rotation"":0,""placeholder"":""LUIXKp?aD%S~~VkpRPsm9ukWtQVt""},{""x"":0.12136754745092147,""y"":0.16074250207693092,""z"":6,""id"":""6ad765ff-a702-4add-89ec-023af546599f"",""type"":""text"",""width"":0,""height"":0,""fontSize"":0.016587677725118485,""fontType"":""Calibri-Bold"",""rotation"":0,""fontColor"":""#000"",""textContent"":""麥可堅持要拍的照片 我不懂但他很開心🤗""}],""maxZIndex"":6,""backgroundImage"":{""path"":""bg_04"",""type"":""local""}}"
"d19abdf6-aaa9-479d-ba21-7983ab293efc","2025-01-01T15:20:53.177498+00:00","2024-12-31","2025-01-01T15:20:53.177498+00:00",false,"4b381455-be80-45e1-96e9-03ea15450ad8","eecd2083-81ee-4e52-a4cf-fd6687bd002d","{""id"":""d19abdf6-aaa9-479d-ba21-7983ab293efc"",""items"":[{""x"":0.07555556233723959,""y"":0.07738095551288773,""z"":1,""id"":""aabd3fde-177f-4b77-82aa-be128e81b039"",""path"":""https://zckngbdtquzqrmrpjhhx.supabase.co/storage/v1/object/public/page_photos/a25e0568-6a10-4582-9562-2c78fc211089/aabd3fde-177f-4b77-82aa-be128e81b039.webp"",""type"":""image"",""width"":0.5160307127661605,""height"":0.4236705359328083,""rotation"":0,""placeholder"":""LWBywfwsxcjDfBWVj]kDRKo$NFfi""},{""x"":0.3088888956705729,""y"":0.41399836422774594,""z"":2,""id"":""c9225f98-b0b2-446a-a41e-a43fcc0c84e7"",""path"":""https://zckngbdtquzqrmrpjhhx.supabase.co/storage/v1/object/public/page_photos/a25e0568-6a10-4582-9562-2c78fc211089/c9225f98-b0b2-446a-a41e-a43fcc0c84e7.webp"",""type"":""image"",""width"":0.6638547331773907,""height"":0.5449048204720021,""rotation"":0,""placeholder"":""L22=.pMtRpNNS+IR%NtPbVWXWZff""},{""x"":0.3622222086588542,""y"":0.583333339597204,""z"":3,""id"":""75db4bb4-0251-4a3b-9673-6c9045d40201"",""type"":""text"",""width"":0,""height"":0,""fontSize"":0.017241379310344827,""fontType"":""Calibri"",""rotation"":0,""fontColor"":""#FFF"",""textContent"":""跨年約了學妹看了一些歐巴\n看了一些煙火🥳""}],""maxZIndex"":3,""backgroundImage"":{""path"":""bg_04"",""type"":""local""}}"
"58928888-5023-4ebb-8e8e-6352241fef91","2025-01-01T15:23:27.279597+00:00","2025-01-01","2025-01-01T15:25:15.268028+00:00",false,"4b381455-be80-45e1-96e9-03ea15450ad8","eecd2083-81ee-4e52-a4cf-fd6687bd002d","{""id"":""58928888-5023-4ebb-8e8e-6352241fef91"",""items"":[{""x"":0.012888875325520834,""y"":0.026888344675449316,""z"":3,""id"":""295d2881-a1ff-4de4-8c66-5bcec978b209"",""path"":""https://zckngbdtquzqrmrpjhhx.supabase.co/storage/v1/object/public/page_photos/a25e0568-6a10-4582-9562-2c78fc211089/295d2881-a1ff-4de4-8c66-5bcec978b209.webp"",""type"":""image"",""width"":0.543738539791172,""height"":0.543738539791172,""rotation"":0,""placeholder"":""LkF=XGoyS}t6IUoft7oe0LaynOWB""},{""x"":0.4742221883138021,""y"":0.4022988380469712,""z"":2,""id"":""689783d5-ff15-4039-b68b-2988693c5614"",""path"":""https://zckngbdtquzqrmrpjhhx.supabase.co/storage/v1/object/public/page_photos/a25e0568-6a10-4582-9562-2c78fc211089/689783d5-ff15-4039-b68b-2988693c5614.webp"",""type"":""image"",""width"":0.4946839345246176,""height"":0.30460833406688276,""rotation"":0,""placeholder"":""LYIEU?$%0Kxu9F%2?HRjD*NHkCae""},{""x"":0.5044444580078125,""y"":0.20402299476961785,""z"":4,""id"":""9274d440-fcf6-40b0-89d4-23f4d5247e79"",""path"":""https://zckngbdtquzqrmrpjhhx.supabase.co/storage/v1/object/public/page_photos/a25e0568-6a10-4582-9562-2c78fc211089/9274d440-fcf6-40b0-89d4-23f4d5247e79.webp"",""type"":""image"",""width"":0.45222823823625213,""height"":0.2088492479539342,""rotation"":0,""placeholder"":""LMKA=,R#-l?a02RQ-pxZwHE2xuRj""},{""x"":0.00044447835286458336,""y"":0.5749178919298895,""z"":5,""id"":""00f21dc6-2d14-40cc-a05a-05e38cd5438d"",""path"":""https://zckngbdtquzqrmrpjhhx.supabase.co/storage/v1/object/public/page_photos/a25e0568-6a10-4582-9562-2c78fc211089/00f21dc6-2d14-40cc-a05a-05e38cd5438d.webp"",""type"":""image"",""width"":0.5443996034085314,""height"":0.4469619075603706,""rotation"":0,""placeholder"":""LWKTrHoOE1Io~8I=t6WU~TxsNGxa""},{""x"":0.5533333333333333,""y"":0.7120279020863801,""z"":6,""id"":""429c1710-6fcc-46ad-939b-29cc313fa027"",""path"":""https://zckngbdtquzqrmrpjhhx.supabase.co/storage/v1/object/public/page_photos/a25e0568-6a10-4582-9562-2c78fc211089/429c1710-6fcc-46ad-939b-29cc313fa027.webp"",""type"":""image"",""width"":0.3590380444172741,""height"":0.2947767195544122,""rotation"":0,""placeholder"":""LxG[sI~qxuM{t7xas:WCIoM{j[t7""},{""x"":0.5826666666666667,""y"":0.42651887715156445,""z"":7,""id"":""5e646d5e-1818-48a2-994a-a124737b712b"",""type"":""text"",""width"":0,""height"":0,""fontSize"":0.024630541871921183,""fontType"":""Calibri"",""rotation"":0,""fontColor"":""#000"",""textContent"":""交換禮物""},{""x"":0.37377779134114586,""y"":0.45894908435238996,""z"":8,""id"":""3e1c0113-d69f-4e1d-a0d5-ea3699e20ac2"",""type"":""text"",""width"":0,""height"":0,""fontSize"":0.01847290640394089,""fontType"":""Calibri"",""rotation"":0,""fontColor"":""#fdf0d5"",""textContent"":""抽到妮可和的包包\n剛好配我買的帽子\n好幸福""},{""x"":0.5568888753255208,""y"":0.14942529988406328,""z"":9,""id"":""ff2a2066-a4a7-45ad-8ccb-a2c1fcc6f0f9"",""type"":""text"",""width"":0,""height"":0,""fontSize"":0.017241379310344827,""fontType"":""Calibri"",""rotation"":0,""fontColor"":""#000"",""textContent"":""如婷去韓國回來的紀念品\n哭喔😭""},{""x"":0.0315555419921875,""y"":0.11904762531148977,""z"":10,""id"":""48d45357-9351-4dfd-b5ce-fcdb039c2f54"",""type"":""text"",""width"":0,""height"":0,""fontSize"":0.014778325123152709,""fontType"":""Calibri"",""rotation"":0,""fontColor"":""#fdf0d5"",""textContent"":""今天最後沒出門\n昨天7:00才睡\n中午13:00起床\n還是畫了妝\n2025第一天🈶漂亮""},{""x"":0.075111083984375,""y"":0.5915435076934363,""z"":11,""id"":""38385a81-9ab0-4b11-bbcd-20190374e9eb"",""type"":""text"",""width"":0,""height"":0,""fontSize"":0.022167487684729065,""fontType"":""Calibri"",""rotation"":0,""fontColor"":""#000"",""textContent"":""如婷的地獄禮物\n已轉送鶴文""},{""x"":0.5497777506510416,""y"":0.7442528860909599,""z"":12,""id"":""10bb6232-6fc1-447a-8c2f-4271ce9cdfea"",""type"":""text"",""width"":0,""height"":0,""fontSize"":0.020935960591133004,""fontType"":""Calibri"",""rotation"":0,""fontColor"":""#fdf0d5"",""textContent"":""我收到的地獄禮物\n非常喜氣""}],""maxZIndex"":12,""backgroundImage"":{""path"":""bg_04"",""type"":""local""}}"
"957f7b6f-4d1d-45fd-ac67-410f2d5c8240","2025-01-01T17:08:41.346965+00:00","2024-12-31","2025-01-01T17:08:41.346965+00:00",false,"4b381455-be80-45e1-96e9-03ea15450ad8","a6300bac-4d56-49f3-9e9e-a3919a9bd8cf","{""id"":""957f7b6f-4d1d-45fd-ac67-410f2d5c8240"",""items"":[{""x"":0.03162387945713141,""y"":0.11848341232227488,""z"":11,""id"":""2b4eabfb-4b6d-4b91-83b3-d29673af1dac"",""path"":""https://zckngbdtquzqrmrpjhhx.supabase.co/storage/v1/object/public/page_photos/9eb4d9fc-8130-4534-a223-1fe15643cc46/2b4eabfb-4b6d-4b91-83b3-d29673af1dac.webp"",""type"":""image"",""width"":0.5214576776192998,""height"":0.32127724213511366,""rotation"":0,""placeholder"":""LMC$yBM{XUM|~VNIIut7WWWrIoxt""},{""x"":0.4427350362141927,""y"":0.5256714210691045,""z"":9,""id"":""6d89d3e9-d23a-4d71-a7ec-2174298ba722"",""path"":""https://zckngbdtquzqrmrpjhhx.supabase.co/storage/v1/object/public/page_photos/9eb4d9fc-8130-4534-a223-1fe15643cc46/6d89d3e9-d23a-4d71-a7ec-2174298ba722.webp"",""type"":""image"",""width"":0.5140056970722405,""height"":0.31668597449948466,""rotation"":0,""placeholder"":""LUF5Q}o%R:wN~XWZR*bII^i_jXS}""},{""x"":0.5735043256710737,""y"":0.2014217647895994,""z"":17,""id"":""9223ac42-60d7-4dbf-9769-c58feef29c8b"",""type"":""text"",""width"":0,""height"":0,""fontSize"":0.013033175355450236,""fontType"":""Calibri"",""rotation"":0,""fontColor"":""#000"",""textContent"":""跨年當天中午才超臨時的\n買了附近一個活動的票\n叫做Silent Disco 以前有去過一次\n基本上就是DJ放音樂大家跳舞\n只是每個人都戴著耳機\n所以從外面看就是群魔亂舞""},{""x"":0.5,""y"":0.5,""z"":13,""id"":""0dff72c7-78d9-4a04-871a-606a80b9163a"",""type"":""text"",""width"":0,""height"":0,""fontSize"":0.035545023696682464,""fontType"":""Calibri"",""rotation"":0,""fontColor"":""#000"",""textContent"":""""},{""x"":0.04273501665164263,""y"":0.45102686226650435,""z"":19,""id"":""28d74949-2500-4f08-9f1c-179413c2f9b4"",""type"":""text"",""width"":0,""height"":0,""fontSize"":0.014218009478672985,""fontType"":""Calibri"",""rotation"":0,""fontColor"":""#000"",""textContent"":""今天去的有3個DJ同時播歌\n耳機可以切換頻道聽不同音樂\n耳機會按照頻道切換顏色\n大螢幕播時代廣場跨年直播\n蠻有趣的\n\n但今天美中不足的是：\n出門的時候下超大雨\n耳機音質很爛\nDJ選歌品味很普\n但還是開心跨了年""},{""x"":0.5820512820512821,""y"":0.1295418761917765,""z"":18,""id"":""57a33444-87d0-4a39-9266-496f7d2754fa"",""type"":""text"",""width"":0,""height"":0,""fontSize"":0.035545023696682464,""fontType"":""Calibri"",""rotation"":0,""fontColor"":""#000"",""textContent"":""🎆跨年🎆""}],""maxZIndex"":19,""backgroundImage"":{""path"":""bg_04"",""type"":""local""}}"
"028f05cc-5700-400a-b73e-1c45de96d047","2025-01-01T17:36:33.917112+00:00","2025-01-01","2025-01-01T17:40:05.002828+00:00",false,"4b381455-be80-45e1-96e9-03ea15450ad8","2bdbc127-920a-432e-b1b6-1fa1ed6687a1","{""id"":""028f05cc-5700-400a-b73e-1c45de96d047"",""items"":[{""x"":0.08253100183275011,""y"":0.10614432703979715,""z"":1,""id"":""1d9d8098-684f-4929-8ca3-1a560f9f66d0"",""path"":""https://zckngbdtquzqrmrpjhhx.supabase.co/storage/v1/object/public/page_photos/f7010ecc-27d2-43a4-871e-d7e647d1ee4f/1d9d8098-684f-4929-8ca3-1a560f9f66d0.webp"",""type"":""image"",""width"":0.6355320501953607,""height"":0.23548991795893973,""rotation"":0,""placeholder"":""LIG*yjyDo~~C4nNHxu^*S~n$MxkW""},{""x"":0.1079654375712077,""y"":0.3673804938411451,""z"":3,""id"":""d09075bf-e907-4b75-be81-12f370081b19"",""type"":""text"",""width"":0,""height"":0,""fontSize"":0.013209057639524244,""fontType"":""Calibri"",""rotation"":0,""fontColor"":""#000"",""textContent"":""明天休假準備去飯店附近吃東西+玩\n有約我的同事但跟我同房的新同事沒約\n結果剛剛有另一個A同事來我們房間說\n明天的餐廳決定好了嗎\n這眼力見真的很屌\n被新同事問我們明天要幹嘛\n但就算講成這樣我也沒開口問新同事要不要一起的意思😍""}],""maxZIndex"":3,""backgroundImage"":{""path"":""bg_04"",""type"":""local""}}"
"9a4510a2-db8f-4e67-bee7-6e8d803abd8d","2025-01-04T15:17:53.205469+00:00","2025-01-04","2025-01-04T15:17:53.205469+00:00",false,"4b381455-be80-45e1-96e9-03ea15450ad8","6eea90f5-325a-4ccf-aceb-3471c02914c0","{""id"":""9a4510a2-db8f-4e67-bee7-6e8d803abd8d"",""items"":[{""x"":0.11620018257742923,""y"":0.16725352112676056,""z"":1,""id"":""206e7059-247b-45fa-9f48-b0151b04b910"",""path"":""https://zckngbdtquzqrmrpjhhx.supabase.co/storage/v1/object/public/page_photos/06435e09-bc0a-4026-82a8-f1743489a5c8/206e7059-247b-45fa-9f48-b0151b04b910.webp"",""type"":""image"",""width"":0.5907657632797042,""height"":0.36333481215794017,""rotation"":0,""placeholder"":""LOGIM@4m?Hxt^%IB?a%2WB-UxtRj""},{""x"":0.7256149408471493,""y"":0.4823943661971831,""z"":2,""id"":""bad04219-3728-43eb-9958-d6caed2ecf45"",""type"":""text"",""width"":0,""height"":0,""fontSize"":0.011737089201877934,""fontType"":""Calibri"",""rotation"":0,""fontColor"":""#000"",""textContent"":""你好\n你好你好你好\n我的頭髮是真的""}],""maxZIndex"":2,""backgroundImage"":{""path"":""bg_04"",""type"":""local""}}"
"92932995-d062-4bd0-9c62-622496ab1bf9","2025-01-01T16:38:26.27598+00:00","2025-01-02","2025-01-04T15:29:55.58929+00:00",false,"4b381455-be80-45e1-96e9-03ea15450ad8","eecd2083-81ee-4e52-a4cf-fd6687bd002d","{""id"":""92932995-d062-4bd0-9c62-622496ab1bf9"",""items"":[{""x"":0.02577777099609375,""y"":0.0613710939003329,""z"":1,""id"":""35aa8dbd-e885-4d9b-83dc-f15f52a6492d"",""path"":""https://zckngbdtquzqrmrpjhhx.supabase.co/storage/v1/object/public/page_photos/a25e0568-6a10-4582-9562-2c78fc211089/35aa8dbd-e885-4d9b-83dc-f15f52a6492d.webp"",""type"":""image"",""width"":0.6013691011679395,""height"":0.6013691011679395,""rotation"":0,""placeholder"":""L14n}V~WIAVt8_RQ-ps:VsjFjERj""},{""x"":0.6377777506510417,""y"":0.2713464821500731,""z"":2,""id"":""0435c3bf-9901-4671-be90-560d3c6b0555"",""type"":""text"",""width"":0,""height"":0,""fontSize"":0.012315270935960592,""fontType"":""Calibri"",""rotation"":0,""fontColor"":""#FFF"",""textContent"":""""},{""x"":0.3755555419921875,""y"":0.47516419734860876,""z"":3,""id"":""90ddde04-87ed-4b9a-a9fe-9a64919fb8ac"",""path"":""https://zckngbdtquzqrmrpjhhx.supabase.co/storage/v1/object/public/page_photos/a25e0568-6a10-4582-9562-2c78fc211089/90ddde04-87ed-4b9a-a9fe-9a64919fb8ac.webp"",""type"":""image"",""width"":0.5988087138619169,""height"":0.3511415955823224,""rotation"":0,""placeholder"":""LEJRQ_%#5Tnh9GRixtxu0%ROm*XS""},{""x"":0.284,""y"":0.8378489452042603,""z"":4,""id"":""e8baf4ba-8044-47bd-bb6d-c8b400edf83d"",""type"":""text"",""width"":0,""height"":0,""fontSize"":0.014778325123152709,""fontType"":""Calibri"",""rotation"":0,""fontColor"":""#FFF"",""textContent"":""我打開了10月去到立山買的牛奶果醬\n麵包烤的剛剛好\n我喜歡日本的理由之一是\n到處都可以買到100種口味的好吃果醬""},{""x"":0.07244441731770833,""y"":0.7803776557809614,""z"":5,""id"":""de1512a5-6cab-4497-a76d-33a4e154249d"",""type"":""text"",""width"":0,""height"":0,""fontSize"":0.020935960591133004,""fontType"":""Calibri"",""rotation"":0,""fontColor"":""#FFF"",""textContent"":""很好的問題""},{""x"":0.29377779134114584,""y"":0.9507389162561576,""z"":6,""id"":""ac099337-faab-40e3-8611-605db0084b80"",""type"":""text"",""width"":0,""height"":0,""fontSize"":0.01847290640394089,""fontType"":""Calibri"",""rotation"":0,""fontColor"":""#FFF"",""textContent"":""我東西也還沒拆完（二蛤）""}],""maxZIndex"":6,""backgroundImage"":{""path"":""bg_03"",""type"":""local""}}"
"4036a040-d049-4e28-9e85-218c89866698","2025-01-03T07:50:46.763575+00:00","2025-01-02","2025-01-03T07:54:32.112127+00:00",false,"4b381455-be80-45e1-96e9-03ea15450ad8","2bdbc127-920a-432e-b1b6-1fa1ed6687a1","{""id"":""4036a040-d049-4e28-9e85-218c89866698"",""items"":[{""x"":-0.2030557526482476,""y"":-0.01218528128062926,""z"":1,""id"":""dc0f6e56-a973-4d0f-a2ff-4fdb5d3cc8ac"",""path"":""https://zckngbdtquzqrmrpjhhx.supabase.co/storage/v1/object/public/page_photos/f7010ecc-27d2-43a4-871e-d7e647d1ee4f/dc0f6e56-a973-4d0f-a2ff-4fdb5d3cc8ac.webp"",""type"":""image"",""width"":1.4329753548948208,""height"":0.530974399572189,""rotation"":-0.003082507810701962,""placeholder"":""LMG7;|%$b]bq}@RkNat8ozV@RiRk""},{""x"":-0.1809076571630107,""y"":0.5133452560183441,""z"":11,""id"":""956ce335-1ef7-41b8-9db7-bafbff044883"",""path"":""https://zckngbdtquzqrmrpjhhx.supabase.co/storage/v1/object/public/page_photos/f7010ecc-27d2-43a4-871e-d7e647d1ee4f/956ce335-1ef7-41b8-9db7-bafbff044883.webp"",""type"":""image"",""width"":0.6648969012500326,""height"":0.4927415279163096,""rotation"":-0.0015118505022972961,""placeholder"":""LPFP4??b9F9F~p%M9GD%%Ms;IUM{""},{""x"":0.4775083886252509,""y"":0.514039926537656,""z"":3,""id"":""f9de30a3-db5d-4a78-a1df-9a908cdf4c33"",""path"":""https://zckngbdtquzqrmrpjhhx.supabase.co/storage/v1/object/public/page_photos/f7010ecc-27d2-43a4-871e-d7e647d1ee4f/f9de30a3-db5d-4a78-a1df-9a908cdf4c33.webp"",""type"":""image"",""width"":0.5775309948989118,""height"":0.5072550366907185,""rotation"":0,""placeholder"":""LOHwom-n9a%L~UxaRkR*tlR*R%xa""},{""x"":0.5282395653012726,""y"":0.400095251551595,""z"":8,""id"":""077dc465-86bd-4bf0-862e-f365402f7da3"",""type"":""text"",""width"":0,""height"":0,""fontSize"":0.012008234217749313,""fontType"":""PragmaticaExtended-Bold"",""rotation"":0,""fontColor"":""#FFC300"",""textContent"":""休假日跟同事去吃飯+唱歌\n謝謝組長請吃飯\n好久沒唱歌真的好開心爆唱五小時\n唱完回飯店打switch \n人果然要遠離工作""},{""x"":0.12034351511134043,""y"":0.10306702127504656,""z"":13,""id"":""aa3e60aa-3772-4f66-8e72-b827134ad0a6"",""type"":""text"",""width"":0,""height"":0,""fontSize"":0.012008234217749313,""fontType"":""Calibri-Bold"",""rotation"":0,""fontColor"":""#fdf0d5"",""textContent"":""結果新同事在我們集合的時候從旁邊經過\n也一起來了桿領羊\n真的是很會抓時間""},{""x"":0.3299353912472725,""y"":0.1493135995188113,""z"":12,""id"":""b49e6546-4ff7-4d8e-ab43-48544cbff5f1"",""type"":""text"",""width"":0,""height"":0,""fontSize"":0.03602470265324794,""fontType"":""Calibri"",""rotation"":0,""fontColor"":""#000"",""textContent"":""👉🏻""}],""maxZIndex"":13,""backgroundImage"":{""path"":""bg_04"",""type"":""local""}}"
"4ac670e6-f118-4acf-91ca-983e28dd5356","2025-01-04T15:32:29.301989+00:00","2025-01-04","2025-01-04T15:35:17.294903+00:00",false,"4b381455-be80-45e1-96e9-03ea15450ad8","eecd2083-81ee-4e52-a4cf-fd6687bd002d","{""id"":""4ac670e6-f118-4acf-91ca-983e28dd5356"",""items"":[{""x"":0.05911114501953125,""y"":0.08825943857578221,""z"":6,""id"":""d069e961-43f2-4289-8713-03e13a5daa9c"",""path"":""https://zckngbdtquzqrmrpjhhx.supabase.co/storage/v1/object/public/page_photos/a25e0568-6a10-4582-9562-2c78fc211089/d069e961-43f2-4289-8713-03e13a5daa9c.webp"",""type"":""image"",""width"":0.5420573853249238,""height"":0.2503343836168059,""rotation"":0,""placeholder"":""LdMaIq9F.8%M~qx]RjV@-oxuIVM{""},{""x"":0.3128889363606772,""y"":0.34359606850910634,""z"":8,""id"":""16849d4e-80b5-46d2-a530-d0328299ebd2"",""path"":""https://zckngbdtquzqrmrpjhhx.supabase.co/storage/v1/object/public/page_photos/a25e0568-6a10-4582-9562-2c78fc211089/16849d4e-80b5-46d2-a530-d0328299ebd2.webp"",""type"":""image"",""width"":0.6498275952450587,""height"":0.3001051086414988,""rotation"":-0.00848852995807059,""placeholder"":""LNHUOPIsS4t7ER^*xuof0LSh%Lxt""},{""x"":0.41911112467447914,""y"":0.2015599405824257,""z"":7,""id"":""b9b691af-c966-4c44-8b65-66bd4eaa4354"",""type"":""text"",""width"":0,""height"":0,""fontSize"":0.019704433497536946,""fontType"":""Calibri"",""rotation"":0,""fontColor"":""#c1121f"",""textContent"":""我的頭上有恐龍""},{""x"":0.42977783203125,""y"":0.6490147783251231,""z"":9,""id"":""293fc8c2-9c77-4896-a97f-ee3329e6bc7e"",""type"":""text"",""width"":0,""height"":0,""fontSize"":0.017241379310344827,""fontType"":""Calibri"",""rotation"":0,""fontColor"":""#000"",""textContent"":""我覺得蠻好吃的\n但日本人說很好吃但這個鹹度\n連日本人都會覺得很鹹(#^.^#)\n但我覺得剛剛好\n我希望我老了不要去洗腎""},{""x"":0.2413333740234375,""y"":0.766830904730435,""z"":10,""id"":""26889e3b-6088-4fb5-aece-d2a49fc53eae"",""type"":""text"",""width"":0,""height"":0,""fontSize"":0.01979233531464329,""fontType"":""Calibri"",""rotation"":0,""fontColor"":""#669bbc"",""textContent"":""今天好好看了大學的介紹\n還有大概整理了面試的部分\n總之找到了想研究的方向\n我也覺得蠻有趣的\n然後明天要寫志望理由\n開心🥳一切都好好的在前進""}],""maxZIndex"":10,""backgroundImage"":{""path"":""bg_04"",""type"":""local""}}"
"66733d44-8ca6-4cb4-a88a-d15057602f99","2025-01-05T04:50:23.769001+00:00","2025-01-04","2025-01-05T04:51:06.036712+00:00",false,"4b381455-be80-45e1-96e9-03ea15450ad8","a6300bac-4d56-49f3-9e9e-a3919a9bd8cf","{""id"":""66733d44-8ca6-4cb4-a88a-d15057602f99"",""items"":[{""x"":0.08504272852188502,""y"":0.1317140479788396,""z"":1,""id"":""0e579b95-5f91-4d7f-9704-22a9857d3f84"",""path"":""https://zckngbdtquzqrmrpjhhx.supabase.co/storage/v1/object/public/page_photos/9eb4d9fc-8130-4534-a223-1fe15643cc46/0e579b95-5f91-4d7f-9704-22a9857d3f84.webp"",""type"":""image"",""width"":0.45405459915401253,""height"":0.2797492790996286,""rotation"":0,""placeholder"":""LYGu2X-:X-R*~Wofx]R*JUIo$*n%""},{""x"":0.08803417499248799,""y"":0.419826218302216,""z"":2,""id"":""8cb52b8b-82be-49db-8fe0-a21ad5dfd2e8"",""type"":""text"",""width"":0,""height"":0,""fontSize"":0.016808313749751856,""fontType"":""Calibri"",""rotation"":0,""fontColor"":""#000"",""textContent"":""今天一樣整天都在做事\n怎麼不知不覺就週六了\n可喜可賀的是\n病況有減輕\n希望明天可以康復""}],""maxZIndex"":2,""backgroundImage"":{""path"":""bg_04"",""type"":""local""}}"
"fcf0abc7-55e5-4c88-9058-6802e3c21df0","2025-01-05T15:57:15.485393+00:00","2025-01-05","2025-01-05T15:59:56.662685+00:00",false,"4b381455-be80-45e1-96e9-03ea15450ad8","2bdbc127-920a-432e-b1b6-1fa1ed6687a1","{""id"":""fcf0abc7-55e5-4c88-9058-6802e3c21df0"",""items"":[{""x"":-0.07137316858602895,""y"":-0.02144211882423722,""z"":19,""id"":""3b89f3cf-5bbb-488e-988f-87350ba67624"",""path"":""https://zckngbdtquzqrmrpjhhx.supabase.co/storage/v1/object/public/page_photos/f7010ecc-27d2-43a4-871e-d7e647d1ee4f/3b89f3cf-5bbb-488e-988f-87350ba67624.webp"",""type"":""image"",""width"":0.6042231420658312,""height"":0.39802439367557046,""rotation"":-0.12118745931824515,""placeholder"":""LJ9P:VSj9?ng?1jXI;bJXAnhsmbd""},{""x"":0.4503939564598517,""y"":-0.00957985968079353,""z"":20,""id"":""124cb753-c71a-4d35-baac-f4469dcaecaf"",""path"":""https://zckngbdtquzqrmrpjhhx.supabase.co/storage/v1/object/public/page_photos/f7010ecc-27d2-43a4-871e-d7e647d1ee4f/124cb753-c71a-4d35-baac-f4469dcaecaf.webp"",""type"":""image"",""width"":0.5605286232145784,""height"":0.41543689645389187,""rotation"":0.07354962009931043,""placeholder"":""LfGuE*jF%2s:~ps,S5xt~WRjt6bH""},{""x"":-0.01866596390803655,""y"":0.3095774712468764,""z"":18,""id"":""0d1aad4c-26b2-4d80-a1e6-5a94859a94f7"",""path"":""https://zckngbdtquzqrmrpjhhx.supabase.co/storage/v1/object/public/page_photos/f7010ecc-27d2-43a4-871e-d7e647d1ee4f/0d1aad4c-26b2-4d80-a1e6-5a94859a94f7.webp"",""type"":""image"",""width"":1.0659074054181745,""height"":0.3510422622537247,""rotation"":-0.008988044679282936,""placeholder"":""L69QX6D*0Kog00-:%Mk8~mM|%MM|""},{""x"":0.49263203715284665,""y"":0.6953859361125477,""z"":22,""id"":""8dfb2b12-49ee-4d7d-82bc-6b24ef6e68de"",""type"":""text"",""width"":0,""height"":0,""fontSize"":0.014409881061299175,""fontType"":""Calibri-Bold"",""rotation"":0,""fontColor"":""#000"",""textContent"":""跨年場結束\n明天又要上班了\n各位加油🥹🫡\n\n我買了一顆盲盒\n後來部門又贊助一顆\n抽到阿信跟冠佑\n大家都想要阿信而且數量稀少\n運氣怎麼會點在這裡""},{""x"":0.05007711506138245,""y"":0.6946387937717324,""z"":21,""id"":""366fed94-0e57-4a9b-bb35-cfc1795a09e2"",""path"":""https://zckngbdtquzqrmrpjhhx.supabase.co/storage/v1/object/public/page_photos/f7010ecc-27d2-43a4-871e-d7e647d1ee4f/366fed94-0e57-4a9b-bb35-cfc1795a09e2.webp"",""type"":""image"",""width"":0.3999557828925905,""height"":0.2634658405147896,""rotation"":3.1374069169707464,""placeholder"":""LGC$pE}uo@GEIVr;RNjE0J5=-q+~""}],""maxZIndex"":22,""backgroundImage"":{""path"":""bg_04"",""type"":""local""}}"
"901bd09d-3118-44ed-a32f-54d8bb9219de","2025-01-06T07:04:53.523746+00:00","2025-01-05","2025-01-06T17:17:15.290591+00:00",false,"4b381455-be80-45e1-96e9-03ea15450ad8","a6300bac-4d56-49f3-9e9e-a3919a9bd8cf","{""id"":""901bd09d-3118-44ed-a32f-54d8bb9219de"",""items"":[{""x"":0.1786324916741787,""y"":0.20240916573040857,""z"":1,""id"":""0c2b860f-5931-4faa-8aaa-4bc4e821a8f9"",""path"":""https://zckngbdtquzqrmrpjhhx.supabase.co/storage/v1/object/public/page_photos/9eb4d9fc-8130-4534-a223-1fe15643cc46/0c2b860f-5931-4faa-8aaa-4bc4e821a8f9.webp"",""type"":""image"",""width"":0.6858306121302975,""height"":0.4225496662414155,""rotation"":0,""placeholder"":""LLFiMiozDjWBoeaza}j[01afxuj]""},{""x"":0.17692307692307693,""y"":0.6406003039030103,""z"":2,""id"":""a8407368-5836-469f-b1dd-acb85c79e3e4"",""type"":""text"",""width"":0,""height"":0,""fontSize"":0.016587677725118485,""fontType"":""Calibri"",""rotation"":0,""fontColor"":""#000"",""textContent"":""又又又是整天畫圖的一天\n好悶但開心的是身體已康復\n明天大概也是整天畫圖日""},{""x"":0.20598289294120592,""y"":0.21248024673823496,""z"":3,""id"":""e590a643-0075-41c0-bfd5-f7bdc23be854"",""type"":""text"",""width"":0,""height"":0,""fontSize"":0.02014218009478673,""fontType"":""Calibri"",""rotation"":0,""fontColor"":""#FFF"",""textContent"":""今天試圖畫新作品集的我be like""},{""x"":0.44188036796374197,""y"":0.7685623892110671,""z"":4,""id"":""1bc9b515-adde-4348-8443-ef564b825f7e"",""type"":""text"",""width"":0,""height"":0,""fontSize"":0.014218009478672985,""fontType"":""Calibri"",""rotation"":0,""fontColor"":""#000"",""textContent"":""可以出但真的有人會看嗎😍""}],""maxZIndex"":4,""backgroundImage"":{""path"":""bg_04"",""type"":""local""}}"
"a9955a7f-43b6-405c-b1de-a83ee28ce7d7","2025-01-05T16:06:15.604939+00:00","2025-01-05","2025-01-05T16:08:32.871463+00:00",false,"4b381455-be80-45e1-96e9-03ea15450ad8","632e3d17-8713-46e9-ab1b-604bfa3ce11f","{""id"":""a9955a7f-43b6-405c-b1de-a83ee28ce7d7"",""items"":[{""x"":-0.011538461538461539,""y"":-0.05608216055196608,""z"":10,""id"":""362f49d6-800b-49cc-ace7-50fe5600d347"",""path"":""https://zckngbdtquzqrmrpjhhx.supabase.co/storage/v1/object/public/page_photos/2caf72af-e28f-4cc1-a20f-e8b79a48964b/362f49d6-800b-49cc-ace7-50fe5600d347.webp"",""type"":""image"",""width"":0.6728617628537883,""height"":0.5527458399430804,""rotation"":-0.02399565641636492,""placeholder"":""LUIOOkRjoeNG~ps;xaof-;ozfixt""},{""x"":0.36025642981896033,""y"":0.6356634980694378,""z"":6,""id"":""1b3e700b-2607-4bca-a922-4c952e6ad840"",""path"":""https://zckngbdtquzqrmrpjhhx.supabase.co/storage/v1/object/public/page_photos/2caf72af-e28f-4cc1-a20f-e8b79a48964b/1b3e700b-2607-4bca-a922-4c952e6ad840.webp"",""type"":""image"",""width"":0.5816503710139105,""height"":0.4778170504379675,""rotation"":0.004736285269700602,""placeholder"":""LDFOlgb]%fsm0zxCoct6xRv}xZS}""},{""x"":-0.09743595612354732,""y"":0.40521326110261324,""z"":11,""id"":""75c6df41-0ca1-4f10-8c87-5627cb36fd5b"",""path"":""https://zckngbdtquzqrmrpjhhx.supabase.co/storage/v1/object/public/page_photos/2caf72af-e28f-4cc1-a20f-e8b79a48964b/75c6df41-0ca1-4f10-8c87-5627cb36fd5b.webp"",""type"":""image"",""width"":1.1276704636774066,""height"":0.2931074738971932,""rotation"":0.002728926800025011,""placeholder"":""LFF~26byFynN}Zx^K6nO~BOZS~$i""},{""x"":0.03333333333333333,""y"":0.7413112224560778,""z"":12,""id"":""1adfe6b8-764d-4de8-bea3-427fbabb0df1"",""type"":""text"",""width"":0,""height"":0,""fontSize"":0.013033175355450236,""fontType"":""Calibri"",""rotation"":0,""fontColor"":""#669bbc"",""textContent"":""喜翻台中 超多狗狗 \n謝謝台中美眉""},{""x"":0.08461538461538462,""y"":0.35939967801785583,""z"":13,""id"":""9572ab4e-9973-434b-9f99-a22b62e29f40"",""type"":""text"",""width"":0,""height"":0,""fontSize"":0.011848341232227487,""fontType"":""Calibri"",""rotation"":0,""fontColor"":""#FFF"",""textContent"":""這是選擇障礙人的腳腳🦶\n我終於買了在日本買不到的鞋！尖叫聲""},{""x"":0.032478645520332534,""y"":0.8045023696682464,""z"":14,""id"":""607d48d6-0188-4058-ad24-bfec89f296c2"",""type"":""text"",""width"":0,""height"":0,""fontSize"":0.011848341232227487,""fontType"":""Calibri"",""rotation"":0,""fontColor"":""#669bbc"",""textContent"":""但是勤美術館超級無敵小到令人悲傷\n我甚至帶了相機？？？🥶🥶""}],""maxZIndex"":14,""backgroundImage"":{""path"":""bg_04"",""type"":""local""}}"
"edd60c3a-bda9-4f39-b228-301c78bdf485","2025-01-05T20:04:23.758581+00:00","2025-01-05","2025-01-05T20:07:59.161559+00:00",false,"4b381455-be80-45e1-96e9-03ea15450ad8","eecd2083-81ee-4e52-a4cf-fd6687bd002d","{""id"":""edd60c3a-bda9-4f39-b228-301c78bdf485"",""items"":[{""x"":0.05466664632161458,""y"":0.07820197044334976,""z"":1,""id"":""dd130207-5498-4195-b63b-f459efab3e64"",""path"":""https://zckngbdtquzqrmrpjhhx.supabase.co/storage/v1/object/public/page_photos/a25e0568-6a10-4582-9562-2c78fc211089/dd130207-5498-4195-b63b-f459efab3e64.webp"",""type"":""image"",""width"":0.660000859449228,""height"":0.30480335257815333,""rotation"":0,""placeholder"":""LLIXEP_2%gW?4=Rl%2jY_MENbcRj""},{""x"":0.14622220865885416,""y"":0.38752053171543066,""z"":2,""id"":""4511684a-8723-4385-9faa-3259f28195f6"",""type"":""text"",""width"":0,""height"":0,""fontSize"":0.024630541871921183,""fontType"":""Calibri"",""rotation"":0,""fontColor"":""#000"",""textContent"":""欣柔妹妹來家裡\n做提拉米蘇給我們吃\n今天冰出來🐎好吃死""},{""x"":0.36844441731770833,""y"":0.48173233558391704,""z"":7,""id"":""bb91c993-c1fe-423f-b291-a78586d3daeb"",""path"":""https://zckngbdtquzqrmrpjhhx.supabase.co/storage/v1/object/public/page_photos/a25e0568-6a10-4582-9562-2c78fc211089/bb91c993-c1fe-423f-b291-a78586d3daeb.webp"",""type"":""image"",""width"":0.6051599813304044,""height"":0.49690938122173295,""rotation"":0,""placeholder"":""LOFFZ~4oD%kD~qM{M{kC4n%Mt7js""},{""x"":0.38266666666666665,""y"":0.7729885308026093,""z"":8,""id"":""e97f3fe8-2c22-472c-9460-e895ea56b5d5"",""type"":""text"",""width"":0,""height"":0,""fontSize"":0.014778325123152709,""fontType"":""Calibri"",""rotation"":0,""fontColor"":""#fdf0d5"",""textContent"":""意外發現我在去年第一封寄的實驗室的信\n就是這個Paper的教授的實驗室\n對她的研究方向愛不釋手\n也非常好看 有趣分享給大家\n是藝術影響政治的關係分析""}],""maxZIndex"":8,""backgroundImage"":{""path"":""bg_04"",""type"":""local""}}"
"ae1ef296-067c-452c-82da-83ae140aa9b6","2025-01-08T16:22:08.56911+00:00","2025-01-08","2025-01-08T16:22:08.56911+00:00",false,"4b381455-be80-45e1-96e9-03ea15450ad8","632e3d17-8713-46e9-ab1b-604bfa3ce11f","{""id"":""ae1ef296-067c-452c-82da-83ae140aa9b6"",""items"":[{""x"":0.3401709140875401,""y"":0.4372037914691943,""z"":1,""id"":""73dae5c5-208f-4c98-b464-1856dfdc9326"",""type"":""text"",""width"":0,""height"":0,""fontSize"":0.015402843601895734,""fontType"":""Calibri"",""rotation"":0,""fontColor"":""#c1121f"",""textContent"":""連同學幾天沒更新了？？\n強力譴責""}],""maxZIndex"":1,""backgroundImage"":{""path"":""bg_04"",""type"":""local""}}"
"1ee628a4-15f9-4b9c-89e2-cc5633b6d127","2025-01-06T07:03:01.078297+00:00","2025-01-06","2025-01-06T17:18:10.44307+00:00",false,"4b381455-be80-45e1-96e9-03ea15450ad8","a6300bac-4d56-49f3-9e9e-a3919a9bd8cf","{""id"":""1ee628a4-15f9-4b9c-89e2-cc5633b6d127"",""items"":[{""x"":0.12521368173452524,""y"":0.11591626569558094,""z"":6,""id"":""e4aca024-d981-4070-9b01-60e95ce65216"",""path"":""https://zckngbdtquzqrmrpjhhx.supabase.co/storage/v1/object/public/page_photos/9eb4d9fc-8130-4534-a223-1fe15643cc46/e4aca024-d981-4070-9b01-60e95ce65216.webp"",""type"":""image"",""width"":0.6988336256057571,""height"":0.43056100155804944,""rotation"":0,""placeholder"":""LOE3C$8^%NV@-;IAx]Ri%gM{ozoL""},{""x"":0.13247864552033253,""y"":0.5552922831892402,""z"":7,""id"":""a27bf01e-6a4b-42bb-a0a3-074ffddd3bf3"",""type"":""text"",""width"":0,""height"":0,""fontSize"":0.022511848341232227,""fontType"":""Calibri-Bold"",""rotation"":0,""fontColor"":""#669bbc"",""textContent"":""今天下大雪🌨️""}],""maxZIndex"":7,""backgroundImage"":{""path"":""bg_01"",""type"":""local""}}"
"458b70ea-5e4d-40ec-aecb-8fc7456f60e5","2025-01-06T23:34:04.106145+00:00","2025-01-06","2025-01-06T23:34:04.106145+00:00",false,"4b381455-be80-45e1-96e9-03ea15450ad8","eecd2083-81ee-4e52-a4cf-fd6687bd002d","{""id"":""458b70ea-5e4d-40ec-aecb-8fc7456f60e5"",""items"":[{""x"":0.045777750651041664,""y"":0.10077996089540679,""z"":1,""id"":""8f40ace8-d1e5-4e29-9c89-eaf16e3c207c"",""path"":""https://zckngbdtquzqrmrpjhhx.supabase.co/storage/v1/object/public/page_photos/a25e0568-6a10-4582-9562-2c78fc211089/8f40ace8-d1e5-4e29-9c89-eaf16e3c207c.webp"",""type"":""image"",""width"":0.6857550861561377,""height"":0.3166972380647187,""rotation"":-0.13185942944878803,""placeholder"":""LKJ7?i_N5YM_?ubv%MtREKj?xtS6""},{""x"":0.1364444580078125,""y"":0.4757799608954068,""z"":2,""id"":""1c55d61e-68a2-4e8c-874d-2b442c94db70"",""type"":""text"",""width"":0,""height"":0,""fontSize"":0.023399014778325122,""fontType"":""Calibri"",""rotation"":0,""fontColor"":""#669bbc"",""textContent"":""前陣子跟國小同學重新聯繫上\n今年就收到她自己畫的聖誕卡片\n專屬於七八年級生的最後的感性\n好喜歡手寫的溫度""}],""maxZIndex"":2,""backgroundImage"":{""path"":""bg_04"",""type"":""local""}}"
"95af4169-a2bc-4d8d-ba43-0954ea3d5142","2025-01-07T14:14:40.776883+00:00","2025-01-07","2025-01-07T14:14:41.444308+00:00",false,"4b381455-be80-45e1-96e9-03ea15450ad8","eecd2083-81ee-4e52-a4cf-fd6687bd002d","{""id"":""95af4169-a2bc-4d8d-ba43-0954ea3d5142"",""items"":[{""x"":0.04933333333333333,""y"":0.09380131049696448,""z"":1,""id"":""d3acead9-48f9-44b9-874c-60fb27a00c61"",""path"":""https://zckngbdtquzqrmrpjhhx.supabase.co/storage/v1/object/public/page_photos/a25e0568-6a10-4582-9562-2c78fc211089/d3acead9-48f9-44b9-874c-60fb27a00c61.webp"",""type"":""image"",""width"":0.8189068121283865,""height"":0.37818972234993214,""rotation"":0,""placeholder"":""LCK12FK9T#.AM|IT9GMwIpIU9Zs+""},{""x"":0.32222218831380206,""y"":0.4963054281150179,""z"":8,""id"":""5547471d-da1c-4d46-9a28-d40d5f31d5c0"",""path"":""https://zckngbdtquzqrmrpjhhx.supabase.co/storage/v1/object/public/page_photos/a25e0568-6a10-4582-9562-2c78fc211089/5547471d-da1c-4d46-9a28-d40d5f31d5c0.webp"",""type"":""image"",""width"":0.6496584555094749,""height"":0.3000269960788831,""rotation"":0,""placeholder"":""LIH^^X+aie$z9a=Yw^xt8x?H^gt7""},{""x"":0.04355548095703125,""y"":0.5829228368298761,""z"":7,""id"":""12d4b858-2148-4d0f-9b1f-9db93bc96446"",""path"":""https://zckngbdtquzqrmrpjhhx.supabase.co/storage/v1/object/public/page_photos/a25e0568-6a10-4582-9562-2c78fc211089/12d4b858-2148-4d0f-9b1f-9db93bc96446.webp"",""type"":""image"",""width"":0.5938110794640404,""height"":0.35224015181672347,""rotation"":0,""placeholder"":""LkO:b9kDozoM~qoJR*j[9uf6jZbH""},{""x"":0.22977779134114584,""y"":0.3817733990147783,""z"":4,""id"":""d9da06a0-a448-4e50-ab78-500350df11b2"",""type"":""text"",""width"":0,""height"":0,""fontSize"":0.012315270935960592,""fontType"":""Calibri"",""rotation"":0,""fontColor"":""#000"",""textContent"":""收到了我高中同學幫我\n在日本收大學的資料\n轉寄回台灣給我（約一個月）\n只能說日本速度效率驚人\n然後我寫完要再寄給我朋友再幫我寄去學校😍""},{""x"":0.38888887532552086,""y"":0.5114942466096924,""z"":9,""id"":""f7c2766b-a2ac-4fe9-ab4a-3e46c9f59fff"",""type"":""text"",""width"":0,""height"":0,""fontSize"":0.01847290640394089,""fontType"":""Calibri"",""rotation"":0,""fontColor"":""#fdf0d5"",""textContent"":""跟主管今天去出攤（一小時）\n超緊張🫨沒賣多少\n我還是乖乖待在家\n午餐吃這家拉麵還不錯""},{""x"":0.45288887532552086,""y"":0.8156814575195312,""z"":10,""id"":""d967c4ec-41db-4c63-a9af-6250e38a70df"",""type"":""text"",""width"":0,""height"":0,""fontSize"":0.03694581280788178,""fontType"":""Calibri"",""rotation"":0,""fontColor"":""#000"",""textContent"":""新歌直接迷上\n超愛""}],""maxZIndex"":10,""backgroundImage"":{""path"":""bg_04"",""type"":""local""}}"
"edc3539d-a720-4c05-a751-5637a8289b09","2025-01-06T14:13:15.780727+00:00","2025-01-06","2025-01-07T15:18:57.430932+00:00",false,"4b381455-be80-45e1-96e9-03ea15450ad8","2bdbc127-920a-432e-b1b6-1fa1ed6687a1","{""id"":""edc3539d-a720-4c05-a751-5637a8289b09"",""items"":[{""x"":0.08694848004314634,""y"":0.08706050887635729,""z"":3,""id"":""e53cd886-f2ef-4d6c-808d-4d2d06138fcb"",""path"":""https://zckngbdtquzqrmrpjhhx.supabase.co/storage/v1/object/public/page_photos/f7010ecc-27d2-43a4-871e-d7e647d1ee4f/e53cd886-f2ef-4d6c-808d-4d2d06138fcb.webp"",""type"":""image"",""width"":0.6461566095563368,""height"":0.44120004405064245,""rotation"":0,""placeholder"":""LERMi1~QN#%M?89c-:xYRiRoxtRl""},{""x"":0.12557958496941463,""y"":0.5429469720278982,""z"":4,""id"":""7c924690-5eeb-4f62-a593-4547bf64a9cc"",""type"":""text"",""width"":0,""height"":0,""fontSize"":0.0192131747483989,""fontType"":""Calibri"",""rotation"":0,""fontColor"":""#000"",""textContent"":""幫前同事的朋友買五月天票\n結果賺到一餐牛小路 胃準備好了""},{""x"":0.47551280864410933,""y"":0.6299794766053297,""z"":7,""id"":""601c65f3-d7cc-47ba-8fc1-4c9744fa8a67"",""type"":""text"",""width"":0,""height"":0,""fontSize"":0.01801235132662397,""fontType"":""Calibri-Bold"",""rotation"":0,""fontColor"":""#FFC300"",""textContent"":""聽說是很貴的壽喜燒😛""},{""x"":0.2592742337120904,""y"":0.741964805267976,""z"":8,""id"":""250f9a25-33ee-44b3-9bd4-7e7a65879010"",""type"":""text"",""width"":0,""height"":0,""fontSize"":0.014409881061299175,""fontType"":""Calibri-Bold"",""rotation"":0,""fontColor"":""#FFC300"",""textContent"":""可以問看看\n但一人只有四個員購名額🥹""}],""maxZIndex"":8,""backgroundImage"":{""path"":""bg_04"",""type"":""local""}}"
"b2ea7a74-6350-474a-90b4-7f2b9e1eca92","2025-01-09T04:37:19.666501+00:00","2025-01-08","2025-01-09T04:46:22.702547+00:00",false,"4b381455-be80-45e1-96e9-03ea15450ad8","a6300bac-4d56-49f3-9e9e-a3919a9bd8cf","{""id"":""b2ea7a74-6350-474a-90b4-7f2b9e1eca92"",""items"":[{""x"":0.0846154041779347,""y"":0.12440758293838862,""z"":4,""id"":""f64cbb62-5cc4-4d03-beb1-3610aa831911"",""path"":""https://zckngbdtquzqrmrpjhhx.supabase.co/storage/v1/object/public/page_photos/9eb4d9fc-8130-4534-a223-1fe15643cc46/f64cbb62-5cc4-4d03-beb1-3610aa831911.webp"",""type"":""image"",""width"":0.5043347804298525,""height"":0.31072758983829774,""rotation"":0,""placeholder"":""LUEyMSxCI:ae_Mn#Rjn$EgM{nioe""},{""x"":0.0803418673001803,""y"":0.44510267357125666,""z"":6,""id"":""4556724e-d053-4644-a0ca-38e6d276c7f9"",""type"":""text"",""width"":0,""height"":0,""fontSize"":0.015402843601895734,""fontType"":""Calibri"",""rotation"":0,""fontColor"":""#000"",""textContent"":""今天仍舊病懨懨躺在家的一天\n但感覺有比昨天好一點點\n事情已經堆積如山 要瘋😍""},{""x"":0.32564102564102565,""y"":0.40284361997486856,""z"":5,""id"":""3457a3c6-780d-4b37-81af-b3ffef497581"",""type"":""text"",""width"":0,""height"":0,""fontSize"":0.017772511848341232,""fontType"":""Calibri"",""rotation"":0,""fontColor"":""#fdf0d5"",""textContent"":""狗照混更新""},{""x"":0.40982904678735976,""y"":0.5221169006203024,""z"":7,""id"":""cb27692f-8046-4670-b7ca-1b41e8b6f5bd"",""path"":""https://zckngbdtquzqrmrpjhhx.supabase.co/storage/v1/object/public/page_photos/9eb4d9fc-8130-4534-a223-1fe15643cc46/cb27692f-8046-4670-b7ca-1b41e8b6f5bd.webp"",""type"":""image"",""width"":0.5099212774791493,""height"":0.33469762867713976,""rotation"":0,""placeholder"":""LWIFJ5t7%g%2~pt6%2Rj9aoLMxIU""},{""x"":0.06666666666666667,""y"":0.5778040953722046,""z"":8,""id"":""a9610b9c-c606-429d-bdcd-ab537b563385"",""type"":""text"",""width"":0,""height"":0,""fontSize"":0.015402843601895734,""fontType"":""Calibri"",""rotation"":0,""fontColor"":""#000"",""textContent"":""突然想到我這幾天在看這部劇\n《人生切割術》\n講的是上班族跟邪惡大企業的故事\n如果喜歡驚悚類的朋友\n我推推""}],""maxZIndex"":8,""backgroundImage"":{""path"":""bg_05"",""type"":""local""}}"
"cb8c12a4-0da4-4025-878c-4697242a60cd","2025-01-07T15:16:21.928096+00:00","2025-01-07","2025-01-07T15:22:37.063365+00:00",false,"4b381455-be80-45e1-96e9-03ea15450ad8","2bdbc127-920a-432e-b1b6-1fa1ed6687a1","{""id"":""cb8c12a4-0da4-4025-878c-4697242a60cd"",""items"":[{""x"":0.09147463341554006,""y"":0.09507255841043163,""z"":3,""id"":""9e0b6015-ffa5-4a61-9315-af71f923b531"",""path"":""https://zckngbdtquzqrmrpjhhx.supabase.co/storage/v1/object/public/page_photos/f7010ecc-27d2-43a4-871e-d7e647d1ee4f/9e0b6015-ffa5-4a61-9315-af71f923b531.webp"",""type"":""image"",""width"":0.6093491282969014,""height"":0.40140107262009966,""rotation"":0,""placeholder"":""LhH.4wM{x]n~~pWC%2of%LxuM{WU""},{""x"":0.1166678183608585,""y"":0.5144632088134623,""z"":4,""id"":""e942300c-7bab-4e45-98d6-88b88669ad96"",""type"":""text"",""width"":0,""height"":0,""fontSize"":0.013209057639524244,""fontType"":""Calibri"",""rotation"":0,""fontColor"":""#000"",""textContent"":""個人覺得跨年後就應該要一路無所事事到新年才對\n但明天還要出差\n同時還要做其他案子的動畫\n實在無力 想在家睡覺""},{""x"":0.47299487855699324,""y"":0.5399111272922265,""z"":9,""id"":""f3bbfbe0-5c3e-4af6-91b5-a738c3a173ff"",""path"":""https://zckngbdtquzqrmrpjhhx.supabase.co/storage/v1/object/public/page_photos/f7010ecc-27d2-43a4-871e-d7e647d1ee4f/f3bbfbe0-5c3e-4af6-91b5-a738c3a173ff.webp"",""type"":""image"",""width"":0.6123534754555595,""height"":0.5378401980213515,""rotation"":0.001085269856612725,""placeholder"":""L5GbF,4.}t%2%$E3$M%M00M}Jjoz""},{""x"":0.5394357196158833,""y"":0.5929294346890532,""z"":10,""id"":""79931440-9464-40f2-91bf-2e08e2f2804b"",""type"":""text"",""width"":0,""height"":0,""fontSize"":0.03602470265324794,""fontType"":""Calibri"",""rotation"":0,""fontColor"":""#FFC300"",""textContent"":""好吃的薯條""}],""maxZIndex"":10,""backgroundImage"":{""path"":""bg_04"",""type"":""local""}}"
"b55d0bdb-0e6d-4d62-8fdb-5b72c610030b","2025-01-07T15:30:39.934589+00:00","2025-01-07","2025-01-07T15:30:39.934589+00:00",false,"4b381455-be80-45e1-96e9-03ea15450ad8","632e3d17-8713-46e9-ab1b-604bfa3ce11f","{""id"":""b55d0bdb-0e6d-4d62-8fdb-5b72c610030b"",""items"":[{""x"":-0.002136719532502003,""y"":0.03396523281296283,""z"":12,""id"":""d6fea193-379f-4b05-ae12-0b49afef5f82"",""path"":""https://zckngbdtquzqrmrpjhhx.supabase.co/storage/v1/object/public/page_photos/2caf72af-e28f-4cc1-a20f-e8b79a48964b/d6fea193-379f-4b05-ae12-0b49afef5f82.webp"",""type"":""image"",""width"":0.6438467885000376,""height"":0.5225533769224239,""rotation"":0,""placeholder"":""LIIz;Z-5x^.801?HbvW;1lE2wtRj""},{""x"":-0.0034187708145532853,""y"":0.5857030407512357,""z"":11,""id"":""50876479-7012-4ee1-b8cb-9304a8f5f12c"",""path"":""https://zckngbdtquzqrmrpjhhx.supabase.co/storage/v1/object/public/page_photos/2caf72af-e28f-4cc1-a20f-e8b79a48964b/50876479-7012-4ee1-b8cb-9304a8f5f12c.webp"",""type"":""image"",""width"":1.0676867646671213,""height"":0.36989697911792957,""rotation"":0,""placeholder"":""LCKAf].90zx]yBV{ozR5k8nj?aoz""},{""x"":0.2897435506184896,""y"":0.504739336492891,""z"":13,""id"":""c6894d26-4530-4e77-9a78-39542a26b287"",""type"":""text"",""width"":0,""height"":0,""fontSize"":0.013033175355450236,""fontType"":""Calibri"",""rotation"":0,""fontColor"":""#000"",""textContent"":""今天突然去看animate 雜誌x吉卜力展 很豐富ㄟ\n但原本想說發這個會有流量結果蠻普 甚至差 覺得想Q""}],""maxZIndex"":13,""backgroundImage"":{""path"":""bg_04"",""type"":""local""}}"
"7dc87a6d-5c2d-4e82-982e-f71feb612d5f","2025-01-07T16:04:33.512936+00:00","2025-01-08","2025-01-07T16:04:33.512936+00:00",false,"4b381455-be80-45e1-96e9-03ea15450ad8","eecd2083-81ee-4e52-a4cf-fd6687bd002d","{""id"":""7dc87a6d-5c2d-4e82-982e-f71feb612d5f"",""items"":[{""x"":0.008,""y"":0.08066501523473579,""z"":1,""id"":""5ccc9d45-8e17-4e43-a241-12ded91a7218"",""path"":""https://zckngbdtquzqrmrpjhhx.supabase.co/storage/v1/object/public/page_photos/a25e0568-6a10-4582-9562-2c78fc211089/5ccc9d45-8e17-4e43-a241-12ded91a7218.webp"",""type"":""image"",""width"":0.5138472694963788,""height"":0.7112861218151844,""rotation"":0,""placeholder"":""LbL~aS~D^+WB?IRkNGWUt8R+a#oL""},{""x"":0.5142222086588542,""y"":0.1539408866995074,""z"":2,""id"":""6901735a-a880-4df0-9964-7d174eb4614f"",""type"":""text"",""width"":0,""height"":0,""fontSize"":0.014778325123152709,""fontType"":""Calibri"",""rotation"":0,""fontColor"":""#000"",""textContent"":""日本人碩士生太可靠啦*^0^*！\n想改就改 有求必應\n請幫我到考上阿彌陀佛^^""}],""maxZIndex"":2,""backgroundImage"":{""path"":""bg_04"",""type"":""local""}}"
"3d0427b5-bad8-4f3e-9e62-16068074a513","2025-01-08T01:05:49.416348+00:00","2025-01-07","2025-01-08T01:05:49.416348+00:00",false,"4b381455-be80-45e1-96e9-03ea15450ad8","a6300bac-4d56-49f3-9e9e-a3919a9bd8cf","{""id"":""3d0427b5-bad8-4f3e-9e62-16068074a513"",""items"":[{""x"":0.11794869838616787,""y"":0.13171406605797356,""z"":1,""id"":""3a4bf314-7a1d-4dd3-8e57-60eb26fd6bfb"",""path"":""https://zckngbdtquzqrmrpjhhx.supabase.co/storage/v1/object/public/page_photos/9eb4d9fc-8130-4534-a223-1fe15643cc46/3a4bf314-7a1d-4dd3-8e57-60eb26fd6bfb.webp"",""type"":""image"",""width"":0.65431556748677,""height"":0.40313281409137486,""rotation"":0,""placeholder"":""LUGRxFEfrsIV-WEfwJW.4UNb$%S#""},{""x"":0.1183761009803185,""y"":0.5479857910300883,""z"":2,""id"":""eb1cfecf-017c-4fb4-8fa5-5ce85e489f64"",""type"":""text"",""width"":0,""height"":0,""fontSize"":0.013440000640255885,""fontType"":""Calibri"",""rotation"":0,""fontColor"":""#000"",""textContent"":""結果病根本還沒好\n昨天跟今天都狂流鼻水\n今天拖病去好市多突然超想喝草莓優酪乳\n找了一圈發現這個應該是這個smoothie\n回家喝一口 完全就是我想像中的樣子\n好感動 這種瞬間好難得🥹""}],""maxZIndex"":2,""backgroundImage"":{""path"":""bg_04"",""type"":""local""}}"
"aa2cc884-b950-472d-a62a-ef793ff5ea6e","2025-01-08T12:21:00.632105+00:00","2025-01-08","2025-01-08T12:21:00.632105+00:00",false,"4b381455-be80-45e1-96e9-03ea15450ad8","6eea90f5-325a-4ccf-aceb-3471c02914c0","{""id"":""aa2cc884-b950-472d-a62a-ef793ff5ea6e"",""items"":[{""x"":0.20483460559796438,""y"":0.12871675088372037,""z"":1,""id"":""0958acc2-2a4b-4684-a00a-dff8a4c93c39"",""path"":""https://zckngbdtquzqrmrpjhhx.supabase.co/storage/v1/object/public/page_photos/06435e09-bc0a-4026-82a8-f1743489a5c8/0958acc2-2a4b-4684-a00a-dff8a4c93c39.webp"",""type"":""image"",""width"":0.5720113243897355,""height"":0.351800391995565,""rotation"":-1.5178397284758152,""placeholder"":""LWGbhjoe01M|$$WYoeRjnhS4%Lj[""},{""x"":0.11323155216284987,""y"":0.4557902913698008,""z"":2,""id"":""83c2872e-d7cc-4233-bc19-5afeb1d87495"",""type"":""text"",""width"":0,""height"":0,""fontSize"":0.02112676056338028,""fontType"":""Calibri"",""rotation"":0,""fontColor"":""#000"",""textContent"":""年紀大食量也變大了嗎\n現在要吃兩個摩斯漢堡才會飽""}],""maxZIndex"":2,""backgroundImage"":{""path"":""bg_04"",""type"":""local""}}"
"e04ee120-5a56-414f-9b22-f6142a7a14d3","2025-01-09T05:55:41.252496+00:00","2025-01-09","2025-01-09T05:55:41.252496+00:00",false,"4b381455-be80-45e1-96e9-03ea15450ad8","2bdbc127-920a-432e-b1b6-1fa1ed6687a1","{""id"":""e04ee120-5a56-414f-9b22-f6142a7a14d3"",""items"":[{""x"":-0.3027198420630561,""y"":-0.20030373831135573,""z"":1,""id"":""efb34b59-44c6-4441-b90f-1b28f86997ee"",""path"":""https://zckngbdtquzqrmrpjhhx.supabase.co/storage/v1/object/public/page_photos/f7010ecc-27d2-43a4-871e-d7e647d1ee4f/efb34b59-44c6-4441-b90f-1b28f86997ee.webp"",""type"":""image"",""width"":1.3675033862072699,""height"":0.9008256523963716,""rotation"":0,""placeholder"":""L8D,46W[oXRq*6S}xYnO9Wp9nnX9""},{""x"":0.4171638250350952,""y"":0.23371191277813716,""z"":2,""id"":""b3a3c936-720c-4746-8637-a5f72cc36cd4"",""type"":""text"",""width"":0,""height"":0,""fontSize"":0.021614821591948764,""fontType"":""Calibri"",""rotation"":0,""fontColor"":""#FFF"",""textContent"":""香蕉吊在頭上會撞到""}],""maxZIndex"":2,""backgroundImage"":{""path"":""bg_04"",""type"":""local""}}"
"24bbef7d-0c41-4f0b-af01-3d085dbc6c4e","2025-01-08T17:04:23.745991+00:00","2025-01-08","2025-01-08T17:04:40.570628+00:00",false,"4b381455-be80-45e1-96e9-03ea15450ad8","2bdbc127-920a-432e-b1b6-1fa1ed6687a1","{""id"":""24bbef7d-0c41-4f0b-af01-3d085dbc6c4e"",""items"":[{""x"":-0.03802071611086527,""y"":0.10388878825625911,""z"":1,""id"":""42d93768-dd5c-4aab-bae5-f10ca7c97633"",""path"":""https://zckngbdtquzqrmrpjhhx.supabase.co/storage/v1/object/public/page_photos/f7010ecc-27d2-43a4-871e-d7e647d1ee4f/42d93768-dd5c-4aab-bae5-f10ca7c97633.webp"",""type"":""image"",""width"":0.7147343075877697,""height"":0.26483750647122295,""rotation"":-1.5793354885009108,""placeholder"":""L6CiUEDj00}Qa1$z?Ga000Q-~D%~""},{""x"":0.41095241308212277,""y"":0.36824335140147996,""z"":2,""id"":""e6a1a894-70c7-4443-898a-4629d58ce254"",""path"":""https://zckngbdtquzqrmrpjhhx.supabase.co/storage/v1/object/public/page_photos/f7010ecc-27d2-43a4-871e-d7e647d1ee4f/e6a1a894-70c7-4443-898a-4629d58ce254.webp"",""type"":""image"",""width"":0.5348860670077648,""height"":0.3523494677452796,""rotation"":-0.0012908351767639825,""placeholder"":""LJH-c1X--UW?~qo#kWe-$SxboynN""},{""x"":0.08596000141567656,""y"":0.7124409775938991,""z"":3,""id"":""6779703d-29f7-4569-93b0-f2bbec221189"",""type"":""text"",""width"":0,""height"":0,""fontSize"":0.012008234217749313,""fontType"":""Calibri-Bold"",""rotation"":0,""fontColor"":""#000"",""textContent"":""平安抵達新加坡\n十年沒去都不知道竟然要搭四個小時 睡到屁股爛掉\n然後新加坡航空竟然有草莓哈根達斯 我愛死了\n晚上抵達的第一餐跟同事吃飯店旁邊的河粉\n竟然要台幣400\n我是來新加坡出差還是來破產""}],""maxZIndex"":3,""backgroundImage"":{""path"":""bg_04"",""type"":""local""}}"
"b45a869c-a4fd-42f0-b1ca-c57cb142d9db","2025-01-09T14:37:27.163892+00:00","2025-01-09","2025-01-09T14:37:27.163892+00:00",false,"4b381455-be80-45e1-96e9-03ea15450ad8","632e3d17-8713-46e9-ab1b-604bfa3ce11f","{""id"":""b45a869c-a4fd-42f0-b1ca-c57cb142d9db"",""items"":[{""x"":0.5,""y"":0.5,""z"":1,""id"":""c8039701-5165-44e0-a543-673ff726e23a"",""type"":""text"",""width"":0,""height"":0,""fontSize"":0.016587677725118485,""fontType"":""Calibri"",""rotation"":0,""fontColor"":""#000"",""textContent"":""我今天圍爐吃酸菜白肉鍋\n求Netflix 推薦""}],""maxZIndex"":1,""backgroundImage"":{""path"":""bg_04"",""type"":""local""}}"
"80418ad5-c10d-42ee-a962-2abc42bc8b44","2025-01-09T14:08:53.653484+00:00","2025-01-09","2025-01-09T15:34:10.429121+00:00",false,"4b381455-be80-45e1-96e9-03ea15450ad8","eecd2083-81ee-4e52-a4cf-fd6687bd002d","{""id"":""80418ad5-c10d-42ee-a962-2abc42bc8b44"",""items"":[{""x"":0.16400004069010415,""y"":0.30500821644449466,""z"":1,""id"":""48c833bb-d6f8-4dde-b24f-8cd4dc2ff457"",""type"":""text"",""width"":0,""height"":0,""fontSize"":0.017241379310344827,""fontType"":""Calibri-Bold"",""rotation"":0,""fontColor"":""#c1121f"",""textContent"":""晚餐買一顆16塊的水煎包（菜包）\n吃四顆配一碗酸辣湯\n吃到第三顆我就飽到要到天靈蓋\n最後留一顆在冰箱\n當成明天的午餐又有點孤單💧\n我本來還怕自己吃四顆吃不飽\n實在是小看了自己""},{""x"":0.12977779134114584,""y"":0.5114942654013046,""z"":2,""id"":""ff20f8eb-d797-4103-9591-ad82953f95d9"",""type"":""text"",""width"":0,""height"":0,""fontSize"":0.01724447417376036,""fontType"":""Calibri"",""rotation"":0,""fontColor"":""#669bbc"",""textContent"":""剛剛吃飯時間看了木村拓哉演的那個料理劇\n一直看帥哥講話覺得心情很好\n\n然後剛剛吃完飯因為有題目要問就打給日本人\n聲音很好聽我一直覺得是木村拓哉在跟我講話\n腦袋裡面都是木村拓哉的臉\n然後我就聽電話不小心聽到笑出來幹\n被問在笑什麼我就說 沒事 想到木村拓哉\n社死""},{""x"":0.4199999796549479,""y"":0.6637931034482759,""z"":3,""id"":""283d387b-ce61-4e7b-bfc5-0ede81cbc969"",""path"":""https://zckngbdtquzqrmrpjhhx.supabase.co/storage/v1/object/public/page_photos/a25e0568-6a10-4582-9562-2c78fc211089/283d387b-ce61-4e7b-bfc5-0ede81cbc969.webp"",""type"":""image"",""width"":0.4731795873108392,""height"":0.2902374125016365,""rotation"":0,""placeholder"":""LfFrbF%MD*RjRjWCoft60KM{xuof""},{""x"":0.19688887532552082,""y"":0.7947454781367861,""z"":4,""id"":""a8186fae-5aef-4c0c-89b2-39a607c72b6a"",""type"":""text"",""width"":0,""height"":0,""fontSize"":0.01847290640394089,""fontType"":""Calibri"",""rotation"":0,""fontColor"":""#000"",""textContent"":""これです→""},{""x"":0.195111083984375,""y"":0.7512315270935961,""z"":5,""id"":""a8dd02f4-caa5-44da-bb58-dbd9cca6648d"",""type"":""text"",""width"":0,""height"":0,""fontSize"":0.03694581280788178,""fontType"":""Calibri"",""rotation"":0,""fontColor"":""#000"",""textContent"":""Netflix ""},{""x"":0.0395555419921875,""y"":0.8271756853376117,""z"":6,""id"":""44b0da97-05b8-4c4c-b7a0-17c751183288"",""type"":""text"",""width"":0,""height"":0,""fontSize"":0.019704433497536946,""fontType"":""Calibri"",""rotation"":0,""fontColor"":""#000"",""textContent"":""不知道中譯叫什麼\n但英文叫\nGrand Maison Tokyo ""}],""maxZIndex"":6,""backgroundImage"":{""path"":""bg_04"",""type"":""local""}}"
"dd859628-72d5-4bb9-ac27-68eed11682c7","2025-01-10T13:51:32.320963+00:00","2025-01-10","2025-01-10T13:51:32.320963+00:00",false,"4b381455-be80-45e1-96e9-03ea15450ad8","2bdbc127-920a-432e-b1b6-1fa1ed6687a1","{""id"":""dd859628-72d5-4bb9-ac27-68eed11682c7"",""items"":[{""x"":0.3014594104554918,""y"":0.10209009588473669,""z"":1,""id"":""4aded7cc-3e40-4173-9d97-9653e4fec709"",""path"":""https://zckngbdtquzqrmrpjhhx.supabase.co/storage/v1/object/public/page_photos/f7010ecc-27d2-43a4-871e-d7e647d1ee4f/4aded7cc-3e40-4173-9d97-9653e4fec709.webp"",""type"":""image"",""width"":0.44485687482179875,""height"":0.29304386996495435,""rotation"":0,""placeholder"":""LDDI,vxaAAx]_Mf5sqoL0xE1wNM{""},{""x"":0.23241814507378472,""y"":0.40755524377918856,""z"":2,""id"":""2d08665b-7b81-419f-a87e-fe84c8328b59"",""type"":""text"",""width"":0,""height"":0,""fontSize"":0.01801235132662397,""fontType"":""Calibri"",""rotation"":0,""fontColor"":""#000"",""textContent"":""我要死了新加坡室內超冷室外超熱\n今天還下大雨\n結果直接感冒==\n放過我""}],""maxZIndex"":2,""backgroundImage"":{""path"":""bg_04"",""type"":""local""}}"
"c41e57d7-9b9b-48ec-8697-527aea573c35","2025-01-10T05:18:10.612339+00:00","2025-01-09","2025-01-10T19:09:34.506008+00:00",false,"4b381455-be80-45e1-96e9-03ea15450ad8","a6300bac-4d56-49f3-9e9e-a3919a9bd8cf","{""id"":""c41e57d7-9b9b-48ec-8697-527aea573c35"",""items"":[{""x"":0.2239316108899238,""y"":0.20418640787567566,""z"":3,""id"":""08b969bb-b05d-4fa1-a649-421136949e6a"",""path"":""https://zckngbdtquzqrmrpjhhx.supabase.co/storage/v1/object/public/page_photos/9eb4d9fc-8130-4534-a223-1fe15643cc46/08b969bb-b05d-4fa1-a649-421136949e6a.webp"",""type"":""image"",""width"":0.5320974755803342,""height"":0.3278325678930969,""rotation"":-0.019597840022378188,""placeholder"":""LNJHHy#j%fM{~R9wNdW?Fg%0R5s:""},{""x"":0.22991454295622996,""y"":0.546603505645318,""z"":4,""id"":""02b8b174-0a1f-460f-9ae5-36ae69944092"",""type"":""text"",""width"":0,""height"":0,""fontSize"":0.02132701421800948,""fontType"":""Calibri"",""rotation"":0,""fontColor"":""#669bbc"",""textContent"":""依然軟爛的一天\n用麥可混更新\n\n鬍子終於剃了\n只留品客鬍 麥可說因為好笑""},{""x"":0.23717950674203725,""y"":0.7569115173195211,""z"":5,""id"":""3db3bf97-33f2-40fc-96a5-c6a5e0dab997"",""type"":""text"",""width"":0,""height"":0,""fontSize"":0.016574479686855124,""fontType"":""Calibri"",""rotation"":0,""fontColor"":""#000"",""textContent"":""有用鬍子膏（我不知道那個叫什麼…）""}],""maxZIndex"":5,""backgroundImage"":{""path"":""bg_09"",""type"":""local""}}"
"28634d07-ec12-4a1c-8d65-01149b9f49e5","2025-01-10T10:01:32.492141+00:00","2025-01-10","2025-01-10T14:59:45.228659+00:00",false,"4b381455-be80-45e1-96e9-03ea15450ad8","6eea90f5-325a-4ccf-aceb-3471c02914c0","{""id"":""28634d07-ec12-4a1c-8d65-01149b9f49e5"",""items"":[{""x"":0.06191686576862675,""y"":0.13243349281275216,""z"":1,""id"":""ea51b658-358d-4820-9a14-0ce5655dff6b"",""path"":""https://zckngbdtquzqrmrpjhhx.supabase.co/storage/v1/object/public/page_photos/06435e09-bc0a-4026-82a8-f1743489a5c8/ea51b658-358d-4820-9a14-0ce5655dff6b.webp"",""type"":""image"",""width"":0.4567024905460223,""height"":0.4567024905460223,""rotation"":0.0014695654438314776,""placeholder"":""LGSY~nt6t6t8ONbFWBWCoTogWFoe""},{""x"":0.20144191285732746,""y"":0.1909233415630502,""z"":7,""id"":""d76e0f4d-064d-4b2d-b58b-c644dcd86d68"",""type"":""text"",""width"":0,""height"":0,""fontSize"":0.014084507042253521,""fontType"":""Calibri"",""rotation"":0,""fontColor"":""#000"",""textContent"":""送了快一個禮拜的碗跟地墊終於到了：）\n回家開箱不知道碗有沒有破""},{""x"":0.4491093371053983,""y"":0.29068856396025883,""z"":18,""id"":""78947571-f9c0-4257-aee4-c83cdbf9796a"",""path"":""https://zckngbdtquzqrmrpjhhx.supabase.co/storage/v1/object/public/page_photos/06435e09-bc0a-4026-82a8-f1743489a5c8/78947571-f9c0-4257-aee4-c83cdbf9796a.webp"",""type"":""image"",""width"":0.41104267207386974,""height"":0.2528008922144457,""rotation"":-0.6923309995676498,""placeholder"":""L8Gk?z00n3Q-.S^%R4IV8xE-%gRN""},{""x"":0.4537743721299499,""y"":0.6371283105841268,""z"":20,""id"":""903fc905-fd6c-4517-bfd7-5da38a84463c"",""path"":""https://zckngbdtquzqrmrpjhhx.supabase.co/storage/v1/object/public/page_photos/06435e09-bc0a-4026-82a8-f1743489a5c8/903fc905-fd6c-4517-bfd7-5da38a84463c.webp"",""type"":""image"",""width"":0.5068963792486533,""height"":0.17536115937035276,""rotation"":-0.20260124524572765,""placeholder"":""LMIE@F~pIB-ltTRjjqWss9%Mx]t7""},{""x"":0.6662426043406091,""y"":0.579420976235833,""z"":19,""id"":""bdeff6e2-ce80-4b0d-9d22-0f22056fcc9f"",""type"":""text"",""width"":0,""height"":0,""fontSize"":0.011737089201877934,""fontType"":""Calibri"",""rotation"":0,""fontColor"":""#000"",""textContent"":""我的狗碗跟地毯🧚‍♀️\n黑皮""},{""x"":0.03731971721309433,""y"":0.6993349102181446,""z"":17,""id"":""c26c13e9-6929-4a5d-8056-e04212d3d189"",""path"":""https://zckngbdtquzqrmrpjhhx.supabase.co/storage/v1/object/public/page_photos/06435e09-bc0a-4026-82a8-f1743489a5c8/c26c13e9-6929-4a5d-8056-e04212d3d189.webp"",""type"":""image"",""width"":0.3911364625940523,""height"":0.24055810610244535,""rotation"":-0.009589757186966474,""placeholder"":""LOFi75$xV[Ne00Ipt7W;4:I=t6sl""},{""x"":0.048770118305701333,""y"":0.6248043758768431,""z"":16,""id"":""376536c1-5710-48c6-835f-5b630cb0afb0"",""type"":""text"",""width"":0,""height"":0,""fontSize"":0.011737089201877934,""fontType"":""Calibri"",""rotation"":0,""fontColor"":""#000"",""textContent"":""買了這隻要給卡卡當生日禮物\n他最近的錯號是阿猴\n但買回來發現這隻是猩猩\n不好意思 將錯就錯有就不錯""}],""maxZIndex"":20,""backgroundImage"":{""path"":""bg_04"",""type"":""local""}}"
"411beea5-934e-4ff9-9f89-140e74c29369","2025-01-10T10:42:59.846624+00:00","2025-01-10","2025-01-10T17:13:32.577374+00:00",false,"4b381455-be80-45e1-96e9-03ea15450ad8","eecd2083-81ee-4e52-a4cf-fd6687bd002d","{""id"":""411beea5-934e-4ff9-9f89-140e74c29369"",""items"":[{""x"":0.009777791341145833,""y"":0.048850590372320465,""z"":5,""id"":""898c2791-9750-404e-84fe-aaf20016132d"",""path"":""https://zckngbdtquzqrmrpjhhx.supabase.co/storage/v1/object/public/page_photos/a25e0568-6a10-4582-9562-2c78fc211089/898c2791-9750-404e-84fe-aaf20016132d.webp"",""type"":""image"",""width"":0.6469260857839497,""height"":0.531138001464655,""rotation"":0,""placeholder"":""LXKwk4bFozs.4Tt7j?xa_2oIjFt7""},{""x"":0.19688887532552082,""y"":0.4917898131121556,""z"":6,""id"":""243a0255-48bb-4e9e-9e2f-3039081808f0"",""type"":""text"",""width"":0,""height"":0,""fontSize"":0.012315270935960592,""fontType"":""Calibri"",""rotation"":0,""fontColor"":""#000"",""textContent"":""太冷了\n把工作做完之後不小心就看到第8集\n看完的時候講日文有感覺嘴巴比較6\n（錯覺？）\n木村真的好帥死""},{""x"":0.05066670735677083,""y"":0.6418308389597925,""z"":9,""id"":""e56f426c-29e3-49d2-b54a-e3ba4a8b2d05"",""path"":""https://zckngbdtquzqrmrpjhhx.supabase.co/storage/v1/object/public/page_photos/a25e0568-6a10-4582-9562-2c78fc211089/e56f426c-29e3-49d2-b54a-e3ba4a8b2d05.webp"",""type"":""image"",""width"":0.6673611652914957,""height"":0.29423066154477273,""rotation"":0,""placeholder"":""LAQTcNIA?]-;R%ay%2Rj.8xuRQR*""},{""x"":0.3177777506510417,""y"":0.5804597638510718,""z"":10,""id"":""5cebe4c9-a657-4c7a-ae1d-7fb4f58165ea"",""type"":""text"",""width"":0,""height"":0,""fontSize"":0.01847290640394089,""fontType"":""Calibri-Bold"",""rotation"":0,""fontColor"":""#000"",""textContent"":""要再改一個新的版本出來\n還好我還沒寫上去！\n謝謝偷哭爸爸😭\n發現年紀越大的人給的建議越實在""},{""x"":0.4048888753255208,""y"":0.42077176324252424,""z"":11,""id"":""5637e540-b8d3-4764-9ada-7444c1ef6e4d"",""type"":""text"",""width"":0,""height"":0,""fontSize"":0.012315270935960592,""fontType"":""Calibri-Bold"",""rotation"":0,""fontColor"":""#c1121f"",""textContent"":""抱歉 今天看完了\n很久沒看日劇 停不下來\n感覺日文能力有提升⬆️（気のせい\n完全不覺得兩天看了11集⋯好可怕\n看到第八集的時候我本來以為我還在第四集""}],""maxZIndex"":11,""backgroundImage"":{""path"":""bg_04"",""type"":""local""}}"
"ccf38be6-c1f1-4a6d-837a-7d34e68ca87c","2025-01-11T05:24:53.573321+00:00","2025-01-10","2025-01-11T05:24:59.710844+00:00",false,"4b381455-be80-45e1-96e9-03ea15450ad8","a6300bac-4d56-49f3-9e9e-a3919a9bd8cf","{""id"":""ccf38be6-c1f1-4a6d-837a-7d34e68ca87c"",""items"":[{""x"":0.16538461538461538,""y"":0.39356238921106707,""z"":1,""id"":""e3ba9c3a-b310-41cc-ac88-570942627be2"",""path"":""https://zckngbdtquzqrmrpjhhx.supabase.co/storage/v1/object/public/page_photos/9eb4d9fc-8130-4534-a223-1fe15643cc46/e3ba9c3a-b310-41cc-ac88-570942627be2.webp"",""type"":""image"",""width"":0.6451158752480681,""height"":0.397464757261843,""rotation"":-1.5262498427066005,""placeholder"":""LKEyJCay0Pxuwc%2tSozS6of%0Rk""},{""x"":0.14102568015074118,""y"":0.3388625411625722,""z"":2,""id"":""7d63fd3c-d69c-4548-84bc-705179908971"",""type"":""text"",""width"":0,""height"":0,""fontSize"":0.02014218009478673,""fontType"":""Calibri-Bold"",""rotation"":0,""fontColor"":""#FFC300"",""textContent"":""今日晚餐\n病終於感覺好得差不多了\n緩慢提起做事的動力🥹""}],""maxZIndex"":2,""backgroundImage"":{""path"":""bg_01"",""type"":""local""}}"
"44b98ecc-bc40-4dff-8507-d9315a445af1","2025-01-12T02:54:19.241931+00:00","2025-01-11","2025-01-12T02:54:19.241931+00:00",false,"4b381455-be80-45e1-96e9-03ea15450ad8","a6300bac-4d56-49f3-9e9e-a3919a9bd8cf","{""id"":""44b98ecc-bc40-4dff-8507-d9315a445af1"",""items"":[{""x"":0.14444437271509414,""y"":0.26540284360189575,""z"":8,""id"":""44edb81c-9d52-429f-b8e8-35b89d5c3f4f"",""path"":""https://zckngbdtquzqrmrpjhhx.supabase.co/storage/v1/object/public/page_photos/9eb4d9fc-8130-4534-a223-1fe15643cc46/44edb81c-9d52-429f-b8e8-35b89d5c3f4f.webp"",""type"":""image"",""width"":0.6624633317329621,""height"":0.4081527636269435,""rotation"":0,""placeholder"":""LEJt;s?aK6xv4m_3M{IBF8?b-BoJ""},{""x"":0.6811965551131811,""y"":0.2764612713131294,""z"":9,""id"":""59eda214-a48f-4b99-a84b-c0e2c30001c4"",""type"":""text"",""width"":0,""height"":0,""fontSize"":0.022511848341232227,""fontType"":""Calibri"",""rotation"":0,""fontColor"":""#FFC300"",""textContent"":""早餐""},{""x"":0.14444447052784457,""y"":0.6816745595344434,""z"":10,""id"":""063b8578-041a-4f31-9a88-3549af2c85ba"",""type"":""text"",""width"":0,""height"":0,""fontSize"":0.02014218009478673,""fontType"":""Calibri"",""rotation"":0,""fontColor"":""#000"",""textContent"":""近期日記app會更新\n敬請期待""}],""maxZIndex"":10,""backgroundImage"":{""path"":""bg_05"",""type"":""local""}}"
"be5d53da-6deb-42f7-b9f6-747600424b37","2025-01-11T06:45:49.282944+00:00","2025-01-11","2025-01-11T06:48:22.431319+00:00",false,"4b381455-be80-45e1-96e9-03ea15450ad8","2bdbc127-920a-432e-b1b6-1fa1ed6687a1","{""id"":""be5d53da-6deb-42f7-b9f6-747600424b37"",""items"":[{""x"":0.4279613971710205,""y"":0.0711456018091884,""z"":8,""id"":""fa783ad3-46ad-4967-964b-3c98407d252e"",""path"":""https://zckngbdtquzqrmrpjhhx.supabase.co/storage/v1/object/public/page_photos/f7010ecc-27d2-43a4-871e-d7e647d1ee4f/fa783ad3-46ad-4967-964b-3c98407d252e.webp"",""type"":""image"",""width"":0.49501910645929414,""height"":0.32608760901252676,""rotation"":0.012052215855294257,""placeholder"":""LBLp~%_Mxv-:00%gRQ-;KjMeInMx""},{""x"":0.07976433965894912,""y"":0.30953949668051883,""z"":10,""id"":""cf67cf35-761d-4404-9b6f-e53e9c022cd2"",""type"":""text"",""width"":0,""height"":0,""fontSize"":0.012008234217749313,""fontType"":""Calibri"",""rotation"":0,""fontColor"":""#000"",""textContent"":""同事人真的很好一早給我飲料說請我喝\n但我想他們八成忘記我跟他們說我有點感冒\n飲料是冰到不行謝謝""},{""x"":0.5762020574675666,""y"":0.3648643779405627,""z"":9,""id"":""3c3440f0-6e96-4be0-bb1d-4ab29350ec64"",""type"":""text"",""width"":0,""height"":0,""fontSize"":0.015610704483074106,""fontType"":""Calibri-Light"",""rotation"":0,""fontColor"":""#000"",""textContent"":""水珠滴到桌子都淹水了""},{""x"":0.08100224071078832,""y"":0.3829088359389519,""z"":11,""id"":""59c89373-a8c0-4e23-82c5-d9bb6c86415f"",""type"":""text"",""width"":0,""height"":0,""fontSize"":0.012008234217749313,""fontType"":""Calibri"",""rotation"":0,""fontColor"":""#000"",""textContent"":""不過我昨天有喝休息室的感冒熱飲\n晚上還爆睡九小時\n今天症狀幾乎只有一點點\n只有支氣管有點痛""}],""maxZIndex"":11,""backgroundImage"":{""path"":""bg_04"",""type"":""local""}}"
"3f5789eb-f092-40e5-914a-59a6a5331ec0","2025-01-11T16:35:32.306394+00:00","2025-01-11","2025-01-11T16:35:32.306394+00:00",false,"4b381455-be80-45e1-96e9-03ea15450ad8","eecd2083-81ee-4e52-a4cf-fd6687bd002d","{""id"":""3f5789eb-f092-40e5-914a-59a6a5331ec0"",""items"":[{""x"":0.080000020345052,""y"":0.3144498928427109,""z"":13,""id"":""8eb91ae9-ef3d-4282-af22-035df2cc9532"",""path"":""https://zckngbdtquzqrmrpjhhx.supabase.co/storage/v1/object/public/page_photos/a25e0568-6a10-4582-9562-2c78fc211089/8eb91ae9-ef3d-4282-af22-035df2cc9532.webp"",""type"":""image"",""width"":0.8219872335613473,""height"":0.37961233077032663,""rotation"":-0.008252557348171097,""placeholder"":""LcK^+?i^xat6_NaeofkCtSj[R+Wq""},{""x"":0.062222188313802086,""y"":0.6122742075050993,""z"":16,""id"":""1f18b836-e92c-4707-b3fc-d33da147c10c"",""path"":""https://zckngbdtquzqrmrpjhhx.supabase.co/storage/v1/object/public/page_photos/a25e0568-6a10-4582-9562-2c78fc211089/1f18b836-e92c-4707-b3fc-d33da147c10c.webp"",""type"":""image"",""width"":0.760643491895086,""height"":0.3512824008136173,""rotation"":0,""placeholder"":""LFIERw^*0Moz-=~VIUoM9G%3xbD%""},{""x"":0.10222220865885416,""y"":0.09913795922190098,""z"":14,""id"":""7aa083e2-6734-421d-b37b-37c0a1419db6"",""path"":""https://zckngbdtquzqrmrpjhhx.supabase.co/storage/v1/object/public/page_photos/a25e0568-6a10-4582-9562-2c78fc211089/7aa083e2-6734-421d-b37b-37c0a1419db6.webp"",""type"":""image"",""width"":0.736486055094601,""height"":0.34012594908925536,""rotation"":0,""placeholder"":""LTKwqT0Jp0axDh-;-:t7-;?bIURj""},{""x"":0.24222220865885416,""y"":0.5209359417995209,""z"":15,""id"":""14d1db55-66fd-4824-ba93-23b867cde19a"",""type"":""text"",""width"":0,""height"":0,""fontSize"":0.01847290640394089,""fontType"":""Calibri"",""rotation"":0,""fontColor"":""#FFF"",""textContent"":""因為只有這一張（學校寄來的）\n我寫了一個小時 怕寫錯\n明明連寫卡片都沒描過鉛筆😭手快抽筋""},{""x"":0.1435555419921875,""y"":0.23932675892496344,""z"":17,""id"":""65b3df21-3b67-49d8-a1f9-93bccda9c875"",""type"":""text"",""width"":0,""height"":0,""fontSize"":0.019704433497536946,""fontType"":""Calibri"",""rotation"":0,""fontColor"":""#FFF"",""textContent"":""狗狗很會找位子睡覺""},{""x"":0.604888916015625,""y"":0.6531198623732393,""z"":18,""id"":""a82487d6-03fd-4833-a251-57edc4b50569"",""type"":""text"",""width"":0,""height"":0,""fontSize"":0.02586206896551724,""fontType"":""Calibri"",""rotation"":0,""fontColor"":""#FFF"",""textContent"":""晚餐""}],""maxZIndex"":18,""backgroundImage"":{""path"":""bg_04"",""type"":""local""}}"
"7a472e7f-c65a-49c0-bbee-ee0bd4c6efa9","2025-01-12T01:25:07.695657+00:00","2025-01-12","2025-01-12T01:25:07.695657+00:00",false,"4b381455-be80-45e1-96e9-03ea15450ad8","eecd2083-81ee-4e52-a4cf-fd6687bd002d","{""id"":""7a472e7f-c65a-49c0-bbee-ee0bd4c6efa9"",""items"":[{""x"":0.110666748046875,""y"":0.123973733685874,""z"":3,""id"":""47a8275d-6539-49a5-b531-d2f4dd605ea8"",""type"":""text"",""width"":0,""height"":0,""fontSize"":0.01600985221674877,""fontType"":""Calibri"",""rotation"":0,""fontColor"":""#000"",""textContent"":""鶴文朋友來家裡玩（女）\n通常都會被我收編為朋友\n所以常常會跟我一起睡\n但昨天的朋友人很好不過我知道她會打呼\n鶴文還是要她跟我睡😍\n她被推來推去我也覺得很不好意思\n按著頭皮還是讓她跟我一起睡了\n結果就是因為我對打呼完全沒辦法\n沒辦法到我是支持夫妻分房睡派\n結果我昨天上幾乎睡不太著""},{""x"":0.08933329264322917,""y"":0.32348112284843555,""z"":4,""id"":""96093109-6319-41fe-b5d8-5182b418ced0"",""type"":""text"",""width"":0,""height"":0,""fontSize"":0.014778325123152709,""fontType"":""Calibri"",""rotation"":0,""fontColor"":""#000"",""textContent"":""雖說睡不太著但昨天難得夢到王敬予\n他跟我說他其實是假死\n已經不知道是第幾次我跟他說人沒事就好\n從來沒對他生氣過\n又是短暫幸福的一個晚上""}],""maxZIndex"":4,""backgroundImage"":{""path"":""bg_04"",""type"":""local""}}"